role,radar,year,k,rows
test_spatial,KATX,2013,1,2279
test_spatial,KATX,2013,2,4140
test_spatial,KATX,2013,3,5667
test_spatial,KATX,2013,4,6960
test_spatial,KATX,2013,5,8100
test_spatial,KATX,2014,1,2226
test_spatial,KATX,2014,2,4044
test_spatial,KATX,2014,3,5505
test_spatial,KATX,2014,4,6792
test_spatial,KATX,2014,5,7970
test_spatial,KATX,2015,1,2475
test_spatial,KATX,2015,2,4488
test_spatial,KATX,2015,3,6162
test_spatial,KATX,2015,4,7592
test_spatial,KATX,2015,5,8855
test_spatial,KATX,2016,1,2765
test_spatial,KATX,2016,2,5062
test_spatial,KATX,2016,3,6978
test_spatial,KATX,2016,4,8668
test_spatial,KATX,2016,5,10200
test_spatial,KATX,2017,1,1843
test_spatial,KATX,2017,2,3332
test_spatial,KATX,2017,3,4527
test_spatial,KATX,2017,4,5600
test_spatial,KATX,2017,5,6525
test_spatial,KATX,2018,1,1952
test_spatial,KATX,2018,2,3544
test_spatial,KATX,2018,3,4842
test_spatial,KATX,2018,4,5980
test_spatial,KATX,2018,5,6990
test_spatial,KATX,2019,1,1553
test_spatial,KATX,2019,2,2814
test_spatial,KATX,2019,3,3852
test_spatial,KATX,2019,4,4696
test_spatial,KATX,2019,5,5415
test_spatial,KATX,2020,1,2562
test_spatial,KATX,2020,2,4684
test_spatial,KATX,2020,3,6456
test_spatial,KATX,2020,4,7988
test_spatial,KATX,2020,5,9310
test_spatial,KATX,2021,1,2112
test_spatial,KATX,2021,2,3874
test_spatial,KATX,2021,3,5343
test_spatial,KATX,2021,4,6536
test_spatial,KATX,2021,5,7505
test_spatial,KATX,2022,1,2113
test_spatial,KATX,2022,2,3724
test_spatial,KATX,2022,3,4869
test_spatial,KATX,2022,4,5692
test_spatial,KATX,2022,5,6385
test_spatial,KATX,2023,1,2027
test_spatial,KATX,2023,2,3692
test_spatial,KATX,2023,3,5016
test_spatial,KATX,2023,4,6060
test_spatial,KATX,2023,5,6980
test_spatial,KATX,2024,1,2299
test_spatial,KATX,2024,2,4254
test_spatial,KATX,2024,3,5877
test_spatial,KATX,2024,4,7216
test_spatial,KATX,2024,5,8335
test_spatial,KBLX,2013,1,667
test_spatial,KBLX,2013,2,1044
test_spatial,KBLX,2013,3,1218
test_spatial,KBLX,2013,4,1220
test_spatial,KBLX,2013,5,1170
test_spatial,KBLX,2014,1,782
test_spatial,KBLX,2014,2,1276
test_spatial,KBLX,2014,3,1548
test_spatial,KBLX,2014,4,1688
test_spatial,KBLX,2014,5,1730
test_spatial,KBLX,2015,1,752
test_spatial,KBLX,2015,2,1210
test_spatial,KBLX,2015,3,1458
test_spatial,KBLX,2015,4,1608
test_spatial,KBLX,2015,5,1650
test_spatial,KBLX,2016,1,666
test_spatial,KBLX,2016,2,1052
test_spatial,KBLX,2016,3,1275
test_spatial,KBLX,2016,4,1408
test_spatial,KBLX,2016,5,1435
test_spatial,KBLX,2017,1,499
test_spatial,KBLX,2017,2,738
test_spatial,KBLX,2017,3,846
test_spatial,KBLX,2017,4,904
test_spatial,KBLX,2017,5,890
test_spatial,KBLX,2018,1,638
test_spatial,KBLX,2018,2,956
test_spatial,KBLX,2018,3,1113
test_spatial,KBLX,2018,4,1180
test_spatial,KBLX,2018,5,1125
test_spatial,KBLX,2019,1,593
test_spatial,KBLX,2019,2,970
test_spatial,KBLX,2019,3,1227
test_spatial,KBLX,2019,4,1364
test_spatial,KBLX,2019,5,1410
test_spatial,KBLX,2020,1,706
test_spatial,KBLX,2020,2,1108
test_spatial,KBLX,2020,3,1305
test_spatial,KBLX,2020,4,1352
test_spatial,KBLX,2020,5,1335
test_spatial,KBLX,2021,1,548
test_spatial,KBLX,2021,2,838
test_spatial,KBLX,2021,3,912
test_spatial,KBLX,2021,4,860
test_spatial,KBLX,2021,5,745
test_spatial,KBLX,2022,1,524
test_spatial,KBLX,2022,2,870
test_spatial,KBLX,2022,3,1077
test_spatial,KBLX,2022,4,1168
test_spatial,KBLX,2022,5,1195
test_spatial,KBLX,2023,1,625
test_spatial,KBLX,2023,2,984
test_spatial,KBLX,2023,3,1110
test_spatial,KBLX,2023,4,1064
test_spatial,KBLX,2023,5,930
test_spatial,KBLX,2024,1,562
test_spatial,KBLX,2024,2,890
test_spatial,KBLX,2024,3,1029
test_spatial,KBLX,2024,4,1036
test_spatial,KBLX,2024,5,965
test_spatial,KBMX,2013,1,3422
test_spatial,KBMX,2013,2,5944
test_spatial,KBMX,2013,3,7869
test_spatial,KBMX,2013,4,9340
test_spatial,KBMX,2013,5,10470
test_spatial,KBMX,2014,1,3428
test_spatial,KBMX,2014,2,5840
test_spatial,KBMX,2014,3,7563
test_spatial,KBMX,2014,4,8736
test_spatial,KBMX,2014,5,9470
test_spatial,KBMX,2015,1,3354
test_spatial,KBMX,2015,2,5868
test_spatial,KBMX,2015,3,7851
test_spatial,KBMX,2015,4,9376
test_spatial,KBMX,2015,5,10460
test_spatial,KBMX,2016,1,3267
test_spatial,KBMX,2016,2,5630
test_spatial,KBMX,2016,3,7338
test_spatial,KBMX,2016,4,8532
test_spatial,KBMX,2016,5,9435
test_spatial,KBMX,2017,1,3516
test_spatial,KBMX,2017,2,6092
test_spatial,KBMX,2017,3,8049
test_spatial,KBMX,2017,4,9600
test_spatial,KBMX,2017,5,10830
test_spatial,KBMX,2018,1,3437
test_spatial,KBMX,2018,2,5792
test_spatial,KBMX,2018,3,7452
test_spatial,KBMX,2018,4,8596
test_spatial,KBMX,2018,5,9440
test_spatial,KBMX,2019,1,3644
test_spatial,KBMX,2019,2,6206
test_spatial,KBMX,2019,3,7953
test_spatial,KBMX,2019,4,9104
test_spatial,KBMX,2019,5,9875
test_spatial,KBMX,2020,1,3646
test_spatial,KBMX,2020,2,6180
test_spatial,KBMX,2020,3,7941
test_spatial,KBMX,2020,4,9124
test_spatial,KBMX,2020,5,9845
test_spatial,KBMX,2021,1,3538
test_spatial,KBMX,2021,2,5852
test_spatial,KBMX,2021,3,7263
test_spatial,KBMX,2021,4,8216
test_spatial,KBMX,2021,5,8975
test_spatial,KBMX,2022,1,3569
test_spatial,KBMX,2022,2,6412
test_spatial,KBMX,2022,3,8673
test_spatial,KBMX,2022,4,10388
test_spatial,KBMX,2022,5,11655
test_spatial,KBMX,2023,1,3640
test_spatial,KBMX,2023,2,6332
test_spatial,KBMX,2023,3,8307
test_spatial,KBMX,2023,4,9792
test_spatial,KBMX,2023,5,10835
test_spatial,KBMX,2024,1,3783
test_spatial,KBMX,2024,2,6892
test_spatial,KBMX,2024,3,9402
test_spatial,KBMX,2024,4,11272
test_spatial,KBMX,2024,5,12295
test_spatial,KBRO,2013,1,3118
test_spatial,KBRO,2013,2,5428
test_spatial,KBRO,2013,3,7431
test_spatial,KBRO,2013,4,9300
test_spatial,KBRO,2013,5,10980
test_spatial,KBRO,2014,1,3308
test_spatial,KBRO,2014,2,5758
test_spatial,KBRO,2014,3,7938
test_spatial,KBRO,2014,4,9944
test_spatial,KBRO,2014,5,11765
test_spatial,KBRO,2015,1,3344
test_spatial,KBRO,2015,2,5836
test_spatial,KBRO,2015,3,7989
test_spatial,KBRO,2015,4,9980
test_spatial,KBRO,2015,5,11820
test_spatial,KBRO,2016,1,3466
test_spatial,KBRO,2016,2,6192
test_spatial,KBRO,2016,3,8649
test_spatial,KBRO,2016,4,10892
test_spatial,KBRO,2016,5,12915
test_spatial,KBRO,2017,1,3249
test_spatial,KBRO,2017,2,5674
test_spatial,KBRO,2017,3,7839
test_spatial,KBRO,2017,4,9808
test_spatial,KBRO,2017,5,11675
test_spatial,KBRO,2018,1,3132
test_spatial,KBRO,2018,2,5306
test_spatial,KBRO,2018,3,7065
test_spatial,KBRO,2018,4,8664
test_spatial,KBRO,2018,5,10220
test_spatial,KBRO,2019,1,3164
test_spatial,KBRO,2019,2,5350
test_spatial,KBRO,2019,3,7197
test_spatial,KBRO,2019,4,8900
test_spatial,KBRO,2019,5,10345
test_spatial,KBRO,2020,1,3795
test_spatial,KBRO,2020,2,6692
test_spatial,KBRO,2020,3,9261
test_spatial,KBRO,2020,4,11544
test_spatial,KBRO,2020,5,13655
test_spatial,KBRO,2021,1,3524
test_spatial,KBRO,2021,2,6170
test_spatial,KBRO,2021,3,8541
test_spatial,KBRO,2021,4,10692
test_spatial,KBRO,2021,5,12665
test_spatial,KBRO,2022,1,3580
test_spatial,KBRO,2022,2,6296
test_spatial,KBRO,2022,3,8640
test_spatial,KBRO,2022,4,10744
test_spatial,KBRO,2022,5,12715
test_spatial,KBRO,2023,1,3681
test_spatial,KBRO,2023,2,6722
test_spatial,KBRO,2023,3,9501
test_spatial,KBRO,2023,4,12088
test_spatial,KBRO,2023,5,14485
test_spatial,KBRO,2024,1,4228
test_spatial,KBRO,2024,2,7624
test_spatial,KBRO,2024,3,10650
test_spatial,KBRO,2024,4,13348
test_spatial,KBRO,2024,5,15745
test_spatial,KDOX,2013,1,1847
test_spatial,KDOX,2013,2,3010
test_spatial,KDOX,2013,3,3765
test_spatial,KDOX,2013,4,4332
test_spatial,KDOX,2013,5,4650
test_spatial,KDOX,2014,1,2120
test_spatial,KDOX,2014,2,3302
test_spatial,KDOX,2014,3,4101
test_spatial,KDOX,2014,4,4588
test_spatial,KDOX,2014,5,4915
test_spatial,KDOX,2015,1,2060
test_spatial,KDOX,2015,2,3258
test_spatial,KDOX,2015,3,3951
test_spatial,KDOX,2015,4,4348
test_spatial,KDOX,2015,5,4600
test_spatial,KDOX,2016,1,1863
test_spatial,KDOX,2016,2,2998
test_spatial,KDOX,2016,3,3672
test_spatial,KDOX,2016,4,4012
test_spatial,KDOX,2016,5,4270
test_spatial,KDOX,2017,1,2157
test_spatial,KDOX,2017,2,3498
test_spatial,KDOX,2017,3,4293
test_spatial,KDOX,2017,4,4828
test_spatial,KDOX,2017,5,5140
test_spatial,KDOX,2018,1,1625
test_spatial,KDOX,2018,2,2538
test_spatial,KDOX,2018,3,2997
test_spatial,KDOX,2018,4,3152
test_spatial,KDOX,2018,5,3215
test_spatial,KDOX,2019,1,2164
test_spatial,KDOX,2019,2,3334
test_spatial,KDOX,2019,3,3996
test_spatial,KDOX,2019,4,4324
test_spatial,KDOX,2019,5,4490
test_spatial,KDOX,2020,1,1914
test_spatial,KDOX,2020,2,3070
test_spatial,KDOX,2020,3,3771
test_spatial,KDOX,2020,4,4184
test_spatial,KDOX,2020,5,4460
test_spatial,KDOX,2021,1,2435
test_spatial,KDOX,2021,2,3880
test_spatial,KDOX,2021,3,4779
test_spatial,KDOX,2021,4,5340
test_spatial,KDOX,2021,5,5800
test_spatial,KDOX,2022,1,2133
test_spatial,KDOX,2022,2,3526
test_spatial,KDOX,2022,3,4440
test_spatial,KDOX,2022,4,5020
test_spatial,KDOX,2022,5,5465
test_spatial,KDOX,2023,1,2494
test_spatial,KDOX,2023,2,4102
test_spatial,KDOX,2023,3,5037
test_spatial,KDOX,2023,4,5580
test_spatial,KDOX,2023,5,6010
test_spatial,KDOX,2024,1,2146
test_spatial,KDOX,2024,2,3474
test_spatial,KDOX,2024,3,4152
test_spatial,KDOX,2024,4,4432
test_spatial,KDOX,2024,5,4575
test_spatial,KEAX,2013,1,3068
test_spatial,KEAX,2013,2,5322
test_spatial,KEAX,2013,3,7059
test_spatial,KEAX,2013,4,8428
test_spatial,KEAX,2013,5,9485
test_spatial,KEAX,2014,1,3349
test_spatial,KEAX,2014,2,5650
test_spatial,KEAX,2014,3,7308
test_spatial,KEAX,2014,4,8584
test_spatial,KEAX,2014,5,9605
test_spatial,KEAX,2015,1,3399
test_spatial,KEAX,2015,2,5714
test_spatial,KEAX,2015,3,7536
test_spatial,KEAX,2015,4,9032
test_spatial,KEAX,2015,5,10240
test_spatial,KEAX,2016,1,3034
test_spatial,KEAX,2016,2,5000
test_spatial,KEAX,2016,3,6429
test_spatial,KEAX,2016,4,7520
test_spatial,KEAX,2016,5,8325
test_spatial,KEAX,2017,1,2956
test_spatial,KEAX,2017,2,4994
test_spatial,KEAX,2017,3,6561
test_spatial,KEAX,2017,4,7772
test_spatial,KEAX,2017,5,8720
test_spatial,KEAX,2018,1,3096
test_spatial,KEAX,2018,2,5334
test_spatial,KEAX,2018,3,7053
test_spatial,KEAX,2018,4,8348
test_spatial,KEAX,2018,5,9285
test_spatial,KEAX,2019,1,3039
test_spatial,KEAX,2019,2,5082
test_spatial,KEAX,2019,3,6498
test_spatial,KEAX,2019,4,7424
test_spatial,KEAX,2019,5,8085
test_spatial,KEAX,2020,1,2912
test_spatial,KEAX,2020,2,4900
test_spatial,KEAX,2020,3,6375
test_spatial,KEAX,2020,4,7480
test_spatial,KEAX,2020,5,8375
test_spatial,KEAX,2021,1,2666
test_spatial,KEAX,2021,2,4284
test_spatial,KEAX,2021,3,5376
test_spatial,KEAX,2021,4,6204
test_spatial,KEAX,2021,5,6905
test_spatial,KEAX,2022,1,2573
test_spatial,KEAX,2022,2,4560
test_spatial,KEAX,2022,3,6144
test_spatial,KEAX,2022,4,7480
test_spatial,KEAX,2022,5,8545
test_spatial,KEAX,2023,1,3191
test_spatial,KEAX,2023,2,5724
test_spatial,KEAX,2023,3,7680
test_spatial,KEAX,2023,4,9196
test_spatial,KEAX,2023,5,10360
test_spatial,KEAX,2024,1,2927
test_spatial,KEAX,2024,2,5086
test_spatial,KEAX,2024,3,6705
test_spatial,KEAX,2024,4,7892
test_spatial,KEAX,2024,5,8680
test_spatial,KEMX,2013,1,1771
test_spatial,KEMX,2013,2,2868
test_spatial,KEMX,2013,3,3399
test_spatial,KEMX,2013,4,3452
test_spatial,KEMX,2013,5,3085
test_spatial,KEMX,2014,1,2195
test_spatial,KEMX,2014,2,3732
test_spatial,KEMX,2014,3,4659
test_spatial,KEMX,2014,4,5088
test_spatial,KEMX,2014,5,5045
test_spatial,KEMX,2015,1,2166
test_spatial,KEMX,2015,2,3752
test_spatial,KEMX,2015,3,4857
test_spatial,KEMX,2015,4,5468
test_spatial,KEMX,2015,5,5550
test_spatial,KEMX,2016,1,1832
test_spatial,KEMX,2016,2,3174
test_spatial,KEMX,2016,3,4062
test_spatial,KEMX,2016,4,4612
test_spatial,KEMX,2016,5,4835
test_spatial,KEMX,2017,1,2226
test_spatial,KEMX,2017,2,3874
test_spatial,KEMX,2017,3,4956
test_spatial,KEMX,2017,4,5508
test_spatial,KEMX,2017,5,5580
test_spatial,KEMX,2018,1,1913
test_spatial,KEMX,2018,2,3364
test_spatial,KEMX,2018,3,4368
test_spatial,KEMX,2018,4,5012
test_spatial,KEMX,2018,5,5305
test_spatial,KEMX,2019,1,2277
test_spatial,KEMX,2019,2,3962
test_spatial,KEMX,2019,3,5211
test_spatial,KEMX,2019,4,6016
test_spatial,KEMX,2019,5,6515
test_spatial,KEMX,2020,1,1669
test_spatial,KEMX,2020,2,2720
test_spatial,KEMX,2020,3,3342
test_spatial,KEMX,2020,4,3488
test_spatial,KEMX,2020,5,3385
test_spatial,KEMX,2021,1,1790
test_spatial,KEMX,2021,2,3024
test_spatial,KEMX,2021,3,3729
test_spatial,KEMX,2021,4,4028
test_spatial,KEMX,2021,5,3905
test_spatial,KEMX,2022,1,2083
test_spatial,KEMX,2022,2,3564
test_spatial,KEMX,2022,3,4458
test_spatial,KEMX,2022,4,4788
test_spatial,KEMX,2022,5,4625
test_spatial,KEMX,2023,1,2029
test_spatial,KEMX,2023,2,3318
test_spatial,KEMX,2023,3,3948
test_spatial,KEMX,2023,4,4052
test_spatial,KEMX,2023,5,3835
test_spatial,KEMX,2024,1,2270
test_spatial,KEMX,2024,2,3972
test_spatial,KEMX,2024,3,5133
test_spatial,KEMX,2024,4,5740
test_spatial,KEMX,2024,5,5935
test_spatial,KEPZ,2013,1,3095
test_spatial,KEPZ,2013,2,5202
test_spatial,KEPZ,2013,3,6528
test_spatial,KEPZ,2013,4,7168
test_spatial,KEPZ,2013,5,7345
test_spatial,KEPZ,2014,1,3348
test_spatial,KEPZ,2014,2,5594
test_spatial,KEPZ,2014,3,7044
test_spatial,KEPZ,2014,4,7904
test_spatial,KEPZ,2014,5,8325
test_spatial,KEPZ,2015,1,3854
test_spatial,KEPZ,2015,2,6684
test_spatial,KEPZ,2015,3,8754
test_spatial,KEPZ,2015,4,10200
test_spatial,KEPZ,2015,5,11100
test_spatial,KEPZ,2016,1,2725
test_spatial,KEPZ,2016,2,4460
test_spatial,KEPZ,2016,3,5520
test_spatial,KEPZ,2016,4,6048
test_spatial,KEPZ,2016,5,6330
test_spatial,KEPZ,2017,1,3405
test_spatial,KEPZ,2017,2,5824
test_spatial,KEPZ,2017,3,7587
test_spatial,KEPZ,2017,4,8820
test_spatial,KEPZ,2017,5,9605
test_spatial,KEPZ,2018,1,2844
test_spatial,KEPZ,2018,2,4704
test_spatial,KEPZ,2018,3,6042
test_spatial,KEPZ,2018,4,7000
test_spatial,KEPZ,2018,5,7585
test_spatial,KEPZ,2019,1,3320
test_spatial,KEPZ,2019,2,5684
test_spatial,KEPZ,2019,3,7218
test_spatial,KEPZ,2019,4,8236
test_spatial,KEPZ,2019,5,8790
test_spatial,KEPZ,2020,1,2794
test_spatial,KEPZ,2020,2,4440
test_spatial,KEPZ,2020,3,5538
test_spatial,KEPZ,2020,4,6408
test_spatial,KEPZ,2020,5,7030
test_spatial,KEPZ,2021,1,2974
test_spatial,KEPZ,2021,2,5118
test_spatial,KEPZ,2021,3,6588
test_spatial,KEPZ,2021,4,7496
test_spatial,KEPZ,2021,5,7945
test_spatial,KEPZ,2022,1,2759
test_spatial,KEPZ,2022,2,4662
test_spatial,KEPZ,2022,3,5922
test_spatial,KEPZ,2022,4,6616
test_spatial,KEPZ,2022,5,6960
test_spatial,KEPZ,2023,1,3175
test_spatial,KEPZ,2023,2,5522
test_spatial,KEPZ,2023,3,7140
test_spatial,KEPZ,2023,4,8108
test_spatial,KEPZ,2023,5,8490
test_spatial,KEPZ,2024,1,2815
test_spatial,KEPZ,2024,2,4836
test_spatial,KEPZ,2024,3,6150
test_spatial,KEPZ,2024,4,6816
test_spatial,KEPZ,2024,5,7020
test_spatial,KFFC,2013,1,3502
test_spatial,KFFC,2013,2,6068
test_spatial,KFFC,2013,3,8034
test_spatial,KFFC,2013,4,9704
test_spatial,KFFC,2013,5,10930
test_spatial,KFFC,2014,1,3598
test_spatial,KFFC,2014,2,6292
test_spatial,KFFC,2014,3,8325
test_spatial,KFFC,2014,4,9788
test_spatial,KFFC,2014,5,10610
test_spatial,KFFC,2015,1,3660
test_spatial,KFFC,2015,2,6410
test_spatial,KFFC,2015,3,8586
test_spatial,KFFC,2015,4,10284
test_spatial,KFFC,2015,5,11605
test_spatial,KFFC,2016,1,3770
test_spatial,KFFC,2016,2,6510
test_spatial,KFFC,2016,3,8694
test_spatial,KFFC,2016,4,10552
test_spatial,KFFC,2016,5,12095
test_spatial,KFFC,2017,1,3602
test_spatial,KFFC,2017,2,6172
test_spatial,KFFC,2017,3,8091
test_spatial,KFFC,2017,4,9604
test_spatial,KFFC,2017,5,10705
test_spatial,KFFC,2018,1,3022
test_spatial,KFFC,2018,2,5054
test_spatial,KFFC,2018,3,6453
test_spatial,KFFC,2018,4,7456
test_spatial,KFFC,2018,5,8195
test_spatial,KFFC,2019,1,3466
test_spatial,KFFC,2019,2,5940
test_spatial,KFFC,2019,3,7707
test_spatial,KFFC,2019,4,8992
test_spatial,KFFC,2019,5,10045
test_spatial,KFFC,2020,1,3008
test_spatial,KFFC,2020,2,5006
test_spatial,KFFC,2020,3,6459
test_spatial,KFFC,2020,4,7448
test_spatial,KFFC,2020,5,8015
test_spatial,KFFC,2021,1,3192
test_spatial,KFFC,2021,2,5406
test_spatial,KFFC,2021,3,6879
test_spatial,KFFC,2021,4,7784
test_spatial,KFFC,2021,5,8300
test_spatial,KFFC,2022,1,3006
test_spatial,KFFC,2022,2,5318
test_spatial,KFFC,2022,3,7098
test_spatial,KFFC,2022,4,8560
test_spatial,KFFC,2022,5,9585
test_spatial,KFFC,2023,1,3512
test_spatial,KFFC,2023,2,6212
test_spatial,KFFC,2023,3,8244
test_spatial,KFFC,2023,4,9784
test_spatial,KFFC,2023,5,10790
test_spatial,KFFC,2024,1,3828
test_spatial,KFFC,2024,2,6794
test_spatial,KFFC,2024,3,8943
test_spatial,KFFC,2024,4,10376
test_spatial,KFFC,2024,5,11110
test_spatial,KGLD,2013,1,1201
test_spatial,KGLD,2013,2,1856
test_spatial,KGLD,2013,3,2175
test_spatial,KGLD,2013,4,2308
test_spatial,KGLD,2013,5,2430
test_spatial,KGLD,2014,1,1482
test_spatial,KGLD,2014,2,2324
test_spatial,KGLD,2014,3,2808
test_spatial,KGLD,2014,4,3048
test_spatial,KGLD,2014,5,3155
test_spatial,KGLD,2015,1,1594
test_spatial,KGLD,2015,2,2662
test_spatial,KGLD,2015,3,3372
test_spatial,KGLD,2015,4,3860
test_spatial,KGLD,2015,5,4120
test_spatial,KGLD,2016,1,1373
test_spatial,KGLD,2016,2,2236
test_spatial,KGLD,2016,3,2778
test_spatial,KGLD,2016,4,3004
test_spatial,KGLD,2016,5,3075
test_spatial,KGLD,2017,1,1166
test_spatial,KGLD,2017,2,1894
test_spatial,KGLD,2017,3,2382
test_spatial,KGLD,2017,4,2672
test_spatial,KGLD,2017,5,2755
test_spatial,KGLD,2018,1,1559
test_spatial,KGLD,2018,2,2418
test_spatial,KGLD,2018,3,2901
test_spatial,KGLD,2018,4,3280
test_spatial,KGLD,2018,5,3565
test_spatial,KGLD,2019,1,1548
test_spatial,KGLD,2019,2,2468
test_spatial,KGLD,2019,3,3009
test_spatial,KGLD,2019,4,3248
test_spatial,KGLD,2019,5,3415
test_spatial,KGLD,2020,1,1649
test_spatial,KGLD,2020,2,2690
test_spatial,KGLD,2020,3,3336
test_spatial,KGLD,2020,4,3696
test_spatial,KGLD,2020,5,3975
test_spatial,KGLD,2021,1,1016
test_spatial,KGLD,2021,2,1560
test_spatial,KGLD,2021,3,1860
test_spatial,KGLD,2021,4,1968
test_spatial,KGLD,2021,5,1895
test_spatial,KGLD,2022,1,1272
test_spatial,KGLD,2022,2,1998
test_spatial,KGLD,2022,3,2337
test_spatial,KGLD,2022,4,2508
test_spatial,KGLD,2022,5,2655
test_spatial,KGLD,2023,1,1794
test_spatial,KGLD,2023,2,2946
test_spatial,KGLD,2023,3,3588
test_spatial,KGLD,2023,4,3960
test_spatial,KGLD,2023,5,4275
test_spatial,KGLD,2024,1,1530
test_spatial,KGLD,2024,2,2502
test_spatial,KGLD,2024,3,3048
test_spatial,KGLD,2024,4,3284
test_spatial,KGLD,2024,5,3405
test_spatial,KGYX,2013,1,2184
test_spatial,KGYX,2013,2,3570
test_spatial,KGYX,2013,3,4419
test_spatial,KGYX,2013,4,4948
test_spatial,KGYX,2013,5,5170
test_spatial,KGYX,2014,1,1985
test_spatial,KGYX,2014,2,3154
test_spatial,KGYX,2014,3,3825
test_spatial,KGYX,2014,4,4208
test_spatial,KGYX,2014,5,4425
test_spatial,KGYX,2015,1,1824
test_spatial,KGYX,2015,2,2876
test_spatial,KGYX,2015,3,3468
test_spatial,KGYX,2015,4,3692
test_spatial,KGYX,2015,5,3665
test_spatial,KGYX,2016,1,1685
test_spatial,KGYX,2016,2,2668
test_spatial,KGYX,2016,3,3282
test_spatial,KGYX,2016,4,3596
test_spatial,KGYX,2016,5,3645
test_spatial,KGYX,2017,1,1909
test_spatial,KGYX,2017,2,3096
test_spatial,KGYX,2017,3,3891
test_spatial,KGYX,2017,4,4312
test_spatial,KGYX,2017,5,4475
test_spatial,KGYX,2018,1,1940
test_spatial,KGYX,2018,2,3130
test_spatial,KGYX,2018,3,3777
test_spatial,KGYX,2018,4,3920
test_spatial,KGYX,2018,5,3845
test_spatial,KGYX,2019,1,1900
test_spatial,KGYX,2019,2,3032
test_spatial,KGYX,2019,3,3804
test_spatial,KGYX,2019,4,4244
test_spatial,KGYX,2019,5,4370
test_spatial,KGYX,2020,1,1929
test_spatial,KGYX,2020,2,2996
test_spatial,KGYX,2020,3,3507
test_spatial,KGYX,2020,4,3656
test_spatial,KGYX,2020,5,3530
test_spatial,KGYX,2021,1,2098
test_spatial,KGYX,2021,2,3374
test_spatial,KGYX,2021,3,4173
test_spatial,KGYX,2021,4,4608
test_spatial,KGYX,2021,5,4765
test_spatial,KGYX,2022,1,1901
test_spatial,KGYX,2022,2,3168
test_spatial,KGYX,2022,3,3930
test_spatial,KGYX,2022,4,4300
test_spatial,KGYX,2022,5,4420
test_spatial,KGYX,2023,1,2035
test_spatial,KGYX,2023,2,3334
test_spatial,KGYX,2023,3,4143
test_spatial,KGYX,2023,4,4616
test_spatial,KGYX,2023,5,4660
test_spatial,KGYX,2024,1,2006
test_spatial,KGYX,2024,2,3476
test_spatial,KGYX,2024,3,4455
test_spatial,KGYX,2024,4,4996
test_spatial,KGYX,2024,5,5140
test_spatial,KHTX,2013,1,3616
test_spatial,KHTX,2013,2,6400
test_spatial,KHTX,2013,3,8556
test_spatial,KHTX,2013,4,10212
test_spatial,KHTX,2013,5,11355
test_spatial,KHTX,2014,1,3817
test_spatial,KHTX,2014,2,6672
test_spatial,KHTX,2014,3,8649
test_spatial,KHTX,2014,4,10040
test_spatial,KHTX,2014,5,10980
test_spatial,KHTX,2015,1,3568
test_spatial,KHTX,2015,2,6262
test_spatial,KHTX,2015,3,8331
test_spatial,KHTX,2015,4,9788
test_spatial,KHTX,2015,5,10885
test_spatial,KHTX,2016,1,3626
test_spatial,KHTX,2016,2,6394
test_spatial,KHTX,2016,3,8364
test_spatial,KHTX,2016,4,9692
test_spatial,KHTX,2016,5,10520
test_spatial,KHTX,2017,1,3707
test_spatial,KHTX,2017,2,6532
test_spatial,KHTX,2017,3,8634
test_spatial,KHTX,2017,4,10116
test_spatial,KHTX,2017,5,11175
test_spatial,KHTX,2018,1,3398
test_spatial,KHTX,2018,2,5800
test_spatial,KHTX,2018,3,7428
test_spatial,KHTX,2018,4,8424
test_spatial,KHTX,2018,5,9045
test_spatial,KHTX,2019,1,3125
test_spatial,KHTX,2019,2,5398
test_spatial,KHTX,2019,3,6924
test_spatial,KHTX,2019,4,7928
test_spatial,KHTX,2019,5,8525
test_spatial,KHTX,2020,1,3262
test_spatial,KHTX,2020,2,5594
test_spatial,KHTX,2020,3,7245
test_spatial,KHTX,2020,4,8284
test_spatial,KHTX,2020,5,8735
test_spatial,KHTX,2021,1,3825
test_spatial,KHTX,2021,2,6760
test_spatial,KHTX,2021,3,8982
test_spatial,KHTX,2021,4,10524
test_spatial,KHTX,2021,5,11425
test_spatial,KHTX,2022,1,3255
test_spatial,KHTX,2022,2,5922
test_spatial,KHTX,2022,3,8076
test_spatial,KHTX,2022,4,9796
test_spatial,KHTX,2022,5,11030
test_spatial,KHTX,2023,1,3568
test_spatial,KHTX,2023,2,6442
test_spatial,KHTX,2023,3,8742
test_spatial,KHTX,2023,4,10568
test_spatial,KHTX,2023,5,11925
test_spatial,KHTX,2024,1,4026
test_spatial,KHTX,2024,2,7292
test_spatial,KHTX,2024,3,9735
test_spatial,KHTX,2024,4,11580
test_spatial,KHTX,2024,5,12700
test_spatial,KICT,2013,1,2509
test_spatial,KICT,2013,2,4272
test_spatial,KICT,2013,3,5541
test_spatial,KICT,2013,4,6376
test_spatial,KICT,2013,5,6860
test_spatial,KICT,2014,1,2897
test_spatial,KICT,2014,2,4888
test_spatial,KICT,2014,3,6375
test_spatial,KICT,2014,4,7400
test_spatial,KICT,2014,5,8010
test_spatial,KICT,2015,1,3126
test_spatial,KICT,2015,2,5298
test_spatial,KICT,2015,3,6927
test_spatial,KICT,2015,4,8164
test_spatial,KICT,2015,5,9130
test_spatial,KICT,2016,1,3065
test_spatial,KICT,2016,2,4978
test_spatial,KICT,2016,3,6363
test_spatial,KICT,2016,4,7484
test_spatial,KICT,2016,5,8470
test_spatial,KICT,2017,1,2818
test_spatial,KICT,2017,2,4726
test_spatial,KICT,2017,3,6165
test_spatial,KICT,2017,4,7248
test_spatial,KICT,2017,5,8005
test_spatial,KICT,2018,1,3191
test_spatial,KICT,2018,2,5456
test_spatial,KICT,2018,3,7131
test_spatial,KICT,2018,4,8360
test_spatial,KICT,2018,5,9220
test_spatial,KICT,2019,1,3340
test_spatial,KICT,2019,2,5684
test_spatial,KICT,2019,3,7479
test_spatial,KICT,2019,4,8776
test_spatial,KICT,2019,5,9695
test_spatial,KICT,2020,1,3197
test_spatial,KICT,2020,2,5522
test_spatial,KICT,2020,3,7278
test_spatial,KICT,2020,4,8568
test_spatial,KICT,2020,5,9460
test_spatial,KICT,2021,1,2728
test_spatial,KICT,2021,2,4580
test_spatial,KICT,2021,3,5910
test_spatial,KICT,2021,4,6780
test_spatial,KICT,2021,5,7345
test_spatial,KICT,2022,1,2523
test_spatial,KICT,2022,2,4362
test_spatial,KICT,2022,3,5742
test_spatial,KICT,2022,4,6788
test_spatial,KICT,2022,5,7505
test_spatial,KICT,2023,1,3094
test_spatial,KICT,2023,2,5474
test_spatial,KICT,2023,3,7269
test_spatial,KICT,2023,4,8496
test_spatial,KICT,2023,5,9440
test_spatial,KICT,2024,1,3057
test_spatial,KICT,2024,2,5316
test_spatial,KICT,2024,3,6993
test_spatial,KICT,2024,4,8172
test_spatial,KICT,2024,5,9000
test_spatial,KIND,2013,1,3034
test_spatial,KIND,2013,2,4950
test_spatial,KIND,2013,3,6321
test_spatial,KIND,2013,4,7364
test_spatial,KIND,2013,5,8065
test_spatial,KIND,2014,1,3511
test_spatial,KIND,2014,2,5848
test_spatial,KIND,2014,3,7524
test_spatial,KIND,2014,4,8740
test_spatial,KIND,2014,5,9530
test_spatial,KIND,2015,1,3306
test_spatial,KIND,2015,2,5458
test_spatial,KIND,2015,3,7062
test_spatial,KIND,2015,4,8280
test_spatial,KIND,2015,5,9205
test_spatial,KIND,2016,1,3431
test_spatial,KIND,2016,2,5670
test_spatial,KIND,2016,3,7194
test_spatial,KIND,2016,4,8340
test_spatial,KIND,2016,5,9255
test_spatial,KIND,2017,1,3468
test_spatial,KIND,2017,2,5798
test_spatial,KIND,2017,3,7506
test_spatial,KIND,2017,4,8748
test_spatial,KIND,2017,5,9710
test_spatial,KIND,2018,1,3364
test_spatial,KIND,2018,2,5654
test_spatial,KIND,2018,3,7368
test_spatial,KIND,2018,4,8688
test_spatial,KIND,2018,5,9665
test_spatial,KIND,2019,1,3375
test_spatial,KIND,2019,2,5632
test_spatial,KIND,2019,3,7329
test_spatial,KIND,2019,4,8604
test_spatial,KIND,2019,5,9500
test_spatial,KIND,2020,1,3104
test_spatial,KIND,2020,2,4968
test_spatial,KIND,2020,3,6315
test_spatial,KIND,2020,4,7276
test_spatial,KIND,2020,5,7865
test_spatial,KIND,2021,1,3022
test_spatial,KIND,2021,2,4928
test_spatial,KIND,2021,3,6279
test_spatial,KIND,2021,4,7228
test_spatial,KIND,2021,5,7870
test_spatial,KIND,2022,1,2858
test_spatial,KIND,2022,2,4896
test_spatial,KIND,2022,3,6270
test_spatial,KIND,2022,4,7200
test_spatial,KIND,2022,5,7785
test_spatial,KIND,2023,1,2805
test_spatial,KIND,2023,2,4910
test_spatial,KIND,2023,3,6459
test_spatial,KIND,2023,4,7604
test_spatial,KIND,2023,5,8440
test_spatial,KIND,2024,1,2944
test_spatial,KIND,2024,2,5120
test_spatial,KIND,2024,3,6603
test_spatial,KIND,2024,4,7624
test_spatial,KIND,2024,5,8355
test_spatial,KJGX,2013,1,2941
test_spatial,KJGX,2013,2,4868
test_spatial,KJGX,2013,3,6222
test_spatial,KJGX,2013,4,7216
test_spatial,KJGX,2013,5,7885
test_spatial,KJGX,2014,1,2191
test_spatial,KJGX,2014,2,3358
test_spatial,KJGX,2014,3,3930
test_spatial,KJGX,2014,4,4296
test_spatial,KJGX,2014,5,4460
test_spatial,KJGX,2015,1,2213
test_spatial,KJGX,2015,2,3590
test_spatial,KJGX,2015,3,4470
test_spatial,KJGX,2015,4,5156
test_spatial,KJGX,2015,5,5640
test_spatial,KJGX,2016,1,2340
test_spatial,KJGX,2016,2,3874
test_spatial,KJGX,2016,3,4890
test_spatial,KJGX,2016,4,5604
test_spatial,KJGX,2016,5,6145
test_spatial,KJGX,2017,1,3197
test_spatial,KJGX,2017,2,5230
test_spatial,KJGX,2017,3,6552
test_spatial,KJGX,2017,4,7496
test_spatial,KJGX,2017,5,8050
test_spatial,KJGX,2018,1,2995
test_spatial,KJGX,2018,2,4910
test_spatial,KJGX,2018,3,6120
test_spatial,KJGX,2018,4,6972
test_spatial,KJGX,2018,5,7550
test_spatial,KJGX,2019,1,3135
test_spatial,KJGX,2019,2,5240
test_spatial,KJGX,2019,3,6546
test_spatial,KJGX,2019,4,7404
test_spatial,KJGX,2019,5,8040
test_spatial,KJGX,2020,1,2905
test_spatial,KJGX,2020,2,4694
test_spatial,KJGX,2020,3,5787
test_spatial,KJGX,2020,4,6504
test_spatial,KJGX,2020,5,6875
test_spatial,KJGX,2021,1,3048
test_spatial,KJGX,2021,2,4996
test_spatial,KJGX,2021,3,6204
test_spatial,KJGX,2021,4,7060
test_spatial,KJGX,2021,5,7625
test_spatial,KJGX,2022,1,3019
test_spatial,KJGX,2022,2,5106
test_spatial,KJGX,2022,3,6498
test_spatial,KJGX,2022,4,7496
test_spatial,KJGX,2022,5,8110
test_spatial,KJGX,2023,1,3251
test_spatial,KJGX,2023,2,5584
test_spatial,KJGX,2023,3,7287
test_spatial,KJGX,2023,4,8604
test_spatial,KJGX,2023,5,9335
test_spatial,KJGX,2024,1,3367
test_spatial,KJGX,2024,2,5604
test_spatial,KJGX,2024,3,6972
test_spatial,KJGX,2024,4,7824
test_spatial,KJGX,2024,5,8325
test_spatial,KMKX,2013,1,2306
test_spatial,KMKX,2013,2,3940
test_spatial,KMKX,2013,3,5166
test_spatial,KMKX,2013,4,6168
test_spatial,KMKX,2013,5,6975
test_spatial,KMKX,2014,1,2265
test_spatial,KMKX,2014,2,3772
test_spatial,KMKX,2014,3,4848
test_spatial,KMKX,2014,4,5636
test_spatial,KMKX,2014,5,6230
test_spatial,KMKX,2015,1,2094
test_spatial,KMKX,2015,2,3486
test_spatial,KMKX,2015,3,4476
test_spatial,KMKX,2015,4,5208
test_spatial,KMKX,2015,5,5730
test_spatial,KMKX,2016,1,2189
test_spatial,KMKX,2016,2,3684
test_spatial,KMKX,2016,3,4725
test_spatial,KMKX,2016,4,5404
test_spatial,KMKX,2016,5,5790
test_spatial,KMKX,2017,1,2058
test_spatial,KMKX,2017,2,3468
test_spatial,KMKX,2017,3,4491
test_spatial,KMKX,2017,4,5168
test_spatial,KMKX,2017,5,5615
test_spatial,KMKX,2018,1,1962
test_spatial,KMKX,2018,2,3240
test_spatial,KMKX,2018,3,4158
test_spatial,KMKX,2018,4,4812
test_spatial,KMKX,2018,5,5305
test_spatial,KMKX,2019,1,2045
test_spatial,KMKX,2019,2,3356
test_spatial,KMKX,2019,3,4227
test_spatial,KMKX,2019,4,4856
test_spatial,KMKX,2019,5,5270
test_spatial,KMKX,2020,1,1926
test_spatial,KMKX,2020,2,3248
test_spatial,KMKX,2020,3,4206
test_spatial,KMKX,2020,4,4924
test_spatial,KMKX,2020,5,5315
test_spatial,KMKX,2021,1,1950
test_spatial,KMKX,2021,2,3234
test_spatial,KMKX,2021,3,4017
test_spatial,KMKX,2021,4,4460
test_spatial,KMKX,2021,5,4670
test_spatial,KMKX,2022,1,2132
test_spatial,KMKX,2022,2,3746
test_spatial,KMKX,2022,3,4929
test_spatial,KMKX,2022,4,5732
test_spatial,KMKX,2022,5,6160
test_spatial,KMKX,2023,1,2200
test_spatial,KMKX,2023,2,3844
test_spatial,KMKX,2023,3,5040
test_spatial,KMKX,2023,4,5924
test_spatial,KMKX,2023,5,6545
test_spatial,KMKX,2024,1,2357
test_spatial,KMKX,2024,2,4086
test_spatial,KMKX,2024,3,5325
test_spatial,KMKX,2024,4,6160
test_spatial,KMKX,2024,5,6805
test_spatial,KPOE,2013,1,1821
test_spatial,KPOE,2013,2,2944
test_spatial,KPOE,2013,3,3720
test_spatial,KPOE,2013,4,4356
test_spatial,KPOE,2013,5,4880
test_spatial,KPOE,2014,1,3001
test_spatial,KPOE,2014,2,4880
test_spatial,KPOE,2014,3,6162
test_spatial,KPOE,2014,4,7076
test_spatial,KPOE,2014,5,7835
test_spatial,KPOE,2015,1,3080
test_spatial,KPOE,2015,2,5112
test_spatial,KPOE,2015,3,6609
test_spatial,KPOE,2015,4,7856
test_spatial,KPOE,2015,5,8975
test_spatial,KPOE,2016,1,3232
test_spatial,KPOE,2016,2,5282
test_spatial,KPOE,2016,3,6663
test_spatial,KPOE,2016,4,7704
test_spatial,KPOE,2016,5,8635
test_spatial,KPOE,2017,1,3484
test_spatial,KPOE,2017,2,5666
test_spatial,KPOE,2017,3,7077
test_spatial,KPOE,2017,4,7984
test_spatial,KPOE,2017,5,8825
test_spatial,KPOE,2018,1,3218
test_spatial,KPOE,2018,2,5094
test_spatial,KPOE,2018,3,6291
test_spatial,KPOE,2018,4,7236
test_spatial,KPOE,2018,5,8015
test_spatial,KPOE,2019,1,3447
test_spatial,KPOE,2019,2,5564
test_spatial,KPOE,2019,3,7056
test_spatial,KPOE,2019,4,8260
test_spatial,KPOE,2019,5,9405
test_spatial,KPOE,2020,1,3332
test_spatial,KPOE,2020,2,5484
test_spatial,KPOE,2020,3,7050
test_spatial,KPOE,2020,4,8232
test_spatial,KPOE,2020,5,9110
test_spatial,KPOE,2021,1,3113
test_spatial,KPOE,2021,2,5100
test_spatial,KPOE,2021,3,6573
test_spatial,KPOE,2021,4,7756
test_spatial,KPOE,2021,5,8690
test_spatial,KPOE,2022,1,3568
test_spatial,KPOE,2022,2,6204
test_spatial,KPOE,2022,3,8184
test_spatial,KPOE,2022,4,9676
test_spatial,KPOE,2022,5,10995
test_spatial,KPOE,2023,1,3191
test_spatial,KPOE,2023,2,5442
test_spatial,KPOE,2023,3,7062
test_spatial,KPOE,2023,4,8396
test_spatial,KPOE,2023,5,9540
test_spatial,KPOE,2024,1,3822
test_spatial,KPOE,2024,2,6630
test_spatial,KPOE,2024,3,8622
test_spatial,KPOE,2024,4,10160
test_spatial,KPOE,2024,5,11445
test_spatial,KRAX,2013,1,2783
test_spatial,KRAX,2013,2,4550
test_spatial,KRAX,2013,3,5637
test_spatial,KRAX,2013,4,6260
test_spatial,KRAX,2013,5,6630
test_spatial,KRAX,2014,1,2737
test_spatial,KRAX,2014,2,4398
test_spatial,KRAX,2014,3,5370
test_spatial,KRAX,2014,4,5988
test_spatial,KRAX,2014,5,6335
test_spatial,KRAX,2015,1,2693
test_spatial,KRAX,2015,2,4338
test_spatial,KRAX,2015,3,5310
test_spatial,KRAX,2015,4,5884
test_spatial,KRAX,2015,5,6200
test_spatial,KRAX,2016,1,2869
test_spatial,KRAX,2016,2,4686
test_spatial,KRAX,2016,3,5838
test_spatial,KRAX,2016,4,6668
test_spatial,KRAX,2016,5,7195
test_spatial,KRAX,2017,1,2943
test_spatial,KRAX,2017,2,4864
test_spatial,KRAX,2017,3,6126
test_spatial,KRAX,2017,4,7020
test_spatial,KRAX,2017,5,7710
test_spatial,KRAX,2018,1,2784
test_spatial,KRAX,2018,2,4642
test_spatial,KRAX,2018,3,5808
test_spatial,KRAX,2018,4,6484
test_spatial,KRAX,2018,5,6750
test_spatial,KRAX,2019,1,3109
test_spatial,KRAX,2019,2,4938
test_spatial,KRAX,2019,3,5949
test_spatial,KRAX,2019,4,6408
test_spatial,KRAX,2019,5,6605
test_spatial,KRAX,2020,1,2742
test_spatial,KRAX,2020,2,4470
test_spatial,KRAX,2020,3,5475
test_spatial,KRAX,2020,4,6000
test_spatial,KRAX,2020,5,6090
test_spatial,KRAX,2021,1,2918
test_spatial,KRAX,2021,2,4800
test_spatial,KRAX,2021,3,5937
test_spatial,KRAX,2021,4,6608
test_spatial,KRAX,2021,5,6985
test_spatial,KRAX,2022,1,2619
test_spatial,KRAX,2022,2,4476
test_spatial,KRAX,2022,3,5661
test_spatial,KRAX,2022,4,6204
test_spatial,KRAX,2022,5,6375
test_spatial,KRAX,2023,1,2557
test_spatial,KRAX,2023,2,4282
test_spatial,KRAX,2023,3,5247
test_spatial,KRAX,2023,4,5580
test_spatial,KRAX,2023,5,5510
test_spatial,KRAX,2024,1,3094
test_spatial,KRAX,2024,2,5180
test_spatial,KRAX,2024,3,6417
test_spatial,KRAX,2024,4,6996
test_spatial,KRAX,2024,5,7030
test_spatial,KTFX,2013,1,657
test_spatial,KTFX,2013,2,1082
test_spatial,KTFX,2013,3,1359
test_spatial,KTFX,2013,4,1504
test_spatial,KTFX,2013,5,1575
test_spatial,KTFX,2014,1,908
test_spatial,KTFX,2014,2,1486
test_spatial,KTFX,2014,3,1827
test_spatial,KTFX,2014,4,2048
test_spatial,KTFX,2014,5,2185
test_spatial,KTFX,2015,1,1038
test_spatial,KTFX,2015,2,1728
test_spatial,KTFX,2015,3,2130
test_spatial,KTFX,2015,4,2344
test_spatial,KTFX,2015,5,2495
test_spatial,KTFX,2016,1,654
test_spatial,KTFX,2016,2,1058
test_spatial,KTFX,2016,3,1296
test_spatial,KTFX,2016,4,1460
test_spatial,KTFX,2016,5,1600
test_spatial,KTFX,2017,1,593
test_spatial,KTFX,2017,2,922
test_spatial,KTFX,2017,3,1095
test_spatial,KTFX,2017,4,1164
test_spatial,KTFX,2017,5,1165
test_spatial,KTFX,2018,1,700
test_spatial,KTFX,2018,2,1116
test_spatial,KTFX,2018,3,1365
test_spatial,KTFX,2018,4,1532
test_spatial,KTFX,2018,5,1645
test_spatial,KTFX,2019,1,726
test_spatial,KTFX,2019,2,1148
test_spatial,KTFX,2019,3,1416
test_spatial,KTFX,2019,4,1620
test_spatial,KTFX,2019,5,1785
test_spatial,KTFX,2020,1,720
test_spatial,KTFX,2020,2,1162
test_spatial,KTFX,2020,3,1449
test_spatial,KTFX,2020,4,1692
test_spatial,KTFX,2020,5,1890
test_spatial,KTFX,2021,1,450
test_spatial,KTFX,2021,2,714
test_spatial,KTFX,2021,3,864
test_spatial,KTFX,2021,4,932
test_spatial,KTFX,2021,5,940
test_spatial,KTFX,2022,1,552
test_spatial,KTFX,2022,2,908
test_spatial,KTFX,2022,3,1140
test_spatial,KTFX,2022,4,1264
test_spatial,KTFX,2022,5,1360
test_spatial,KTFX,2023,1,836
test_spatial,KTFX,2023,2,1402
test_spatial,KTFX,2023,3,1749
test_spatial,KTFX,2023,4,1936
test_spatial,KTFX,2023,5,2005
test_spatial,KTFX,2024,1,709
test_spatial,KTFX,2024,2,1114
test_spatial,KTFX,2024,3,1311
test_spatial,KTFX,2024,4,1436
test_spatial,KTFX,2024,5,1505
test_spatial,KVBX,2013,1,48
test_spatial,KVBX,2013,2,46
test_spatial,KVBX,2013,3,30
test_spatial,KVBX,2013,4,8
test_spatial,KVBX,2014,1,1055
test_spatial,KVBX,2014,2,1934
test_spatial,KVBX,2014,3,2562
test_spatial,KVBX,2014,4,2936
test_spatial,KVBX,2014,5,3115
test_spatial,KVBX,2015,1,1011
test_spatial,KVBX,2015,2,1868
test_spatial,KVBX,2015,3,2628
test_spatial,KVBX,2015,4,3212
test_spatial,KVBX,2015,5,3635
test_spatial,KVBX,2016,1,990
test_spatial,KVBX,2016,2,1804
test_spatial,KVBX,2016,3,2514
test_spatial,KVBX,2016,4,3076
test_spatial,KVBX,2016,5,3470
test_spatial,KVBX,2017,1,898
test_spatial,KVBX,2017,2,1568
test_spatial,KVBX,2017,3,2097
test_spatial,KVBX,2017,4,2528
test_spatial,KVBX,2017,5,2885
test_spatial,KVBX,2018,1,1061
test_spatial,KVBX,2018,2,1926
test_spatial,KVBX,2018,3,2625
test_spatial,KVBX,2018,4,3168
test_spatial,KVBX,2018,5,3505
test_spatial,KVBX,2019,1,1248
test_spatial,KVBX,2019,2,2332
test_spatial,KVBX,2019,3,3273
test_spatial,KVBX,2019,4,4052
test_spatial,KVBX,2019,5,4580
test_spatial,KVBX,2020,1,1127
test_spatial,KVBX,2020,2,2022
test_spatial,KVBX,2020,3,2697
test_spatial,KVBX,2020,4,3164
test_spatial,KVBX,2020,5,3420
test_spatial,KVBX,2021,1,986
test_spatial,KVBX,2021,2,1742
test_spatial,KVBX,2021,3,2313
test_spatial,KVBX,2021,4,2676
test_spatial,KVBX,2021,5,2875
test_spatial,KVBX,2022,1,912
test_spatial,KVBX,2022,2,1592
test_spatial,KVBX,2022,3,2169
test_spatial,KVBX,2022,4,2648
test_spatial,KVBX,2022,5,3005
test_spatial,KVBX,2023,1,1043
test_spatial,KVBX,2023,2,1912
test_spatial,KVBX,2023,3,2613
test_spatial,KVBX,2023,4,3224
test_spatial,KVBX,2023,5,3745
test_spatial,KVBX,2024,1,1042
test_spatial,KVBX,2024,2,1864
test_spatial,KVBX,2024,3,2472
test_spatial,KVBX,2024,4,2836
test_spatial,KVBX,2024,5,3035
test_spatial,KVWX,2013,1,2655
test_spatial,KVWX,2013,2,4634
test_spatial,KVWX,2013,3,6180
test_spatial,KVWX,2013,4,7396
test_spatial,KVWX,2013,5,8210
test_spatial,KVWX,2014,1,2773
test_spatial,KVWX,2014,2,4774
test_spatial,KVWX,2014,3,6225
test_spatial,KVWX,2014,4,7196
test_spatial,KVWX,2014,5,7645
test_spatial,KVWX,2015,1,2718
test_spatial,KVWX,2015,2,4868
test_spatial,KVWX,2015,3,6528
test_spatial,KVWX,2015,4,7724
test_spatial,KVWX,2015,5,8395
test_spatial,KVWX,2016,1,2707
test_spatial,KVWX,2016,2,4688
test_spatial,KVWX,2016,3,6117
test_spatial,KVWX,2016,4,7140
test_spatial,KVWX,2016,5,7690
test_spatial,KVWX,2017,1,2710
test_spatial,KVWX,2017,2,4794
test_spatial,KVWX,2017,3,6414
test_spatial,KVWX,2017,4,7524
test_spatial,KVWX,2017,5,8065
test_spatial,KVWX,2018,1,2886
test_spatial,KVWX,2018,2,5172
test_spatial,KVWX,2018,3,7026
test_spatial,KVWX,2018,4,8460
test_spatial,KVWX,2018,5,9330
test_spatial,KVWX,2019,1,2913
test_spatial,KVWX,2019,2,5006
test_spatial,KVWX,2019,3,6537
test_spatial,KVWX,2019,4,7528
test_spatial,KVWX,2019,5,8100
test_spatial,KVWX,2020,1,2531
test_spatial,KVWX,2020,2,4424
test_spatial,KVWX,2020,3,5853
test_spatial,KVWX,2020,4,6880
test_spatial,KVWX,2020,5,7495
test_spatial,KVWX,2021,1,2650
test_spatial,KVWX,2021,2,4604
test_spatial,KVWX,2021,3,6093
test_spatial,KVWX,2021,4,7196
test_spatial,KVWX,2021,5,7860
test_spatial,KVWX,2022,1,2843
test_spatial,KVWX,2022,2,4998
test_spatial,KVWX,2022,3,6666
test_spatial,KVWX,2022,4,7860
test_spatial,KVWX,2022,5,8480
test_spatial,KVWX,2023,1,2926
test_spatial,KVWX,2023,2,5286
test_spatial,KVWX,2023,3,7203
test_spatial,KVWX,2023,4,8684
test_spatial,KVWX,2023,5,9615
test_spatial,KVWX,2024,1,3070
test_spatial,KVWX,2024,2,5504
test_spatial,KVWX,2024,3,7434
test_spatial,KVWX,2024,4,8836
test_spatial,KVWX,2024,5,9595
test_spatiotemporal,KATX,2025,1,2104
test_spatiotemporal,KATX,2025,2,3900
test_spatiotemporal,KATX,2025,3,5400
test_spatiotemporal,KATX,2025,4,6668
test_spatiotemporal,KATX,2025,5,7745
test_spatiotemporal,KBLX,2025,1,539
test_spatiotemporal,KBLX,2025,2,822
test_spatiotemporal,KBLX,2025,3,906
test_spatiotemporal,KBLX,2025,4,892
test_spatiotemporal,KBLX,2025,5,835
test_spatiotemporal,KBMX,2025,1,3968
test_spatiotemporal,KBMX,2025,2,7266
test_spatiotemporal,KBMX,2025,3,9969
test_spatiotemporal,KBMX,2025,4,12204
test_spatiotemporal,KBMX,2025,5,13875
test_spatiotemporal,KBRO,2025,1,3889
test_spatiotemporal,KBRO,2025,2,7114
test_spatiotemporal,KBRO,2025,3,9969
test_spatiotemporal,KBRO,2025,4,12608
test_spatiotemporal,KBRO,2025,5,15025
test_spatiotemporal,KDOX,2025,1,2157
test_spatiotemporal,KDOX,2025,2,3676
test_spatiotemporal,KDOX,2025,3,4758
test_spatiotemporal,KDOX,2025,4,5528
test_spatiotemporal,KDOX,2025,5,5865
test_spatiotemporal,KEAX,2025,1,3142
test_spatiotemporal,KEAX,2025,2,5504
test_spatiotemporal,KEAX,2025,3,7239
test_spatiotemporal,KEAX,2025,4,8536
test_spatiotemporal,KEAX,2025,5,9385
test_spatiotemporal,KEMX,2025,1,1609
test_spatiotemporal,KEMX,2025,2,2736
test_spatiotemporal,KEMX,2025,3,3402
test_spatiotemporal,KEMX,2025,4,3556
test_spatiotemporal,KEMX,2025,5,3165
test_spatiotemporal,KEPZ,2025,1,2795
test_spatiotemporal,KEPZ,2025,2,4950
test_spatiotemporal,KEPZ,2025,3,6456
test_spatiotemporal,KEPZ,2025,4,7380
test_spatiotemporal,KEPZ,2025,5,7920
test_spatiotemporal,KFFC,2025,1,3734
test_spatiotemporal,KFFC,2025,2,6666
test_spatiotemporal,KFFC,2025,3,8907
test_spatiotemporal,KFFC,2025,4,10648
test_spatiotemporal,KFFC,2025,5,12075
test_spatiotemporal,KGLD,2025,1,1426
test_spatiotemporal,KGLD,2025,2,2348
test_spatiotemporal,KGLD,2025,3,2916
test_spatiotemporal,KGLD,2025,4,3196
test_spatiotemporal,KGLD,2025,5,3315
test_spatiotemporal,KGYX,2025,1,1823
test_spatiotemporal,KGYX,2025,2,3098
test_spatiotemporal,KGYX,2025,3,3984
test_spatiotemporal,KGYX,2025,4,4568
test_spatiotemporal,KGYX,2025,5,4825
test_spatiotemporal,KHTX,2025,1,3853
test_spatiotemporal,KHTX,2025,2,7182
test_spatiotemporal,KHTX,2025,3,10005
test_spatiotemporal,KHTX,2025,4,12276
test_spatiotemporal,KHTX,2025,5,13940
test_spatiotemporal,KICT,2025,1,3175
test_spatiotemporal,KICT,2025,2,5480
test_spatiotemporal,KICT,2025,3,7122
test_spatiotemporal,KICT,2025,4,8316
test_spatiotemporal,KICT,2025,5,9205
test_spatiotemporal,KIND,2025,1,2923
test_spatiotemporal,KIND,2025,2,5192
test_spatiotemporal,KIND,2025,3,6939
test_spatiotemporal,KIND,2025,4,8256
test_spatiotemporal,KIND,2025,5,9125
test_spatiotemporal,KJGX,2025,1,3223
test_spatiotemporal,KJGX,2025,2,5554
test_spatiotemporal,KJGX,2025,3,7170
test_spatiotemporal,KJGX,2025,4,8324
test_spatiotemporal,KJGX,2025,5,9075
test_spatiotemporal,KMKX,2025,1,2513
test_spatiotemporal,KMKX,2025,2,4414
test_spatiotemporal,KMKX,2025,3,5799
test_spatiotemporal,KMKX,2025,4,6796
test_spatiotemporal,KMKX,2025,5,7495
test_spatiotemporal,KPOE,2025,1,3634
test_spatiotemporal,KPOE,2025,2,6262
test_spatiotemporal,KPOE,2025,3,8202
test_spatiotemporal,KPOE,2025,4,9680
test_spatiotemporal,KPOE,2025,5,10890
test_spatiotemporal,KRAX,2025,1,3061
test_spatiotemporal,KRAX,2025,2,5288
test_spatiotemporal,KRAX,2025,3,6762
test_spatiotemporal,KRAX,2025,4,7568
test_spatiotemporal,KRAX,2025,5,7815
test_spatiotemporal,KTFX,2025,1,506
test_spatiotemporal,KTFX,2025,2,848
test_spatiotemporal,KTFX,2025,3,1068
test_spatiotemporal,KTFX,2025,4,1168
test_spatiotemporal,KTFX,2025,5,1225
test_spatiotemporal,KVBX,2025,1,876
test_spatiotemporal,KVBX,2025,2,1554
test_spatiotemporal,KVBX,2025,3,2055
test_spatiotemporal,KVBX,2025,4,2364
test_spatiotemporal,KVBX,2025,5,2550
test_spatiotemporal,KVWX,2025,1,3209
test_spatiotemporal,KVWX,2025,2,5806
test_spatiotemporal,KVWX,2025,3,7944
test_spatiotemporal,KVWX,2025,4,9576
test_spatiotemporal,KVWX,2025,5,10690
test_temporal,KABR,2025,1,1983
test_temporal,KABR,2025,2,3350
test_temporal,KABR,2025,3,4239
test_temporal,KABR,2025,4,4764
test_temporal,KABR,2025,5,5115
test_temporal,KABX,2025,1,1715
test_temporal,KABX,2025,2,2848
test_temporal,KABX,2025,3,3492
test_temporal,KABX,2025,4,3844
test_temporal,KABX,2025,5,3860
test_temporal,KAKQ,2025,1,2786
test_temporal,KAKQ,2025,2,4714
test_temporal,KAKQ,2025,3,5943
test_temporal,KAKQ,2025,4,6688
test_temporal,KAKQ,2025,5,7070
test_temporal,KAMA,2025,1,1568
test_temporal,KAMA,2025,2,2416
test_temporal,KAMA,2025,3,2826
test_temporal,KAMA,2025,4,2984
test_temporal,KAMA,2025,5,3070
test_temporal,KAMX,2025,1,1883
test_temporal,KAMX,2025,2,2862
test_temporal,KAMX,2025,3,3213
test_temporal,KAMX,2025,4,3164
test_temporal,KAMX,2025,5,2960
test_temporal,KAPX,2025,1,1304
test_temporal,KAPX,2025,2,2146
test_temporal,KAPX,2025,3,2565
test_temporal,KAPX,2025,4,2704
test_temporal,KAPX,2025,5,2665
test_temporal,KARX,2025,1,2385
test_temporal,KARX,2025,2,4214
test_temporal,KARX,2025,3,5604
test_temporal,KARX,2025,4,6612
test_temporal,KARX,2025,5,7230
test_temporal,KBBX,2025,1,4751
test_temporal,KBBX,2025,2,8866
test_temporal,KBBX,2025,3,12573
test_temporal,KBBX,2025,4,15996
test_temporal,KBBX,2025,5,18970
test_temporal,KBGM,2025,1,2256
test_temporal,KBGM,2025,2,3864
test_temporal,KBGM,2025,3,4905
test_temporal,KBGM,2025,4,5560
test_temporal,KBGM,2025,5,5740
test_temporal,KBHX,2025,1,263
test_temporal,KBHX,2025,2,380
test_temporal,KBHX,2025,3,375
test_temporal,KBHX,2025,4,320
test_temporal,KBHX,2025,5,285
test_temporal,KBIS,2025,1,2194
test_temporal,KBIS,2025,2,3828
test_temporal,KBIS,2025,3,5058
test_temporal,KBIS,2025,4,5940
test_temporal,KBIS,2025,5,6520
test_temporal,KBOX,2025,1,1296
test_temporal,KBOX,2025,2,2004
test_temporal,KBOX,2025,3,2295
test_temporal,KBOX,2025,4,2352
test_temporal,KBOX,2025,5,2250
test_temporal,KBUF,2025,1,1641
test_temporal,KBUF,2025,2,2778
test_temporal,KBUF,2025,3,3552
test_temporal,KBUF,2025,4,4136
test_temporal,KBUF,2025,5,4375
test_temporal,KBYX,2025,1,708
test_temporal,KBYX,2025,2,900
test_temporal,KBYX,2025,3,861
test_temporal,KBYX,2025,4,832
test_temporal,KBYX,2025,5,810
test_temporal,KCAE,2025,1,3250
test_temporal,KCAE,2025,2,5828
test_temporal,KCAE,2025,3,7863
test_temporal,KCAE,2025,4,9224
test_temporal,KCAE,2025,5,10060
test_temporal,KCBW,2025,1,1309
test_temporal,KCBW,2025,2,2092
test_temporal,KCBW,2025,3,2451
test_temporal,KCBW,2025,4,2520
test_temporal,KCBW,2025,5,2400
test_temporal,KCBX,2025,1,1744
test_temporal,KCBX,2025,2,3120
test_temporal,KCBX,2025,3,4188
test_temporal,KCBX,2025,4,4924
test_temporal,KCBX,2025,5,5380
test_temporal,KCCX,2025,1,2003
test_temporal,KCCX,2025,2,3408
test_temporal,KCCX,2025,3,4272
test_temporal,KCCX,2025,4,4704
test_temporal,KCCX,2025,5,4895
test_temporal,KCLE,2025,1,1945
test_temporal,KCLE,2025,2,3322
test_temporal,KCLE,2025,3,4143
test_temporal,KCLE,2025,4,4572
test_temporal,KCLE,2025,5,4645
test_temporal,KCLX,2025,1,2826
test_temporal,KCLX,2025,2,4470
test_temporal,KCLX,2025,3,5469
test_temporal,KCLX,2025,4,6164
test_temporal,KCLX,2025,5,6320
test_temporal,KCRP,2025,1,4967
test_temporal,KCRP,2025,2,8984
test_temporal,KCRP,2025,3,12747
test_temporal,KCRP,2025,4,16360
test_temporal,KCRP,2025,5,19595
test_temporal,KCXX,2025,1,1589
test_temporal,KCXX,2025,2,2876
test_temporal,KCXX,2025,3,3861
test_temporal,KCXX,2025,4,4484
test_temporal,KCXX,2025,5,4775
test_temporal,KCYS,2025,1,1314
test_temporal,KCYS,2025,2,2216
test_temporal,KCYS,2025,3,2724
test_temporal,KCYS,2025,4,2768
test_temporal,KCYS,2025,5,2400
test_temporal,KDAX,2025,1,3170
test_temporal,KDAX,2025,2,5174
test_temporal,KDAX,2025,3,6600
test_temporal,KDAX,2025,4,7764
test_temporal,KDAX,2025,5,8735
test_temporal,KDDC,2025,1,1984
test_temporal,KDDC,2025,2,3052
test_temporal,KDDC,2025,3,3678
test_temporal,KDDC,2025,4,4048
test_temporal,KDDC,2025,5,4360
test_temporal,KDFX,2025,1,2981
test_temporal,KDFX,2025,2,5212
test_temporal,KDFX,2025,3,7044
test_temporal,KDFX,2025,4,8564
test_temporal,KDFX,2025,5,9810
test_temporal,KDGX,2025,1,4307
test_temporal,KDGX,2025,2,7514
test_temporal,KDGX,2025,3,10041
test_temporal,KDGX,2025,4,12268
test_temporal,KDGX,2025,5,14135
test_temporal,KDIX,2025,1,2112
test_temporal,KDIX,2025,2,3670
test_temporal,KDIX,2025,3,4731
test_temporal,KDIX,2025,4,5472
test_temporal,KDIX,2025,5,5915
test_temporal,KDLH,2025,1,2080
test_temporal,KDLH,2025,2,3526
test_temporal,KDLH,2025,3,4419
test_temporal,KDLH,2025,4,5012
test_temporal,KDLH,2025,5,5430
test_temporal,KDMX,2025,1,2968
test_temporal,KDMX,2025,2,5186
test_temporal,KDMX,2025,3,6921
test_temporal,KDMX,2025,4,8244
test_temporal,KDMX,2025,5,9220
test_temporal,KDTX,2025,1,1413
test_temporal,KDTX,2025,2,2380
test_temporal,KDTX,2025,3,2988
test_temporal,KDTX,2025,4,3288
test_temporal,KDTX,2025,5,3315
test_temporal,KDVN,2025,1,3201
test_temporal,KDVN,2025,2,5616
test_temporal,KDVN,2025,3,7482
test_temporal,KDVN,2025,4,9032
test_temporal,KDVN,2025,5,10120
test_temporal,KDYX,2025,1,3445
test_temporal,KDYX,2025,2,5656
test_temporal,KDYX,2025,3,7461
test_temporal,KDYX,2025,4,8988
test_temporal,KDYX,2025,5,10160
test_temporal,KENX,2025,1,1661
test_temporal,KENX,2025,2,2898
test_temporal,KENX,2025,3,3777
test_temporal,KENX,2025,4,4308
test_temporal,KENX,2025,5,4375
test_temporal,KEOX,2025,1,2632
test_temporal,KEOX,2025,2,4324
test_temporal,KEOX,2025,3,5271
test_temporal,KEOX,2025,4,5764
test_temporal,KEOX,2025,5,6165
test_temporal,KESX,2025,1,164
test_temporal,KESX,2025,2,288
test_temporal,KESX,2025,3,381
test_temporal,KESX,2025,4,460
test_temporal,KESX,2025,5,500
test_temporal,KEVX,2025,1,2575
test_temporal,KEVX,2025,2,4250
test_temporal,KEVX,2025,3,5361
test_temporal,KEVX,2025,4,6232
test_temporal,KEVX,2025,5,6765
test_temporal,KEWX,2025,1,5003
test_temporal,KEWX,2025,2,9112
test_temporal,KEWX,2025,3,12777
test_temporal,KEWX,2025,4,16188
test_temporal,KEWX,2025,5,19235
test_temporal,KEYX,2025,1,586
test_temporal,KEYX,2025,2,1028
test_temporal,KEYX,2025,3,1308
test_temporal,KEYX,2025,4,1392
test_temporal,KEYX,2025,5,1305
test_temporal,KFCX,2025,1,2691
test_temporal,KFCX,2025,2,4658
test_temporal,KFCX,2025,3,6096
test_temporal,KFCX,2025,4,6892
test_temporal,KFCX,2025,5,7040
test_temporal,KFDR,2025,1,2818
test_temporal,KFDR,2025,2,4668
test_temporal,KFDR,2025,3,5841
test_temporal,KFDR,2025,4,6648
test_temporal,KFDR,2025,5,7365
test_temporal,KFDX,2025,1,1052
test_temporal,KFDX,2025,2,1560
test_temporal,KFDX,2025,3,1767
test_temporal,KFDX,2025,4,1832
test_temporal,KFDX,2025,5,1865
test_temporal,KFSD,2025,1,1967
test_temporal,KFSD,2025,2,3488
test_temporal,KFSD,2025,3,4644
test_temporal,KFSD,2025,4,5420
test_temporal,KFSD,2025,5,5860
test_temporal,KFSX,2025,1,622
test_temporal,KFSX,2025,2,928
test_temporal,KFSX,2025,3,963
test_temporal,KFSX,2025,4,756
test_temporal,KFSX,2025,5,395
test_temporal,KFTG,2025,1,1071
test_temporal,KFTG,2025,2,1684
test_temporal,KFTG,2025,3,1911
test_temporal,KFTG,2025,4,1832
test_temporal,KFTG,2025,5,1625
test_temporal,KFWS,2025,1,4180
test_temporal,KFWS,2025,2,7804
test_temporal,KFWS,2025,3,10941
test_temporal,KFWS,2025,4,13704
test_temporal,KFWS,2025,5,16065
test_temporal,KGGW,2025,1,729
test_temporal,KGGW,2025,2,1194
test_temporal,KGGW,2025,3,1437
test_temporal,KGGW,2025,4,1584
test_temporal,KGGW,2025,5,1745
test_temporal,KGRB,2025,1,2282
test_temporal,KGRB,2025,2,3930
test_temporal,KGRB,2025,3,5109
test_temporal,KGRB,2025,4,5908
test_temporal,KGRB,2025,5,6445
test_temporal,KGRK,2025,1,3400
test_temporal,KGRK,2025,2,6300
test_temporal,KGRK,2025,3,8865
test_temporal,KGRK,2025,4,11120
test_temporal,KGRK,2025,5,13075
test_temporal,KGRR,2025,1,2196
test_temporal,KGRR,2025,2,3670
test_temporal,KGRR,2025,3,4638
test_temporal,KGRR,2025,4,5204
test_temporal,KGRR,2025,5,5505
test_temporal,KGSP,2025,1,4024
test_temporal,KGSP,2025,2,7340
test_temporal,KGSP,2025,3,9927
test_temporal,KGSP,2025,4,11904
test_temporal,KGSP,2025,5,13310
test_temporal,KGWX,2025,1,4127
test_temporal,KGWX,2025,2,7492
test_temporal,KGWX,2025,3,10176
test_temporal,KGWX,2025,4,12348
test_temporal,KGWX,2025,5,14170
test_temporal,KHDX,2025,1,2033
test_temporal,KHDX,2025,2,3372
test_temporal,KHDX,2025,3,4107
test_temporal,KHDX,2025,4,4456
test_temporal,KHDX,2025,5,4605
test_temporal,KHGX,2025,1,3941
test_temporal,KHGX,2025,2,6964
test_temporal,KHGX,2025,3,9714
test_temporal,KHGX,2025,4,12224
test_temporal,KHGX,2025,5,14575
test_temporal,KHNX,2025,1,2499
test_temporal,KHNX,2025,2,4188
test_temporal,KHNX,2025,3,5499
test_temporal,KHNX,2025,4,6660
test_temporal,KHNX,2025,5,7660
test_temporal,KHPX,2025,1,3443
test_temporal,KHPX,2025,2,6384
test_temporal,KHPX,2025,3,8877
test_temporal,KHPX,2025,4,10828
test_temporal,KHPX,2025,5,12190
test_temporal,KILN,2025,1,2965
test_temporal,KILN,2025,2,5314
test_temporal,KILN,2025,3,7023
test_temporal,KILN,2025,4,8272
test_temporal,KILN,2025,5,9115
test_temporal,KILX,2025,1,2953
test_temporal,KILX,2025,2,4940
test_temporal,KILX,2025,3,6381
test_temporal,KILX,2025,4,7588
test_temporal,KILX,2025,5,8410
test_temporal,KINX,2025,1,3478
test_temporal,KINX,2025,2,6292
test_temporal,KINX,2025,3,8499
test_temporal,KINX,2025,4,10272
test_temporal,KINX,2025,5,11570
test_temporal,KIWA,2025,1,2767
test_temporal,KIWA,2025,2,4976
test_temporal,KIWA,2025,3,6654
test_temporal,KIWA,2025,4,7844
test_temporal,KIWA,2025,5,8620
test_temporal,KIWX,2025,1,2312
test_temporal,KIWX,2025,2,4056
test_temporal,KIWX,2025,3,5328
test_temporal,KIWX,2025,4,6244
test_temporal,KIWX,2025,5,6840
test_temporal,KJAX,2025,1,4201
test_temporal,KJAX,2025,2,7140
test_temporal,KJAX,2025,3,9012
test_temporal,KJAX,2025,4,10168
test_temporal,KJAX,2025,5,10810
test_temporal,KJKL,2025,1,3176
test_temporal,KJKL,2025,2,5640
test_temporal,KJKL,2025,3,7620
test_temporal,KJKL,2025,4,9168
test_temporal,KJKL,2025,5,10245
test_temporal,KLBB,2025,1,1432
test_temporal,KLBB,2025,2,2242
test_temporal,KLBB,2025,3,2679
test_temporal,KLBB,2025,4,2916
test_temporal,KLBB,2025,5,3110
test_temporal,KLCH,2025,1,2933
test_temporal,KLCH,2025,2,4776
test_temporal,KLCH,2025,3,6024
test_temporal,KLCH,2025,4,6964
test_temporal,KLCH,2025,5,7600
test_temporal,KLGX,2025,1,1012
test_temporal,KLGX,2025,2,1754
test_temporal,KLGX,2025,3,2346
test_temporal,KLGX,2025,4,2840
test_temporal,KLGX,2025,5,3230
test_temporal,KLNX,2025,1,1604
test_temporal,KLNX,2025,2,2854
test_temporal,KLNX,2025,3,3789
test_temporal,KLNX,2025,4,4408
test_temporal,KLNX,2025,5,4760
test_temporal,KLOT,2025,1,2541
test_temporal,KLOT,2025,2,4494
test_temporal,KLOT,2025,3,5988
test_temporal,KLOT,2025,4,7128
test_temporal,KLOT,2025,5,8040
test_temporal,KLRX,2025,1,94
test_temporal,KLRX,2025,2,124
test_temporal,KLRX,2025,3,117
test_temporal,KLRX,2025,4,88
test_temporal,KLRX,2025,5,45
test_temporal,KLSX,2025,1,4171
test_temporal,KLSX,2025,2,7470
test_temporal,KLSX,2025,3,10089
test_temporal,KLSX,2025,4,12296
test_temporal,KLSX,2025,5,14155
test_temporal,KLTX,2025,1,2136
test_temporal,KLTX,2025,2,3514
test_temporal,KLTX,2025,3,4317
test_temporal,KLTX,2025,4,4656
test_temporal,KLTX,2025,5,4720
test_temporal,KLVX,2025,1,3426
test_temporal,KLVX,2025,2,6310
test_temporal,KLVX,2025,3,8601
test_temporal,KLVX,2025,4,10352
test_temporal,KLVX,2025,5,11590
test_temporal,KLWX,2025,1,3239
test_temporal,KLWX,2025,2,5814
test_temporal,KLWX,2025,3,7836
test_temporal,KLWX,2025,4,9456
test_temporal,KLWX,2025,5,10725
test_temporal,KLZK,2025,1,3914
test_temporal,KLZK,2025,2,7084
test_temporal,KLZK,2025,3,9720
test_temporal,KLZK,2025,4,11932
test_temporal,KLZK,2025,5,13635
test_temporal,KMAF,2025,1,1691
test_temporal,KMAF,2025,2,2752
test_temporal,KMAF,2025,3,3393
test_temporal,KMAF,2025,4,3740
test_temporal,KMAF,2025,5,3830
test_temporal,KMAX,2025,1,536
test_temporal,KMAX,2025,2,802
test_temporal,KMAX,2025,3,801
test_temporal,KMAX,2025,4,596
test_temporal,KMAX,2025,5,295
test_temporal,KMBX,2025,1,1301
test_temporal,KMBX,2025,2,2160
test_temporal,KMBX,2025,3,2772
test_temporal,KMBX,2025,4,3164
test_temporal,KMBX,2025,5,3340
test_temporal,KMHX,2025,1,1237
test_temporal,KMHX,2025,2,1808
test_temporal,KMHX,2025,3,1935
test_temporal,KMHX,2025,4,1896
test_temporal,KMHX,2025,5,1695
test_temporal,KMLB,2025,1,1877
test_temporal,KMLB,2025,2,2708
test_temporal,KMLB,2025,3,2877
test_temporal,KMLB,2025,4,2668
test_temporal,KMLB,2025,5,2310
test_temporal,KMOB,2025,1,2444
test_temporal,KMOB,2025,2,4138
test_temporal,KMOB,2025,3,5280
test_temporal,KMOB,2025,4,6052
test_temporal,KMOB,2025,5,6545
test_temporal,KMPX,2025,1,2332
test_temporal,KMPX,2025,2,4230
test_temporal,KMPX,2025,3,5811
test_temporal,KMPX,2025,4,7028
test_temporal,KMPX,2025,5,7800
test_temporal,KMQT,2025,1,925
test_temporal,KMQT,2025,2,1492
test_temporal,KMQT,2025,3,1797
test_temporal,KMQT,2025,4,1876
test_temporal,KMQT,2025,5,1780
test_temporal,KMRX,2025,1,3681
test_temporal,KMRX,2025,2,6922
test_temporal,KMRX,2025,3,9678
test_temporal,KMRX,2025,4,11912
test_temporal,KMRX,2025,5,13485
test_temporal,KMSX,2025,1,199
test_temporal,KMSX,2025,2,192
test_temporal,KMSX,2025,3,93
test_temporal,KMSX,2025,4,20
test_temporal,KMTX,2025,1,420
test_temporal,KMTX,2025,2,644
test_temporal,KMTX,2025,3,720
test_temporal,KMTX,2025,4,708
test_temporal,KMTX,2025,5,595
test_temporal,KMUX,2025,1,1015
test_temporal,KMUX,2025,2,1810
test_temporal,KMUX,2025,3,2400
test_temporal,KMUX,2025,4,2808
test_temporal,KMUX,2025,5,3005
test_temporal,KMVX,2025,1,1866
test_temporal,KMVX,2025,2,3326
test_temporal,KMVX,2025,3,4383
test_temporal,KMVX,2025,4,5096
test_temporal,KMVX,2025,5,5500
test_temporal,KMXX,2025,1,3313
test_temporal,KMXX,2025,2,5716
test_temporal,KMXX,2025,3,7338
test_temporal,KMXX,2025,4,8304
test_temporal,KMXX,2025,5,9010
test_temporal,KNKX,2025,1,1505
test_temporal,KNKX,2025,2,2732
test_temporal,KNKX,2025,3,3672
test_temporal,KNKX,2025,4,4320
test_temporal,KNKX,2025,5,4685
test_temporal,KNQA,2025,1,4194
test_temporal,KNQA,2025,2,7780
test_temporal,KNQA,2025,3,10824
test_temporal,KNQA,2025,4,13424
test_temporal,KNQA,2025,5,15570
test_temporal,KOAX,2025,1,3107
test_temporal,KOAX,2025,2,5404
test_temporal,KOAX,2025,3,7137
test_temporal,KOAX,2025,4,8524
test_temporal,KOAX,2025,5,9600
test_temporal,KOHX,2025,1,3900
test_temporal,KOHX,2025,2,7264
test_temporal,KOHX,2025,3,10254
test_temporal,KOHX,2025,4,12780
test_temporal,KOHX,2025,5,14735
test_temporal,KOKX,2025,1,1294
test_temporal,KOKX,2025,2,2126
test_temporal,KOKX,2025,3,2643
test_temporal,KOKX,2025,4,2876
test_temporal,KOKX,2025,5,2895
test_temporal,KOTX,2025,1,1068
test_temporal,KOTX,2025,2,1840
test_temporal,KOTX,2025,3,2448
test_temporal,KOTX,2025,4,2944
test_temporal,KOTX,2025,5,3225
test_temporal,KPAH,2025,1,4264
test_temporal,KPAH,2025,2,7892
test_temporal,KPAH,2025,3,11121
test_temporal,KPAH,2025,4,13996
test_temporal,KPAH,2025,5,16355
test_temporal,KPBZ,2025,1,2309
test_temporal,KPBZ,2025,2,4062
test_temporal,KPBZ,2025,3,5340
test_temporal,KPBZ,2025,4,6192
test_temporal,KPBZ,2025,5,6625
test_temporal,KPDT,2025,1,1326
test_temporal,KPDT,2025,2,2428
test_temporal,KPDT,2025,3,3345
test_temporal,KPDT,2025,4,4020
test_temporal,KPDT,2025,5,4380
test_temporal,KPUX,2025,1,1092
test_temporal,KPUX,2025,2,1770
test_temporal,KPUX,2025,3,2142
test_temporal,KPUX,2025,4,2260
test_temporal,KPUX,2025,5,2265
test_temporal,KRGX,2025,1,3
test_temporal,KRGX,2025,2,2
test_temporal,KRIW,2025,1,523
test_temporal,KRIW,2025,2,782
test_temporal,KRIW,2025,3,870
test_temporal,KRIW,2025,4,836
test_temporal,KRIW,2025,5,745
test_temporal,KRLX,2025,1,3369
test_temporal,KRLX,2025,2,6204
test_temporal,KRLX,2025,3,8559
test_temporal,KRLX,2025,4,10476
test_temporal,KRLX,2025,5,11830
test_temporal,KRTX,2025,1,1436
test_temporal,KRTX,2025,2,2598
test_temporal,KRTX,2025,3,3519
test_temporal,KRTX,2025,4,4252
test_temporal,KRTX,2025,5,4780
test_temporal,KSFX,2025,1,1009
test_temporal,KSFX,2025,2,1598
test_temporal,KSFX,2025,3,1917
test_temporal,KSFX,2025,4,2088
test_temporal,KSFX,2025,5,2095
test_temporal,KSGF,2025,1,3491
test_temporal,KSGF,2025,2,6176
test_temporal,KSGF,2025,3,8172
test_temporal,KSGF,2025,4,9648
test_temporal,KSGF,2025,5,10650
test_temporal,KSHV,2025,1,3990
test_temporal,KSHV,2025,2,7078
test_temporal,KSHV,2025,3,9612
test_temporal,KSHV,2025,4,11884
test_temporal,KSHV,2025,5,13670
test_temporal,KSJT,2025,1,2407
test_temporal,KSJT,2025,2,4044
test_temporal,KSJT,2025,3,5244
test_temporal,KSJT,2025,4,6052
test_temporal,KSJT,2025,5,6445
test_temporal,KSOX,2025,1,1143
test_temporal,KSOX,2025,2,1940
test_temporal,KSOX,2025,3,2445
test_temporal,KSOX,2025,4,2716
test_temporal,KSOX,2025,5,2900
test_temporal,KSRX,2025,1,4172
test_temporal,KSRX,2025,2,7642
test_temporal,KSRX,2025,3,10506
test_temporal,KSRX,2025,4,12932
test_temporal,KSRX,2025,5,14935
test_temporal,KTBW,2025,1,2417
test_temporal,KTBW,2025,2,3708
test_temporal,KTBW,2025,3,4509
test_temporal,KTBW,2025,4,5020
test_temporal,KTBW,2025,5,5260
test_temporal,KTLH,2025,1,2594
test_temporal,KTLH,2025,2,4296
test_temporal,KTLH,2025,3,5334
test_temporal,KTLH,2025,4,5868
test_temporal,KTLH,2025,5,6175
test_temporal,KTLX,2025,1,3363
test_temporal,KTLX,2025,2,5966
test_temporal,KTLX,2025,3,7983
test_temporal,KTLX,2025,4,9436
test_temporal,KTLX,2025,5,10470
test_temporal,KTWX,2025,1,2429
test_temporal,KTWX,2025,2,4208
test_temporal,KTWX,2025,3,5541
test_temporal,KTWX,2025,4,6480
test_temporal,KTWX,2025,5,7190
test_temporal,KTYX,2025,1,1344
test_temporal,KTYX,2025,2,2198
test_temporal,KTYX,2025,3,2697
test_temporal,KTYX,2025,4,2904
test_temporal,KTYX,2025,5,2830
test_temporal,KUDX,2025,1,1716
test_temporal,KUDX,2025,2,2994
test_temporal,KUDX,2025,3,3948
test_temporal,KUDX,2025,4,4660
test_temporal,KUDX,2025,5,5155
test_temporal,KUEX,2025,1,2524
test_temporal,KUEX,2025,2,4172
test_temporal,KUEX,2025,3,5274
test_temporal,KUEX,2025,4,6040
test_temporal,KUEX,2025,5,6610
test_temporal,KVAX,2025,1,2915
test_temporal,KVAX,2025,2,4876
test_temporal,KVAX,2025,3,6162
test_temporal,KVAX,2025,4,7164
test_temporal,KVAX,2025,5,7840
test_temporal,KVNX,2025,1,2773
test_temporal,KVNX,2025,2,4718
test_temporal,KVNX,2025,3,6006
test_temporal,KVNX,2025,4,6872
test_temporal,KVNX,2025,5,7475
test_temporal,KVTX,2025,1,318
test_temporal,KVTX,2025,2,474
test_temporal,KVTX,2025,3,519
test_temporal,KVTX,2025,4,484
test_temporal,KVTX,2025,5,460
test_temporal,KYUX,2025,1,688
test_temporal,KYUX,2025,2,1024
test_temporal,KYUX,2025,3,1191
test_temporal,KYUX,2025,4,1332
test_temporal,KYUX,2025,5,1425
train,KABR,2013,1,1821
train,KABR,2013,2,2862
train,KABR,2013,3,3510
train,KABR,2013,4,3932
train,KABR,2013,5,4280
train,KABR,2014,1,1628
train,KABR,2014,2,2458
train,KABR,2014,3,2901
train,KABR,2014,4,3244
train,KABR,2014,5,3520
train,KABR,2015,1,1686
train,KABR,2015,2,2704
train,KABR,2015,3,3453
train,KABR,2015,4,4048
train,KABR,2015,5,4555
train,KABR,2016,1,1903
train,KABR,2016,2,3130
train,KABR,2016,3,3963
train,KABR,2016,4,4424
train,KABR,2016,5,4725
train,KABR,2017,1,1528
train,KABR,2017,2,2422
train,KABR,2017,3,3030
train,KABR,2017,4,3500
train,KABR,2017,5,3810
train,KABR,2018,1,1495
train,KABR,2018,2,2396
train,KABR,2018,3,2961
train,KABR,2018,4,3240
train,KABR,2018,5,3375
train,KABR,2019,1,1765
train,KABR,2019,2,2692
train,KABR,2019,3,3147
train,KABR,2019,4,3304
train,KABR,2019,5,3445
train,KABR,2020,1,1783
train,KABR,2020,2,2726
train,KABR,2020,3,3267
train,KABR,2020,4,3540
train,KABR,2020,5,3730
train,KABR,2021,1,1513
train,KABR,2021,2,2456
train,KABR,2021,3,2952
train,KABR,2021,4,3140
train,KABR,2021,5,3120
train,KABR,2022,1,1758
train,KABR,2022,2,2896
train,KABR,2022,3,3597
train,KABR,2022,4,4048
train,KABR,2022,5,4350
train,KABR,2023,1,1907
train,KABR,2023,2,3098
train,KABR,2023,3,3789
train,KABR,2023,4,4164
train,KABR,2023,5,4470
train,KABR,2024,1,1404
train,KABR,2024,2,2324
train,KABR,2024,3,2907
train,KABR,2024,4,3208
train,KABR,2024,5,3350
train,KABX,2013,1,1535
train,KABX,2013,2,2488
train,KABX,2013,3,2952
train,KABX,2013,4,3036
train,KABX,2013,5,2765
train,KABX,2014,1,2217
train,KABX,2014,2,3748
train,KABX,2014,3,4806
train,KABX,2014,4,5480
train,KABX,2014,5,5650
train,KABX,2015,1,2067
train,KABX,2015,2,3532
train,KABX,2015,3,4467
train,KABX,2015,4,5048
train,KABX,2015,5,5205
train,KABX,2016,1,1361
train,KABX,2016,2,2064
train,KABX,2016,3,2442
train,KABX,2016,4,2724
train,KABX,2016,5,2835
train,KABX,2017,1,1504
train,KABX,2017,2,2486
train,KABX,2017,3,3072
train,KABX,2017,4,3400
train,KABX,2017,5,3380
train,KABX,2018,1,1416
train,KABX,2018,2,2366
train,KABX,2018,3,2934
train,KABX,2018,4,3320
train,KABX,2018,5,3490
train,KABX,2019,1,1817
train,KABX,2019,2,3038
train,KABX,2019,3,3852
train,KABX,2019,4,4356
train,KABX,2019,5,4425
train,KABX,2020,1,1318
train,KABX,2020,2,2188
train,KABX,2020,3,2745
train,KABX,2020,4,3072
train,KABX,2020,5,3205
train,KABX,2021,1,1094
train,KABX,2021,2,1734
train,KABX,2021,3,2013
train,KABX,2021,4,2092
train,KABX,2021,5,1990
train,KABX,2022,1,1442
train,KABX,2022,2,2440
train,KABX,2022,3,3102
train,KABX,2022,4,3432
train,KABX,2022,5,3435
train,KABX,2023,1,1856
train,KABX,2023,2,3166
train,KABX,2023,3,3975
train,KABX,2023,4,4372
train,KABX,2023,5,4250
train,KABX,2024,1,1586
train,KABX,2024,2,2586
train,KABX,2024,3,3057
train,KABX,2024,4,3164
train,KABX,2024,5,2980
train,KAKQ,2013,1,2310
train,KAKQ,2013,2,3826
train,KAKQ,2013,3,4896
train,KAKQ,2013,4,5668
train,KAKQ,2013,5,6245
train,KAKQ,2014,1,2344
train,KAKQ,2014,2,3662
train,KAKQ,2014,3,4434
train,KAKQ,2014,4,4968
train,KAKQ,2014,5,5365
train,KAKQ,2015,1,2123
train,KAKQ,2015,2,3338
train,KAKQ,2015,3,3966
train,KAKQ,2015,4,4272
train,KAKQ,2015,5,4455
train,KAKQ,2016,1,1891
train,KAKQ,2016,2,2916
train,KAKQ,2016,3,3597
train,KAKQ,2016,4,4120
train,KAKQ,2016,5,4450
train,KAKQ,2017,1,2187
train,KAKQ,2017,2,3422
train,KAKQ,2017,3,4182
train,KAKQ,2017,4,4544
train,KAKQ,2017,5,4820
train,KAKQ,2018,1,2213
train,KAKQ,2018,2,3642
train,KAKQ,2018,3,4506
train,KAKQ,2018,4,4836
train,KAKQ,2018,5,4910
train,KAKQ,2019,1,2324
train,KAKQ,2019,2,3686
train,KAKQ,2019,3,4443
train,KAKQ,2019,4,4824
train,KAKQ,2019,5,5005
train,KAKQ,2020,1,2151
train,KAKQ,2020,2,3478
train,KAKQ,2020,3,4260
train,KAKQ,2020,4,4680
train,KAKQ,2020,5,4940
train,KAKQ,2021,1,2153
train,KAKQ,2021,2,3378
train,KAKQ,2021,3,4029
train,KAKQ,2021,4,4392
train,KAKQ,2021,5,4705
train,KAKQ,2022,1,2023
train,KAKQ,2022,2,3372
train,KAKQ,2022,3,4245
train,KAKQ,2022,4,4756
train,KAKQ,2022,5,5045
train,KAKQ,2023,1,2360
train,KAKQ,2023,2,3892
train,KAKQ,2023,3,4800
train,KAKQ,2023,4,5320
train,KAKQ,2023,5,5700
train,KAKQ,2024,1,2633
train,KAKQ,2024,2,4538
train,KAKQ,2024,3,5799
train,KAKQ,2024,4,6600
train,KAKQ,2024,5,6965
train,KAMA,2013,1,1019
train,KAMA,2013,2,1534
train,KAMA,2013,3,1743
train,KAMA,2013,4,1784
train,KAMA,2013,5,1685
train,KAMA,2014,1,1567
train,KAMA,2014,2,2468
train,KAMA,2014,3,2922
train,KAMA,2014,4,3148
train,KAMA,2014,5,3225
train,KAMA,2015,1,1828
train,KAMA,2015,2,2880
train,KAMA,2015,3,3546
train,KAMA,2015,4,4016
train,KAMA,2015,5,4370
train,KAMA,2016,1,1385
train,KAMA,2016,2,2172
train,KAMA,2016,3,2625
train,KAMA,2016,4,2924
train,KAMA,2016,5,3110
train,KAMA,2017,1,1397
train,KAMA,2017,2,2156
train,KAMA,2017,3,2631
train,KAMA,2017,4,2944
train,KAMA,2017,5,3150
train,KAMA,2018,1,1313
train,KAMA,2018,2,1954
train,KAMA,2018,3,2283
train,KAMA,2018,4,2420
train,KAMA,2018,5,2415
train,KAMA,2019,1,1731
train,KAMA,2019,2,2644
train,KAMA,2019,3,3078
train,KAMA,2019,4,3200
train,KAMA,2019,5,3240
train,KAMA,2020,1,1341
train,KAMA,2020,2,2214
train,KAMA,2020,3,2832
train,KAMA,2020,4,3264
train,KAMA,2020,5,3540
train,KAMA,2021,1,1408
train,KAMA,2021,2,2058
train,KAMA,2021,3,2274
train,KAMA,2021,4,2156
train,KAMA,2021,5,1975
train,KAMA,2022,1,1055
train,KAMA,2022,2,1594
train,KAMA,2022,3,1869
train,KAMA,2022,4,1980
train,KAMA,2022,5,2060
train,KAMA,2023,1,1997
train,KAMA,2023,2,3258
train,KAMA,2023,3,3963
train,KAMA,2023,4,4276
train,KAMA,2023,5,4315
train,KAMA,2024,1,1277
train,KAMA,2024,2,1986
train,KAMA,2024,3,2385
train,KAMA,2024,4,2556
train,KAMA,2024,5,2635
train,KAMX,2013,1,1510
train,KAMX,2013,2,2154
train,KAMX,2013,3,2376
train,KAMX,2013,4,2456
train,KAMX,2013,5,2360
train,KAMX,2014,1,1191
train,KAMX,2014,2,1862
train,KAMX,2014,3,2271
train,KAMX,2014,4,2444
train,KAMX,2014,5,2425
train,KAMX,2015,1,1466
train,KAMX,2015,2,2190
train,KAMX,2015,3,2538
train,KAMX,2015,4,2676
train,KAMX,2015,5,2610
train,KAMX,2016,1,1389
train,KAMX,2016,2,2032
train,KAMX,2016,3,2301
train,KAMX,2016,4,2416
train,KAMX,2016,5,2395
train,KAMX,2017,1,1080
train,KAMX,2017,2,1608
train,KAMX,2017,3,1782
train,KAMX,2017,4,1772
train,KAMX,2017,5,1595
train,KAMX,2018,1,909
train,KAMX,2018,2,1184
train,KAMX,2018,3,1185
train,KAMX,2018,4,1088
train,KAMX,2018,5,930
train,KAMX,2019,1,1251
train,KAMX,2019,2,1700
train,KAMX,2019,3,1890
train,KAMX,2019,4,1964
train,KAMX,2019,5,2010
train,KAMX,2020,1,975
train,KAMX,2020,2,1372
train,KAMX,2020,3,1596
train,KAMX,2020,4,1708
train,KAMX,2020,5,1660
train,KAMX,2021,1,1286
train,KAMX,2021,2,1980
train,KAMX,2021,3,2343
train,KAMX,2021,4,2452
train,KAMX,2021,5,2350
train,KAMX,2022,1,1646
train,KAMX,2022,2,2478
train,KAMX,2022,3,2928
train,KAMX,2022,4,3092
train,KAMX,2022,5,2985
train,KAMX,2023,1,1701
train,KAMX,2023,2,2652
train,KAMX,2023,3,3108
train,KAMX,2023,4,3240
train,KAMX,2023,5,3235
train,KAMX,2024,1,1582
train,KAMX,2024,2,2330
train,KAMX,2024,3,2652
train,KAMX,2024,4,2748
train,KAMX,2024,5,2740
train,KAPX,2013,1,1058
train,KAPX,2013,2,1698
train,KAPX,2013,3,2073
train,KAPX,2013,4,2256
train,KAPX,2013,5,2245
train,KAPX,2014,1,946
train,KAPX,2014,2,1436
train,KAPX,2014,3,1668
train,KAPX,2014,4,1796
train,KAPX,2014,5,1790
train,KAPX,2015,1,970
train,KAPX,2015,2,1492
train,KAPX,2015,3,1722
train,KAPX,2015,4,1732
train,KAPX,2015,5,1665
train,KAPX,2016,1,1169
train,KAPX,2016,2,1868
train,KAPX,2016,3,2250
train,KAPX,2016,4,2360
train,KAPX,2016,5,2355
train,KAPX,2017,1,1017
train,KAPX,2017,2,1580
train,KAPX,2017,3,1875
train,KAPX,2017,4,2020
train,KAPX,2017,5,2060
train,KAPX,2018,1,1006
train,KAPX,2018,2,1494
train,KAPX,2018,3,1728
train,KAPX,2018,4,1780
train,KAPX,2018,5,1700
train,KAPX,2019,1,892
train,KAPX,2019,2,1346
train,KAPX,2019,3,1578
train,KAPX,2019,4,1656
train,KAPX,2019,5,1625
train,KAPX,2020,1,932
train,KAPX,2020,2,1472
train,KAPX,2020,3,1779
train,KAPX,2020,4,1912
train,KAPX,2020,5,1980
train,KAPX,2021,1,1054
train,KAPX,2021,2,1732
train,KAPX,2021,3,2043
train,KAPX,2021,4,2088
train,KAPX,2021,5,1920
train,KAPX,2022,1,1124
train,KAPX,2022,2,1844
train,KAPX,2022,3,2253
train,KAPX,2022,4,2468
train,KAPX,2022,5,2525
train,KAPX,2023,1,1212
train,KAPX,2023,2,1936
train,KAPX,2023,3,2295
train,KAPX,2023,4,2432
train,KAPX,2023,5,2350
train,KAPX,2024,1,1185
train,KAPX,2024,2,1958
train,KAPX,2024,3,2394
train,KAPX,2024,4,2568
train,KAPX,2024,5,2520
train,KARX,2013,1,2087
train,KARX,2013,2,3664
train,KARX,2013,3,5016
train,KARX,2013,4,6164
train,KARX,2013,5,7055
train,KARX,2014,1,2138
train,KARX,2014,2,3646
train,KARX,2014,3,4782
train,KARX,2014,4,5564
train,KARX,2014,5,6045
train,KARX,2015,1,2512
train,KARX,2015,2,4248
train,KARX,2015,3,5523
train,KARX,2015,4,6524
train,KARX,2015,5,7355
train,KARX,2016,1,2168
train,KARX,2016,2,3668
train,KARX,2016,3,4761
train,KARX,2016,4,5612
train,KARX,2016,5,6215
train,KARX,2017,1,2166
train,KARX,2017,2,3778
train,KARX,2017,3,4959
train,KARX,2017,4,5836
train,KARX,2017,5,6450
train,KARX,2018,1,2206
train,KARX,2018,2,3812
train,KARX,2018,3,5073
train,KARX,2018,4,6028
train,KARX,2018,5,6725
train,KARX,2019,1,2483
train,KARX,2019,2,4316
train,KARX,2019,3,5694
train,KARX,2019,4,6704
train,KARX,2019,5,7440
train,KARX,2020,1,2129
train,KARX,2020,2,3762
train,KARX,2020,3,5070
train,KARX,2020,4,6100
train,KARX,2020,5,6790
train,KARX,2021,1,2175
train,KARX,2021,2,3752
train,KARX,2021,3,4953
train,KARX,2021,4,5836
train,KARX,2021,5,6385
train,KARX,2022,1,2222
train,KARX,2022,2,3850
train,KARX,2022,3,5016
train,KARX,2022,4,5824
train,KARX,2022,5,6385
train,KARX,2023,1,2229
train,KARX,2023,2,3816
train,KARX,2023,3,4902
train,KARX,2023,4,5624
train,KARX,2023,5,6105
train,KARX,2024,1,2065
train,KARX,2024,2,3622
train,KARX,2024,3,4857
train,KARX,2024,4,5832
train,KARX,2024,5,6545
train,KBBX,2013,1,4432
train,KBBX,2013,2,7972
train,KBBX,2013,3,10950
train,KBBX,2013,4,13668
train,KBBX,2013,5,16100
train,KBBX,2014,1,4340
train,KBBX,2014,2,7742
train,KBBX,2014,3,10638
train,KBBX,2014,4,13384
train,KBBX,2014,5,15875
train,KBBX,2015,1,4050
train,KBBX,2015,2,7232
train,KBBX,2015,3,9930
train,KBBX,2015,4,12412
train,KBBX,2015,5,14675
train,KBBX,2016,1,4520
train,KBBX,2016,2,8130
train,KBBX,2016,3,11211
train,KBBX,2016,4,14152
train,KBBX,2016,5,16820
train,KBBX,2017,1,4286
train,KBBX,2017,2,7698
train,KBBX,2017,3,10548
train,KBBX,2017,4,13188
train,KBBX,2017,5,15410
train,KBBX,2018,1,4030
train,KBBX,2018,2,7006
train,KBBX,2018,3,9351
train,KBBX,2018,4,11408
train,KBBX,2018,5,13145
train,KBBX,2019,1,3966
train,KBBX,2019,2,7222
train,KBBX,2019,3,10044
train,KBBX,2019,4,12552
train,KBBX,2019,5,14780
train,KBBX,2020,1,4381
train,KBBX,2020,2,7880
train,KBBX,2020,3,10902
train,KBBX,2020,4,13708
train,KBBX,2020,5,16125
train,KBBX,2021,1,4329
train,KBBX,2021,2,7884
train,KBBX,2021,3,10953
train,KBBX,2021,4,13752
train,KBBX,2021,5,16210
train,KBBX,2022,1,4162
train,KBBX,2022,2,7662
train,KBBX,2022,3,10692
train,KBBX,2022,4,13272
train,KBBX,2022,5,15470
train,KBBX,2023,1,4652
train,KBBX,2023,2,8548
train,KBBX,2023,3,11811
train,KBBX,2023,4,14680
train,KBBX,2023,5,17020
train,KBBX,2024,1,4575
train,KBBX,2024,2,8404
train,KBBX,2024,3,11670
train,KBBX,2024,4,14608
train,KBBX,2024,5,17085
train,KBGM,2013,1,1550
train,KBGM,2013,2,2582
train,KBGM,2013,3,3282
train,KBGM,2013,4,3700
train,KBGM,2013,5,3915
train,KBGM,2014,1,1362
train,KBGM,2014,2,2232
train,KBGM,2014,3,2787
train,KBGM,2014,4,3120
train,KBGM,2014,5,3310
train,KBGM,2015,1,1682
train,KBGM,2015,2,2848
train,KBGM,2015,3,3600
train,KBGM,2015,4,4040
train,KBGM,2015,5,4195
train,KBGM,2016,1,1698
train,KBGM,2016,2,2816
train,KBGM,2016,3,3513
train,KBGM,2016,4,3788
train,KBGM,2016,5,3855
train,KBGM,2017,1,1648
train,KBGM,2017,2,2784
train,KBGM,2017,3,3528
train,KBGM,2017,4,3976
train,KBGM,2017,5,4165
train,KBGM,2018,1,1507
train,KBGM,2018,2,2528
train,KBGM,2018,3,3195
train,KBGM,2018,4,3568
train,KBGM,2018,5,3770
train,KBGM,2019,1,1632
train,KBGM,2019,2,2624
train,KBGM,2019,3,3090
train,KBGM,2019,4,3240
train,KBGM,2019,5,3210
train,KBGM,2020,1,1531
train,KBGM,2020,2,2434
train,KBGM,2020,3,2892
train,KBGM,2020,4,3120
train,KBGM,2020,5,3120
train,KBGM,2021,1,1835
train,KBGM,2021,2,3070
train,KBGM,2021,3,3807
train,KBGM,2021,4,4092
train,KBGM,2021,5,4080
train,KBGM,2022,1,1714
train,KBGM,2022,2,2978
train,KBGM,2022,3,3873
train,KBGM,2022,4,4400
train,KBGM,2022,5,4535
train,KBGM,2023,1,1763
train,KBGM,2023,2,2944
train,KBGM,2023,3,3651
train,KBGM,2023,4,4040
train,KBGM,2023,5,4270
train,KBGM,2024,1,1954
train,KBGM,2024,2,3392
train,KBGM,2024,3,4398
train,KBGM,2024,4,5004
train,KBGM,2024,5,5300
train,KBHX,2013,1,175
train,KBHX,2013,2,302
train,KBHX,2013,3,393
train,KBHX,2013,4,480
train,KBHX,2013,5,560
train,KBHX,2014,1,285
train,KBHX,2014,2,506
train,KBHX,2014,3,678
train,KBHX,2014,4,780
train,KBHX,2014,5,835
train,KBHX,2015,1,280
train,KBHX,2015,2,458
train,KBHX,2015,3,564
train,KBHX,2015,4,636
train,KBHX,2015,5,720
train,KBHX,2016,1,241
train,KBHX,2016,2,422
train,KBHX,2016,3,561
train,KBHX,2016,4,716
train,KBHX,2016,5,845
train,KBHX,2017,1,173
train,KBHX,2017,2,292
train,KBHX,2017,3,372
train,KBHX,2017,4,412
train,KBHX,2017,5,435
train,KBHX,2018,1,88
train,KBHX,2018,2,154
train,KBHX,2018,3,204
train,KBHX,2018,4,240
train,KBHX,2018,5,275
train,KBHX,2019,1,171
train,KBHX,2019,2,290
train,KBHX,2019,3,387
train,KBHX,2019,4,492
train,KBHX,2019,5,540
train,KBHX,2020,1,175
train,KBHX,2020,2,286
train,KBHX,2020,3,315
train,KBHX,2020,4,308
train,KBHX,2020,5,295
train,KBHX,2021,1,65
train,KBHX,2021,2,104
train,KBHX,2021,3,135
train,KBHX,2021,4,152
train,KBHX,2021,5,145
train,KBHX,2022,1,105
train,KBHX,2022,2,132
train,KBHX,2022,3,90
train,KBHX,2022,4,36
train,KBHX,2022,5,30
train,KBHX,2023,1,234
train,KBHX,2023,2,416
train,KBHX,2023,3,549
train,KBHX,2023,4,656
train,KBHX,2023,5,725
train,KBHX,2024,1,102
train,KBHX,2024,2,182
train,KBHX,2024,3,246
train,KBHX,2024,4,304
train,KBHX,2024,5,350
train,KBIS,2013,1,1691
train,KBIS,2013,2,2826
train,KBIS,2013,3,3657
train,KBIS,2013,4,4152
train,KBIS,2013,5,4455
train,KBIS,2014,1,1795
train,KBIS,2014,2,2966
train,KBIS,2014,3,3870
train,KBIS,2014,4,4524
train,KBIS,2014,5,4940
train,KBIS,2015,1,2287
train,KBIS,2015,2,3782
train,KBIS,2015,3,4902
train,KBIS,2015,4,5652
train,KBIS,2015,5,6025
train,KBIS,2016,1,1995
train,KBIS,2016,2,3294
train,KBIS,2016,3,4200
train,KBIS,2016,4,4760
train,KBIS,2016,5,5025
train,KBIS,2017,1,2136
train,KBIS,2017,2,3570
train,KBIS,2017,3,4653
train,KBIS,2017,4,5404
train,KBIS,2017,5,5930
train,KBIS,2018,1,1542
train,KBIS,2018,2,2540
train,KBIS,2018,3,3273
train,KBIS,2018,4,3848
train,KBIS,2018,5,4280
train,KBIS,2019,1,1804
train,KBIS,2019,2,3036
train,KBIS,2019,3,3942
train,KBIS,2019,4,4536
train,KBIS,2019,5,4765
train,KBIS,2020,1,2092
train,KBIS,2020,2,3544
train,KBIS,2020,3,4683
train,KBIS,2020,4,5452
train,KBIS,2020,5,5810
train,KBIS,2021,1,1577
train,KBIS,2021,2,2644
train,KBIS,2021,3,3489
train,KBIS,2021,4,4084
train,KBIS,2021,5,4375
train,KBIS,2022,1,1763
train,KBIS,2022,2,3072
train,KBIS,2022,3,4074
train,KBIS,2022,4,4748
train,KBIS,2022,5,5170
train,KBIS,2023,1,2006
train,KBIS,2023,2,3488
train,KBIS,2023,3,4548
train,KBIS,2023,4,5272
train,KBIS,2023,5,5680
train,KBIS,2024,1,1474
train,KBIS,2024,2,2566
train,KBIS,2024,3,3429
train,KBIS,2024,4,4004
train,KBIS,2024,5,4300
train,KBOX,2013,1,845
train,KBOX,2013,2,1200
train,KBOX,2013,3,1290
train,KBOX,2013,4,1272
train,KBOX,2013,5,1160
train,KBOX,2014,1,942
train,KBOX,2014,2,1324
train,KBOX,2014,3,1434
train,KBOX,2014,4,1420
train,KBOX,2014,5,1405
train,KBOX,2015,1,664
train,KBOX,2015,2,874
train,KBOX,2015,3,882
train,KBOX,2015,4,764
train,KBOX,2015,5,600
train,KBOX,2016,1,771
train,KBOX,2016,2,974
train,KBOX,2016,3,876
train,KBOX,2016,4,732
train,KBOX,2016,5,575
train,KBOX,2017,1,658
train,KBOX,2017,2,942
train,KBOX,2017,3,1065
train,KBOX,2017,4,1036
train,KBOX,2017,5,965
train,KBOX,2018,1,683
train,KBOX,2018,2,984
train,KBOX,2018,3,1101
train,KBOX,2018,4,1060
train,KBOX,2018,5,965
train,KBOX,2019,1,746
train,KBOX,2019,2,1028
train,KBOX,2019,3,1077
train,KBOX,2019,4,980
train,KBOX,2019,5,825
train,KBOX,2020,1,842
train,KBOX,2020,2,1210
train,KBOX,2020,3,1380
train,KBOX,2020,4,1420
train,KBOX,2020,5,1360
train,KBOX,2021,1,1315
train,KBOX,2021,2,1886
train,KBOX,2021,3,2046
train,KBOX,2021,4,1968
train,KBOX,2021,5,1845
train,KBOX,2022,1,892
train,KBOX,2022,2,1340
train,KBOX,2022,3,1521
train,KBOX,2022,4,1552
train,KBOX,2022,5,1485
train,KBOX,2023,1,1160
train,KBOX,2023,2,1706
train,KBOX,2023,3,1890
train,KBOX,2023,4,1924
train,KBOX,2023,5,1825
train,KBOX,2024,1,1134
train,KBOX,2024,2,1700
train,KBOX,2024,3,1854
train,KBOX,2024,4,1824
train,KBOX,2024,5,1780
train,KBUF,2013,1,1529
train,KBUF,2013,2,2556
train,KBUF,2013,3,3318
train,KBUF,2013,4,3804
train,KBUF,2013,5,4000
train,KBUF,2014,1,1253
train,KBUF,2014,2,2080
train,KBUF,2014,3,2577
train,KBUF,2014,4,2828
train,KBUF,2014,5,2890
train,KBUF,2015,1,1148
train,KBUF,2015,2,1862
train,KBUF,2015,3,2271
train,KBUF,2015,4,2484
train,KBUF,2015,5,2480
train,KBUF,2016,1,1673
train,KBUF,2016,2,2712
train,KBUF,2016,3,3411
train,KBUF,2016,4,3940
train,KBUF,2016,5,4295
train,KBUF,2017,1,1628
train,KBUF,2017,2,2676
train,KBUF,2017,3,3378
train,KBUF,2017,4,3804
train,KBUF,2017,5,4030
train,KBUF,2018,1,1326
train,KBUF,2018,2,2172
train,KBUF,2018,3,2691
train,KBUF,2018,4,2972
train,KBUF,2018,5,2975
train,KBUF,2019,1,1437
train,KBUF,2019,2,2370
train,KBUF,2019,3,3009
train,KBUF,2019,4,3244
train,KBUF,2019,5,3135
train,KBUF,2020,1,1124
train,KBUF,2020,2,1818
train,KBUF,2020,3,2280
train,KBUF,2020,4,2516
train,KBUF,2020,5,2475
train,KBUF,2021,1,1264
train,KBUF,2021,2,2030
train,KBUF,2021,3,2553
train,KBUF,2021,4,2900
train,KBUF,2021,5,3015
train,KBUF,2022,1,1113
train,KBUF,2022,2,1934
train,KBUF,2022,3,2595
train,KBUF,2022,4,3044
train,KBUF,2022,5,3255
train,KBUF,2023,1,1510
train,KBUF,2023,2,2562
train,KBUF,2023,3,3333
train,KBUF,2023,4,3812
train,KBUF,2023,5,3895
train,KBUF,2024,1,1645
train,KBUF,2024,2,2808
train,KBUF,2024,3,3612
train,KBUF,2024,4,4180
train,KBUF,2024,5,4440
train,KBYX,2013,1,358
train,KBYX,2013,2,444
train,KBYX,2013,3,447
train,KBYX,2013,4,444
train,KBYX,2013,5,440
train,KBYX,2014,1,529
train,KBYX,2014,2,768
train,KBYX,2014,3,888
train,KBYX,2014,4,984
train,KBYX,2014,5,1040
train,KBYX,2015,1,498
train,KBYX,2015,2,646
train,KBYX,2015,3,606
train,KBYX,2015,4,528
train,KBYX,2015,5,425
train,KBYX,2016,1,585
train,KBYX,2016,2,816
train,KBYX,2016,3,885
train,KBYX,2016,4,868
train,KBYX,2016,5,800
train,KBYX,2017,1,417
train,KBYX,2017,2,518
train,KBYX,2017,3,462
train,KBYX,2017,4,404
train,KBYX,2017,5,340
train,KBYX,2018,1,334
train,KBYX,2018,2,460
train,KBYX,2018,3,492
train,KBYX,2018,4,484
train,KBYX,2018,5,435
train,KBYX,2019,1,278
train,KBYX,2019,2,388
train,KBYX,2019,3,423
train,KBYX,2019,4,412
train,KBYX,2019,5,395
train,KBYX,2020,1,313
train,KBYX,2020,2,464
train,KBYX,2020,3,510
train,KBYX,2020,4,456
train,KBYX,2020,5,365
train,KBYX,2021,1,372
train,KBYX,2021,2,582
train,KBYX,2021,3,711
train,KBYX,2021,4,728
train,KBYX,2021,5,665
train,KBYX,2022,1,471
train,KBYX,2022,2,608
train,KBYX,2022,3,573
train,KBYX,2022,4,476
train,KBYX,2022,5,375
train,KBYX,2023,1,526
train,KBYX,2023,2,678
train,KBYX,2023,3,660
train,KBYX,2023,4,576
train,KBYX,2023,5,475
train,KBYX,2024,1,563
train,KBYX,2024,2,806
train,KBYX,2024,3,864
train,KBYX,2024,4,820
train,KBYX,2024,5,720
train,KCAE,2013,1,3194
train,KCAE,2013,2,5570
train,KCAE,2013,3,7344
train,KCAE,2013,4,8560
train,KCAE,2013,5,9365
train,KCAE,2014,1,2941
train,KCAE,2014,2,4926
train,KCAE,2014,3,6186
train,KCAE,2014,4,6948
train,KCAE,2014,5,7350
train,KCAE,2015,1,2399
train,KCAE,2015,2,4054
train,KCAE,2015,3,5208
train,KCAE,2015,4,6008
train,KCAE,2015,5,6525
train,KCAE,2016,1,2872
train,KCAE,2016,2,4926
train,KCAE,2016,3,6384
train,KCAE,2016,4,7308
train,KCAE,2016,5,7855
train,KCAE,2017,1,3082
train,KCAE,2017,2,5352
train,KCAE,2017,3,7044
train,KCAE,2017,4,8288
train,KCAE,2017,5,9185
train,KCAE,2018,1,2819
train,KCAE,2018,2,4914
train,KCAE,2018,3,6474
train,KCAE,2018,4,7484
train,KCAE,2018,5,8070
train,KCAE,2019,1,3101
train,KCAE,2019,2,5422
train,KCAE,2019,3,7188
train,KCAE,2019,4,8456
train,KCAE,2019,5,9185
train,KCAE,2020,1,3419
train,KCAE,2020,2,5798
train,KCAE,2020,3,7506
train,KCAE,2020,4,8688
train,KCAE,2020,5,9300
train,KCAE,2021,1,3525
train,KCAE,2021,2,6308
train,KCAE,2021,3,8526
train,KCAE,2021,4,10160
train,KCAE,2021,5,11150
train,KCAE,2022,1,3197
train,KCAE,2022,2,5812
train,KCAE,2022,3,7908
train,KCAE,2022,4,9556
train,KCAE,2022,5,10720
train,KCAE,2023,1,2400
train,KCAE,2023,2,4216
train,KCAE,2023,3,5622
train,KCAE,2023,4,6528
train,KCAE,2023,5,6975
train,KCAE,2024,1,2755
train,KCAE,2024,2,4912
train,KCAE,2024,3,6507
train,KCAE,2024,4,7484
train,KCAE,2024,5,7950
train,KCBW,2013,1,995
train,KCBW,2013,2,1438
train,KCBW,2013,3,1638
train,KCBW,2013,4,1664
train,KCBW,2013,5,1650
train,KCBW,2014,1,1112
train,KCBW,2014,2,1648
train,KCBW,2014,3,1878
train,KCBW,2014,4,1956
train,KCBW,2014,5,1945
train,KCBW,2015,1,954
train,KCBW,2015,2,1330
train,KCBW,2015,3,1416
train,KCBW,2015,4,1368
train,KCBW,2015,5,1270
train,KCBW,2016,1,1023
train,KCBW,2016,2,1522
train,KCBW,2016,3,1740
train,KCBW,2016,4,1804
train,KCBW,2016,5,1780
train,KCBW,2017,1,1172
train,KCBW,2017,2,1850
train,KCBW,2017,3,2142
train,KCBW,2017,4,2140
train,KCBW,2017,5,1940
train,KCBW,2018,1,1500
train,KCBW,2018,2,2160
train,KCBW,2018,3,2394
train,KCBW,2018,4,2360
train,KCBW,2018,5,2180
train,KCBW,2019,1,1361
train,KCBW,2019,2,2014
train,KCBW,2019,3,2244
train,KCBW,2019,4,2244
train,KCBW,2019,5,2085
train,KCBW,2020,1,1492
train,KCBW,2020,2,2274
train,KCBW,2020,3,2604
train,KCBW,2020,4,2612
train,KCBW,2020,5,2505
train,KCBW,2021,1,1535
train,KCBW,2021,2,2322
train,KCBW,2021,3,2709
train,KCBW,2021,4,2844
train,KCBW,2021,5,2945
train,KCBW,2022,1,1311
train,KCBW,2022,2,2024
train,KCBW,2022,3,2337
train,KCBW,2022,4,2464
train,KCBW,2022,5,2520
train,KCBW,2023,1,1335
train,KCBW,2023,2,2044
train,KCBW,2023,3,2346
train,KCBW,2023,4,2428
train,KCBW,2023,5,2340
train,KCBW,2024,1,1247
train,KCBW,2024,2,1930
train,KCBW,2024,3,2232
train,KCBW,2024,4,2264
train,KCBW,2024,5,2205
train,KCBX,2013,1,1727
train,KCBX,2013,2,2998
train,KCBX,2013,3,3921
train,KCBX,2013,4,4580
train,KCBX,2013,5,4980
train,KCBX,2014,1,2230
train,KCBX,2014,2,3984
train,KCBX,2014,3,5367
train,KCBX,2014,4,6364
train,KCBX,2014,5,7025
train,KCBX,2015,1,1579
train,KCBX,2015,2,2756
train,KCBX,2015,3,3723
train,KCBX,2015,4,4380
train,KCBX,2015,5,4870
train,KCBX,2016,1,1603
train,KCBX,2016,2,2810
train,KCBX,2016,3,3693
train,KCBX,2016,4,4272
train,KCBX,2016,5,4545
train,KCBX,2017,1,2100
train,KCBX,2017,2,3672
train,KCBX,2017,3,4878
train,KCBX,2017,4,5700
train,KCBX,2017,5,6220
train,KCBX,2018,1,1881
train,KCBX,2018,2,3212
train,KCBX,2018,3,4173
train,KCBX,2018,4,4764
train,KCBX,2018,5,5020
train,KCBX,2019,1,2003
train,KCBX,2019,2,3680
train,KCBX,2019,3,5106
train,KCBX,2019,4,6264
train,KCBX,2019,5,7070
train,KCBX,2020,1,2125
train,KCBX,2020,2,3784
train,KCBX,2020,3,5034
train,KCBX,2020,4,5868
train,KCBX,2020,5,6405
train,KCBX,2021,1,1656
train,KCBX,2021,2,2834
train,KCBX,2021,3,3660
train,KCBX,2021,4,4148
train,KCBX,2021,5,4330
train,KCBX,2022,1,1732
train,KCBX,2022,2,3096
train,KCBX,2022,3,4101
train,KCBX,2022,4,4772
train,KCBX,2022,5,5110
train,KCBX,2023,1,1998
train,KCBX,2023,2,3572
train,KCBX,2023,3,4746
train,KCBX,2023,4,5588
train,KCBX,2023,5,6140
train,KCBX,2024,1,1656
train,KCBX,2024,2,2960
train,KCBX,2024,3,3879
train,KCBX,2024,4,4496
train,KCBX,2024,5,4915
train,KCCX,2013,1,1596
train,KCCX,2013,2,2748
train,KCCX,2013,3,3495
train,KCCX,2013,4,3912
train,KCCX,2013,5,4105
train,KCCX,2014,1,1318
train,KCCX,2014,2,2208
train,KCCX,2014,3,2751
train,KCCX,2014,4,2992
train,KCCX,2014,5,3105
train,KCCX,2015,1,1689
train,KCCX,2015,2,2872
train,KCCX,2015,3,3648
train,KCCX,2015,4,4104
train,KCCX,2015,5,4320
train,KCCX,2016,1,1504
train,KCCX,2016,2,2480
train,KCCX,2016,3,3024
train,KCCX,2016,4,3248
train,KCCX,2016,5,3295
train,KCCX,2017,1,1800
train,KCCX,2017,2,3092
train,KCCX,2017,3,3936
train,KCCX,2017,4,4408
train,KCCX,2017,5,4600
train,KCCX,2018,1,1577
train,KCCX,2018,2,2640
train,KCCX,2018,3,3276
train,KCCX,2018,4,3704
train,KCCX,2018,5,3930
train,KCCX,2019,1,1704
train,KCCX,2019,2,2818
train,KCCX,2019,3,3423
train,KCCX,2019,4,3604
train,KCCX,2019,5,3640
train,KCCX,2020,1,1358
train,KCCX,2020,2,2198
train,KCCX,2020,3,2616
train,KCCX,2020,4,2780
train,KCCX,2020,5,2860
train,KCCX,2021,1,1465
train,KCCX,2021,2,2384
train,KCCX,2021,3,2853
train,KCCX,2021,4,3040
train,KCCX,2021,5,2965
train,KCCX,2022,1,1338
train,KCCX,2022,2,2188
train,KCCX,2022,3,2610
train,KCCX,2022,4,2772
train,KCCX,2022,5,2815
train,KCCX,2023,1,1512
train,KCCX,2023,2,2544
train,KCCX,2023,3,3132
train,KCCX,2023,4,3452
train,KCCX,2023,5,3590
train,KCCX,2024,1,1860
train,KCCX,2024,2,3172
train,KCCX,2024,3,3969
train,KCCX,2024,4,4468
train,KCCX,2024,5,4760
train,KCLE,2013,1,1736
train,KCLE,2013,2,2966
train,KCLE,2013,3,3843
train,KCLE,2013,4,4348
train,KCLE,2013,5,4515
train,KCLE,2014,1,1750
train,KCLE,2014,2,2856
train,KCLE,2014,3,3600
train,KCLE,2014,4,3984
train,KCLE,2014,5,4060
train,KCLE,2015,1,1659
train,KCLE,2015,2,2758
train,KCLE,2015,3,3501
train,KCLE,2015,4,3976
train,KCLE,2015,5,4180
train,KCLE,2016,1,1508
train,KCLE,2016,2,2456
train,KCLE,2016,3,3180
train,KCLE,2016,4,3620
train,KCLE,2016,5,3780
train,KCLE,2017,1,1546
train,KCLE,2017,2,2492
train,KCLE,2017,3,3135
train,KCLE,2017,4,3484
train,KCLE,2017,5,3660
train,KCLE,2018,1,1632
train,KCLE,2018,2,2700
train,KCLE,2018,3,3315
train,KCLE,2018,4,3612
train,KCLE,2018,5,3685
train,KCLE,2019,1,1441
train,KCLE,2019,2,2312
train,KCLE,2019,3,2742
train,KCLE,2019,4,2768
train,KCLE,2019,5,2570
train,KCLE,2020,1,1208
train,KCLE,2020,2,1952
train,KCLE,2020,3,2412
train,KCLE,2020,4,2520
train,KCLE,2020,5,2440
train,KCLE,2021,1,1446
train,KCLE,2021,2,2378
train,KCLE,2021,3,2919
train,KCLE,2021,4,3216
train,KCLE,2021,5,3205
train,KCLE,2022,1,1413
train,KCLE,2022,2,2422
train,KCLE,2022,3,3138
train,KCLE,2022,4,3512
train,KCLE,2022,5,3605
train,KCLE,2023,1,1674
train,KCLE,2023,2,2850
train,KCLE,2023,3,3645
train,KCLE,2023,4,4116
train,KCLE,2023,5,4315
train,KCLE,2024,1,1565
train,KCLE,2024,2,2658
train,KCLE,2024,3,3396
train,KCLE,2024,4,3784
train,KCLE,2024,5,3930
train,KCLX,2013,1,3035
train,KCLX,2013,2,4838
train,KCLX,2013,3,5835
train,KCLX,2013,4,6224
train,KCLX,2013,5,6485
train,KCLX,2014,1,2935
train,KCLX,2014,2,4472
train,KCLX,2014,3,5148
train,KCLX,2014,4,5356
train,KCLX,2014,5,5570
train,KCLX,2015,1,2744
train,KCLX,2015,2,4186
train,KCLX,2015,3,4863
train,KCLX,2015,4,5148
train,KCLX,2015,5,5410
train,KCLX,2016,1,2959
train,KCLX,2016,2,4550
train,KCLX,2016,3,5355
train,KCLX,2016,4,5780
train,KCLX,2016,5,6035
train,KCLX,2017,1,2963
train,KCLX,2017,2,4498
train,KCLX,2017,3,5283
train,KCLX,2017,4,5732
train,KCLX,2017,5,6125
train,KCLX,2018,1,3221
train,KCLX,2018,2,4972
train,KCLX,2018,3,5658
train,KCLX,2018,4,5640
train,KCLX,2018,5,5685
train,KCLX,2019,1,2284
train,KCLX,2019,2,3508
train,KCLX,2019,3,4113
train,KCLX,2019,4,4516
train,KCLX,2019,5,4820
train,KCLX,2020,1,2393
train,KCLX,2020,2,3630
train,KCLX,2020,3,4224
train,KCLX,2020,4,4408
train,KCLX,2020,5,4440
train,KCLX,2021,1,2204
train,KCLX,2021,2,3418
train,KCLX,2021,3,4257
train,KCLX,2021,4,4916
train,KCLX,2021,5,5360
train,KCLX,2022,1,2504
train,KCLX,2022,2,3826
train,KCLX,2022,3,4488
train,KCLX,2022,4,4752
train,KCLX,2022,5,4665
train,KCLX,2023,1,2748
train,KCLX,2023,2,4334
train,KCLX,2023,3,5241
train,KCLX,2023,4,5968
train,KCLX,2023,5,6250
train,KCLX,2024,1,2706
train,KCLX,2024,2,4182
train,KCLX,2024,3,5028
train,KCLX,2024,4,5584
train,KCLX,2024,5,5705
train,KCRP,2013,1,4131
train,KCRP,2013,2,7420
train,KCRP,2013,3,10230
train,KCRP,2013,4,12696
train,KCRP,2013,5,14780
train,KCRP,2014,1,4523
train,KCRP,2014,2,8094
train,KCRP,2014,3,11139
train,KCRP,2014,4,13856
train,KCRP,2014,5,16385
train,KCRP,2015,1,4529
train,KCRP,2015,2,8110
train,KCRP,2015,3,11238
train,KCRP,2015,4,14176
train,KCRP,2015,5,16870
train,KCRP,2016,1,4900
train,KCRP,2016,2,8782
train,KCRP,2016,3,12147
train,KCRP,2016,4,15148
train,KCRP,2016,5,17870
train,KCRP,2017,1,4017
train,KCRP,2017,2,6974
train,KCRP,2017,3,9504
train,KCRP,2017,4,11788
train,KCRP,2017,5,13890
train,KCRP,2018,1,3975
train,KCRP,2018,2,6978
train,KCRP,2018,3,9609
train,KCRP,2018,4,11904
train,KCRP,2018,5,13850
train,KCRP,2019,1,3833
train,KCRP,2019,2,6660
train,KCRP,2019,3,9024
train,KCRP,2019,4,11208
train,KCRP,2019,5,13195
train,KCRP,2020,1,4632
train,KCRP,2020,2,8278
train,KCRP,2020,3,11481
train,KCRP,2020,4,14436
train,KCRP,2020,5,17240
train,KCRP,2021,1,4349
train,KCRP,2021,2,7784
train,KCRP,2021,3,10803
train,KCRP,2021,4,13596
train,KCRP,2021,5,16095
train,KCRP,2022,1,4321
train,KCRP,2022,2,7646
train,KCRP,2022,3,10332
train,KCRP,2022,4,12888
train,KCRP,2022,5,15265
train,KCRP,2023,1,4459
train,KCRP,2023,2,7858
train,KCRP,2023,3,10728
train,KCRP,2023,4,13444
train,KCRP,2023,5,15990
train,KCRP,2024,1,5003
train,KCRP,2024,2,9068
train,KCRP,2024,3,12813
train,KCRP,2024,4,16416
train,KCRP,2024,5,19715
train,KCXX,2013,1,1447
train,KCXX,2013,2,2560
train,KCXX,2013,3,3408
train,KCXX,2013,4,4008
train,KCXX,2013,5,4295
train,KCXX,2014,1,1483
train,KCXX,2014,2,2566
train,KCXX,2014,3,3357
train,KCXX,2014,4,3944
train,KCXX,2014,5,4305
train,KCXX,2015,1,1272
train,KCXX,2015,2,2184
train,KCXX,2015,3,2805
train,KCXX,2015,4,3216
train,KCXX,2015,5,3370
train,KCXX,2016,1,1529
train,KCXX,2016,2,2682
train,KCXX,2016,3,3516
train,KCXX,2016,4,4084
train,KCXX,2016,5,4360
train,KCXX,2017,1,1322
train,KCXX,2017,2,2310
train,KCXX,2017,3,3051
train,KCXX,2017,4,3608
train,KCXX,2017,5,3925
train,KCXX,2018,1,1486
train,KCXX,2018,2,2548
train,KCXX,2018,3,3267
train,KCXX,2018,4,3668
train,KCXX,2018,5,3765
train,KCXX,2019,1,1441
train,KCXX,2019,2,2482
train,KCXX,2019,3,3168
train,KCXX,2019,4,3560
train,KCXX,2019,5,3700
train,KCXX,2020,1,1331
train,KCXX,2020,2,2300
train,KCXX,2020,3,3021
train,KCXX,2020,4,3424
train,KCXX,2020,5,3490
train,KCXX,2021,1,1651
train,KCXX,2021,2,2866
train,KCXX,2021,3,3690
train,KCXX,2021,4,4088
train,KCXX,2021,5,4090
train,KCXX,2022,1,1501
train,KCXX,2022,2,2700
train,KCXX,2022,3,3597
train,KCXX,2022,4,4260
train,KCXX,2022,5,4585
train,KCXX,2023,1,1272
train,KCXX,2023,2,2278
train,KCXX,2023,3,2982
train,KCXX,2023,4,3412
train,KCXX,2023,5,3635
train,KCXX,2024,1,1606
train,KCXX,2024,2,2908
train,KCXX,2024,3,3885
train,KCXX,2024,4,4600
train,KCXX,2024,5,5005
train,KCYS,2013,1,622
train,KCYS,2013,2,958
train,KCYS,2013,3,1044
train,KCYS,2013,4,1016
train,KCYS,2013,5,835
train,KCYS,2014,1,1187
train,KCYS,2014,2,1938
train,KCYS,2014,3,2343
train,KCYS,2014,4,2348
train,KCYS,2014,5,2105
train,KCYS,2015,1,1144
train,KCYS,2015,2,1858
train,KCYS,2015,3,2229
train,KCYS,2015,4,2256
train,KCYS,2015,5,1955
train,KCYS,2016,1,639
train,KCYS,2016,2,1006
train,KCYS,2016,3,1176
train,KCYS,2016,4,1168
train,KCYS,2016,5,990
train,KCYS,2017,1,657
train,KCYS,2017,2,1026
train,KCYS,2017,3,1149
train,KCYS,2017,4,1072
train,KCYS,2017,5,825
train,KCYS,2018,1,877
train,KCYS,2018,2,1434
train,KCYS,2018,3,1755
train,KCYS,2018,4,1776
train,KCYS,2018,5,1625
train,KCYS,2019,1,1057
train,KCYS,2019,2,1730
train,KCYS,2019,3,2085
train,KCYS,2019,4,2180
train,KCYS,2019,5,2075
train,KCYS,2020,1,1097
train,KCYS,2020,2,1794
train,KCYS,2020,3,2151
train,KCYS,2020,4,2224
train,KCYS,2020,5,2075
train,KCYS,2021,1,764
train,KCYS,2021,2,1190
train,KCYS,2021,3,1332
train,KCYS,2021,4,1284
train,KCYS,2021,5,1125
train,KCYS,2022,1,851
train,KCYS,2022,2,1268
train,KCYS,2022,3,1410
train,KCYS,2022,4,1380
train,KCYS,2022,5,1205
train,KCYS,2023,1,1384
train,KCYS,2023,2,2180
train,KCYS,2023,3,2562
train,KCYS,2023,4,2576
train,KCYS,2023,5,2270
train,KCYS,2024,1,1053
train,KCYS,2024,2,1780
train,KCYS,2024,3,2151
train,KCYS,2024,4,2168
train,KCYS,2024,5,1780
train,KDAX,2013,1,3033
train,KDAX,2013,2,4638
train,KDAX,2013,3,5763
train,KDAX,2013,4,6732
train,KDAX,2013,5,7665
train,KDAX,2014,1,3095
train,KDAX,2014,2,4634
train,KDAX,2014,3,5622
train,KDAX,2014,4,6388
train,KDAX,2014,5,7230
train,KDAX,2015,1,3308
train,KDAX,2015,2,5198
train,KDAX,2015,3,6456
train,KDAX,2015,4,7552
train,KDAX,2015,5,8615
train,KDAX,2016,1,3484
train,KDAX,2016,2,5378
train,KDAX,2016,3,6762
train,KDAX,2016,4,7900
train,KDAX,2016,5,9050
train,KDAX,2017,1,3894
train,KDAX,2017,2,6058
train,KDAX,2017,3,7461
train,KDAX,2017,4,8656
train,KDAX,2017,5,9720
train,KDAX,2018,1,3604
train,KDAX,2018,2,5338
train,KDAX,2018,3,6255
train,KDAX,2018,4,7020
train,KDAX,2018,5,7870
train,KDAX,2019,1,3755
train,KDAX,2019,2,5842
train,KDAX,2019,3,7167
train,KDAX,2019,4,8228
train,KDAX,2019,5,9260
train,KDAX,2020,1,2918
train,KDAX,2020,2,4262
train,KDAX,2020,3,4995
train,KDAX,2020,4,5604
train,KDAX,2020,5,6210
train,KDAX,2021,1,2573
train,KDAX,2021,2,3976
train,KDAX,2021,3,4806
train,KDAX,2021,4,5432
train,KDAX,2021,5,5990
train,KDAX,2022,1,2910
train,KDAX,2022,2,4574
train,KDAX,2022,3,5631
train,KDAX,2022,4,6392
train,KDAX,2022,5,7100
train,KDAX,2023,1,2637
train,KDAX,2023,2,4272
train,KDAX,2023,3,5310
train,KDAX,2023,4,6088
train,KDAX,2023,5,6755
train,KDAX,2024,1,2655
train,KDAX,2024,2,4186
train,KDAX,2024,3,5175
train,KDAX,2024,4,5892
train,KDAX,2024,5,6470
train,KDDC,2013,1,1236
train,KDDC,2013,2,1770
train,KDDC,2013,3,1977
train,KDDC,2013,4,2036
train,KDDC,2013,5,2090
train,KDDC,2014,1,1686
train,KDDC,2014,2,2538
train,KDDC,2014,3,2988
train,KDDC,2014,4,3284
train,KDDC,2014,5,3525
train,KDDC,2015,1,1618
train,KDDC,2015,2,2522
train,KDDC,2015,3,3084
train,KDDC,2015,4,3536
train,KDDC,2015,5,3855
train,KDDC,2016,1,2055
train,KDDC,2016,2,3146
train,KDDC,2016,3,3672
train,KDDC,2016,4,3936
train,KDDC,2016,5,4045
train,KDDC,2017,1,1658
train,KDDC,2017,2,2550
train,KDDC,2017,3,3057
train,KDDC,2017,4,3396
train,KDDC,2017,5,3605
train,KDDC,2018,1,1820
train,KDDC,2018,2,2756
train,KDDC,2018,3,3183
train,KDDC,2018,4,3392
train,KDDC,2018,5,3510
train,KDDC,2019,1,2259
train,KDDC,2019,2,3572
train,KDDC,2019,3,4212
train,KDDC,2019,4,4560
train,KDDC,2019,5,4670
train,KDDC,2020,1,2007
train,KDDC,2020,2,3124
train,KDDC,2020,3,3678
train,KDDC,2020,4,4104
train,KDDC,2020,5,4480
train,KDDC,2021,1,1591
train,KDDC,2021,2,2292
train,KDDC,2021,3,2496
train,KDDC,2021,4,2468
train,KDDC,2021,5,2405
train,KDDC,2022,1,1320
train,KDDC,2022,2,1910
train,KDDC,2022,3,2112
train,KDDC,2022,4,2168
train,KDDC,2022,5,2175
train,KDDC,2023,1,1992
train,KDDC,2023,2,3110
train,KDDC,2023,3,3672
train,KDDC,2023,4,3916
train,KDDC,2023,5,4100
train,KDDC,2024,1,1945
train,KDDC,2024,2,3048
train,KDDC,2024,3,3657
train,KDDC,2024,4,3936
train,KDDC,2024,5,4190
train,KDFX,2013,1,3049
train,KDFX,2013,2,5150
train,KDFX,2013,3,7068
train,KDFX,2013,4,8728
train,KDFX,2013,5,10080
train,KDFX,2014,1,3276
train,KDFX,2014,2,5440
train,KDFX,2014,3,7374
train,KDFX,2014,4,9052
train,KDFX,2014,5,10535
train,KDFX,2015,1,3085
train,KDFX,2015,2,5318
train,KDFX,2015,3,7425
train,KDFX,2015,4,9296
train,KDFX,2015,5,10920
train,KDFX,2016,1,4267
train,KDFX,2016,2,7622
train,KDFX,2016,3,10665
train,KDFX,2016,4,13288
train,KDFX,2016,5,15595
train,KDFX,2017,1,3865
train,KDFX,2017,2,6888
train,KDFX,2017,3,9696
train,KDFX,2017,4,12208
train,KDFX,2017,5,14465
train,KDFX,2018,1,3301
train,KDFX,2018,2,5852
train,KDFX,2018,3,8028
train,KDFX,2018,4,9948
train,KDFX,2018,5,11515
train,KDFX,2019,1,3137
train,KDFX,2019,2,5420
train,KDFX,2019,3,7311
train,KDFX,2019,4,8968
train,KDFX,2019,5,10440
train,KDFX,2020,1,2422
train,KDFX,2020,2,4148
train,KDFX,2020,3,5556
train,KDFX,2020,4,6684
train,KDFX,2020,5,7695
train,KDFX,2021,1,2640
train,KDFX,2021,2,4510
train,KDFX,2021,3,6039
train,KDFX,2021,4,7252
train,KDFX,2021,5,8280
train,KDFX,2022,1,2212
train,KDFX,2022,2,3894
train,KDFX,2022,3,5316
train,KDFX,2022,4,6504
train,KDFX,2022,5,7590
train,KDFX,2023,1,2833
train,KDFX,2023,2,4846
train,KDFX,2023,3,6471
train,KDFX,2023,4,7844
train,KDFX,2023,5,9065
train,KDFX,2024,1,3019
train,KDFX,2024,2,5450
train,KDFX,2024,3,7599
train,KDFX,2024,4,9468
train,KDFX,2024,5,11005
train,KDGX,2013,1,3262
train,KDGX,2013,2,5440
train,KDGX,2013,3,6984
train,KDGX,2013,4,8136
train,KDGX,2013,5,9030
train,KDGX,2014,1,3389
train,KDGX,2014,2,5654
train,KDGX,2014,3,7251
train,KDGX,2014,4,8420
train,KDGX,2014,5,9315
train,KDGX,2015,1,3618
train,KDGX,2015,2,6072
train,KDGX,2015,3,7839
train,KDGX,2015,4,9168
train,KDGX,2015,5,10190
train,KDGX,2016,1,3910
train,KDGX,2016,2,6716
train,KDGX,2016,3,8772
train,KDGX,2016,4,10268
train,KDGX,2016,5,11435
train,KDGX,2017,1,3203
train,KDGX,2017,2,5314
train,KDGX,2017,3,6603
train,KDGX,2017,4,7500
train,KDGX,2017,5,8145
train,KDGX,2018,1,3450
train,KDGX,2018,2,5742
train,KDGX,2018,3,7089
train,KDGX,2018,4,7944
train,KDGX,2018,5,8620
train,KDGX,2019,1,3461
train,KDGX,2019,2,5668
train,KDGX,2019,3,7077
train,KDGX,2019,4,8212
train,KDGX,2019,5,9110
train,KDGX,2020,1,3643
train,KDGX,2020,2,5966
train,KDGX,2020,3,7731
train,KDGX,2020,4,9124
train,KDGX,2020,5,9800
train,KDGX,2021,1,2643
train,KDGX,2021,2,4228
train,KDGX,2021,3,5391
train,KDGX,2021,4,6292
train,KDGX,2021,5,6890
train,KDGX,2022,1,3243
train,KDGX,2022,2,5648
train,KDGX,2022,3,7551
train,KDGX,2022,4,9096
train,KDGX,2022,5,10215
train,KDGX,2023,1,3702
train,KDGX,2023,2,6242
train,KDGX,2023,3,8103
train,KDGX,2023,4,9704
train,KDGX,2023,5,10935
train,KDGX,2024,1,4018
train,KDGX,2024,2,7182
train,KDGX,2024,3,9759
train,KDGX,2024,4,11960
train,KDGX,2024,5,13690
train,KDIX,2013,1,1923
train,KDIX,2013,2,3222
train,KDIX,2013,3,4032
train,KDIX,2013,4,4624
train,KDIX,2013,5,5040
train,KDIX,2014,1,1680
train,KDIX,2014,2,2716
train,KDIX,2014,3,3426
train,KDIX,2014,4,3932
train,KDIX,2014,5,4275
train,KDIX,2015,1,1726
train,KDIX,2015,2,2790
train,KDIX,2015,3,3360
train,KDIX,2015,4,3620
train,KDIX,2015,5,3700
train,KDIX,2016,1,1617
train,KDIX,2016,2,2646
train,KDIX,2016,3,3231
train,KDIX,2016,4,3624
train,KDIX,2016,5,3875
train,KDIX,2017,1,1590
train,KDIX,2017,2,2634
train,KDIX,2017,3,3354
train,KDIX,2017,4,3840
train,KDIX,2017,5,4100
train,KDIX,2018,1,1858
train,KDIX,2018,2,3022
train,KDIX,2018,3,3750
train,KDIX,2018,4,4108
train,KDIX,2018,5,4255
train,KDIX,2019,1,1698
train,KDIX,2019,2,2768
train,KDIX,2019,3,3372
train,KDIX,2019,4,3688
train,KDIX,2019,5,3805
train,KDIX,2020,1,1749
train,KDIX,2020,2,2838
train,KDIX,2020,3,3549
train,KDIX,2020,4,3884
train,KDIX,2020,5,3980
train,KDIX,2021,1,2302
train,KDIX,2021,2,3896
train,KDIX,2021,3,4941
train,KDIX,2021,4,5648
train,KDIX,2021,5,6075
train,KDIX,2022,1,1506
train,KDIX,2022,2,2596
train,KDIX,2022,3,3348
train,KDIX,2022,4,3872
train,KDIX,2022,5,4100
train,KDIX,2023,1,1755
train,KDIX,2023,2,2962
train,KDIX,2023,3,3675
train,KDIX,2023,4,4088
train,KDIX,2023,5,4375
train,KDIX,2024,1,1846
train,KDIX,2024,2,3146
train,KDIX,2024,3,3936
train,KDIX,2024,4,4348
train,KDIX,2024,5,4525
train,KDLH,2013,1,1616
train,KDLH,2013,2,2734
train,KDLH,2013,3,3624
train,KDLH,2013,4,4344
train,KDLH,2013,5,4925
train,KDLH,2014,1,1694
train,KDLH,2014,2,2762
train,KDLH,2014,3,3465
train,KDLH,2014,4,3924
train,KDLH,2014,5,4295
train,KDLH,2015,1,1737
train,KDLH,2015,2,2924
train,KDLH,2015,3,3783
train,KDLH,2015,4,4384
train,KDLH,2015,5,4795
train,KDLH,2016,1,1702
train,KDLH,2016,2,2848
train,KDLH,2016,3,3588
train,KDLH,2016,4,4020
train,KDLH,2016,5,4310
train,KDLH,2017,1,2091
train,KDLH,2017,2,3444
train,KDLH,2017,3,4311
train,KDLH,2017,4,4908
train,KDLH,2017,5,5395
train,KDLH,2018,1,2081
train,KDLH,2018,2,3452
train,KDLH,2018,3,4356
train,KDLH,2018,4,4836
train,KDLH,2018,5,5125
train,KDLH,2019,1,1643
train,KDLH,2019,2,2672
train,KDLH,2019,3,3348
train,KDLH,2019,4,3832
train,KDLH,2019,5,4210
train,KDLH,2020,1,2013
train,KDLH,2020,2,3406
train,KDLH,2020,3,4458
train,KDLH,2020,4,5136
train,KDLH,2020,5,5495
train,KDLH,2021,1,1685
train,KDLH,2021,2,2708
train,KDLH,2021,3,3348
train,KDLH,2021,4,3732
train,KDLH,2021,5,3945
train,KDLH,2022,1,1894
train,KDLH,2022,2,3240
train,KDLH,2022,3,4176
train,KDLH,2022,4,4816
train,KDLH,2022,5,5200
train,KDLH,2023,1,1750
train,KDLH,2023,2,2940
train,KDLH,2023,3,3741
train,KDLH,2023,4,4204
train,KDLH,2023,5,4445
train,KDLH,2024,1,1834
train,KDLH,2024,2,3010
train,KDLH,2024,3,3765
train,KDLH,2024,4,4260
train,KDLH,2024,5,4615
train,KDMX,2013,1,2624
train,KDMX,2013,2,4442
train,KDMX,2013,3,5829
train,KDMX,2013,4,6864
train,KDMX,2013,5,7570
train,KDMX,2014,1,2710
train,KDMX,2014,2,4564
train,KDMX,2014,3,5994
train,KDMX,2014,4,7076
train,KDMX,2014,5,7825
train,KDMX,2015,1,2717
train,KDMX,2015,2,4572
train,KDMX,2015,3,6054
train,KDMX,2015,4,7284
train,KDMX,2015,5,8260
train,KDMX,2016,1,2739
train,KDMX,2016,2,4616
train,KDMX,2016,3,6075
train,KDMX,2016,4,7164
train,KDMX,2016,5,8085
train,KDMX,2017,1,2608
train,KDMX,2017,2,4432
train,KDMX,2017,3,5928
train,KDMX,2017,4,7064
train,KDMX,2017,5,7840
train,KDMX,2018,1,2770
train,KDMX,2018,2,4750
train,KDMX,2018,3,6249
train,KDMX,2018,4,7388
train,KDMX,2018,5,8160
train,KDMX,2019,1,2693
train,KDMX,2019,2,4566
train,KDMX,2019,3,5991
train,KDMX,2019,4,6972
train,KDMX,2019,5,7610
train,KDMX,2020,1,2561
train,KDMX,2020,2,4312
train,KDMX,2020,3,5664
train,KDMX,2020,4,6756
train,KDMX,2020,5,7520
train,KDMX,2021,1,2245
train,KDMX,2021,2,3776
train,KDMX,2021,3,4938
train,KDMX,2021,4,5876
train,KDMX,2021,5,6460
train,KDMX,2022,1,2387
train,KDMX,2022,2,4190
train,KDMX,2022,3,5721
train,KDMX,2022,4,6964
train,KDMX,2022,5,7910
train,KDMX,2023,1,2764
train,KDMX,2023,2,4928
train,KDMX,2023,3,6681
train,KDMX,2023,4,8060
train,KDMX,2023,5,9090
train,KDMX,2024,1,2609
train,KDMX,2024,2,4494
train,KDMX,2024,3,5955
train,KDMX,2024,4,7060
train,KDMX,2024,5,7835
train,KDTX,2013,1,1210
train,KDTX,2013,2,2024
train,KDTX,2013,3,2565
train,KDTX,2013,4,2860
train,KDTX,2013,5,2895
train,KDTX,2014,1,1066
train,KDTX,2014,2,1678
train,KDTX,2014,3,2076
train,KDTX,2014,4,2236
train,KDTX,2014,5,2220
train,KDTX,2015,1,1027
train,KDTX,2015,2,1606
train,KDTX,2015,3,1920
train,KDTX,2015,4,2032
train,KDTX,2015,5,2045
train,KDTX,2016,1,1160
train,KDTX,2016,2,1886
train,KDTX,2016,3,2307
train,KDTX,2016,4,2512
train,KDTX,2016,5,2585
train,KDTX,2017,1,1178
train,KDTX,2017,2,1906
train,KDTX,2017,3,2352
train,KDTX,2017,4,2628
train,KDTX,2017,5,2705
train,KDTX,2018,1,1133
train,KDTX,2018,2,1706
train,KDTX,2018,3,1962
train,KDTX,2018,4,1984
train,KDTX,2018,5,1870
train,KDTX,2019,1,1027
train,KDTX,2019,2,1650
train,KDTX,2019,3,1956
train,KDTX,2019,4,2072
train,KDTX,2019,5,2020
train,KDTX,2020,1,1180
train,KDTX,2020,2,1968
train,KDTX,2020,3,2484
train,KDTX,2020,4,2644
train,KDTX,2020,5,2515
train,KDTX,2021,1,939
train,KDTX,2021,2,1568
train,KDTX,2021,3,1950
train,KDTX,2021,4,2104
train,KDTX,2021,5,2095
train,KDTX,2022,1,1120
train,KDTX,2022,2,1910
train,KDTX,2022,3,2403
train,KDTX,2022,4,2644
train,KDTX,2022,5,2685
train,KDTX,2023,1,1261
train,KDTX,2023,2,2120
train,KDTX,2023,3,2652
train,KDTX,2023,4,2936
train,KDTX,2023,5,2945
train,KDTX,2024,1,1344
train,KDTX,2024,2,2286
train,KDTX,2024,3,2865
train,KDTX,2024,4,3112
train,KDTX,2024,5,3190
train,KDVN,2013,1,2349
train,KDVN,2013,2,3994
train,KDVN,2013,3,5268
train,KDVN,2013,4,6248
train,KDVN,2013,5,7050
train,KDVN,2014,1,2219
train,KDVN,2014,2,3586
train,KDVN,2014,3,4539
train,KDVN,2014,4,5220
train,KDVN,2014,5,5735
train,KDVN,2015,1,2508
train,KDVN,2015,2,4204
train,KDVN,2015,3,5469
train,KDVN,2015,4,6424
train,KDVN,2015,5,7220
train,KDVN,2016,1,2593
train,KDVN,2016,2,4374
train,KDVN,2016,3,5652
train,KDVN,2016,4,6480
train,KDVN,2016,5,6965
train,KDVN,2017,1,2373
train,KDVN,2017,2,3930
train,KDVN,2017,3,5070
train,KDVN,2017,4,5944
train,KDVN,2017,5,6555
train,KDVN,2018,1,2774
train,KDVN,2018,2,4656
train,KDVN,2018,3,6051
train,KDVN,2018,4,7124
train,KDVN,2018,5,7965
train,KDVN,2019,1,2781
train,KDVN,2019,2,4616
train,KDVN,2019,3,5892
train,KDVN,2019,4,6752
train,KDVN,2019,5,7285
train,KDVN,2020,1,2476
train,KDVN,2020,2,4084
train,KDVN,2020,3,5265
train,KDVN,2020,4,6104
train,KDVN,2020,5,6780
train,KDVN,2021,1,2550
train,KDVN,2021,2,4246
train,KDVN,2021,3,5484
train,KDVN,2021,4,6440
train,KDVN,2021,5,7080
train,KDVN,2022,1,2215
train,KDVN,2022,2,3856
train,KDVN,2022,3,5082
train,KDVN,2022,4,6044
train,KDVN,2022,5,6790
train,KDVN,2023,1,2801
train,KDVN,2023,2,4972
train,KDVN,2023,3,6726
train,KDVN,2023,4,8072
train,KDVN,2023,5,9140
train,KDVN,2024,1,2576
train,KDVN,2024,2,4470
train,KDVN,2024,3,5967
train,KDVN,2024,4,7208
train,KDVN,2024,5,8175
train,KDYX,2013,1,2161
train,KDYX,2013,2,3836
train,KDYX,2013,3,5211
train,KDYX,2013,4,6356
train,KDYX,2013,5,7235
train,KDYX,2014,1,2175
train,KDYX,2014,2,3688
train,KDYX,2014,3,4791
train,KDYX,2014,4,5668
train,KDYX,2014,5,6310
train,KDYX,2015,1,2808
train,KDYX,2015,2,4990
train,KDYX,2015,3,6741
train,KDYX,2015,4,8152
train,KDYX,2015,5,9250
train,KDYX,2016,1,2515
train,KDYX,2016,2,4366
train,KDYX,2016,3,5856
train,KDYX,2016,4,7120
train,KDYX,2016,5,8060
train,KDYX,2017,1,2608
train,KDYX,2017,2,4526
train,KDYX,2017,3,6051
train,KDYX,2017,4,7252
train,KDYX,2017,5,8270
train,KDYX,2018,1,2319
train,KDYX,2018,2,4040
train,KDYX,2018,3,5370
train,KDYX,2018,4,6324
train,KDYX,2018,5,6920
train,KDYX,2019,1,3153
train,KDYX,2019,2,5518
train,KDYX,2019,3,7410
train,KDYX,2019,4,8828
train,KDYX,2019,5,9800
train,KDYX,2020,1,2528
train,KDYX,2020,2,4430
train,KDYX,2020,3,6036
train,KDYX,2020,4,7396
train,KDYX,2020,5,8555
train,KDYX,2021,1,2186
train,KDYX,2021,2,3772
train,KDYX,2021,3,5034
train,KDYX,2021,4,6016
train,KDYX,2021,5,6780
train,KDYX,2022,1,2404
train,KDYX,2022,2,4228
train,KDYX,2022,3,5694
train,KDYX,2022,4,6940
train,KDYX,2022,5,8000
train,KDYX,2023,1,3250
train,KDYX,2023,2,5598
train,KDYX,2023,3,7218
train,KDYX,2023,4,8432
train,KDYX,2023,5,9220
train,KDYX,2024,1,3023
train,KDYX,2024,2,4788
train,KDYX,2024,3,6243
train,KDYX,2024,4,7420
train,KDYX,2024,5,8265
train,KENX,2013,1,1226
train,KENX,2013,2,2038
train,KENX,2013,3,2499
train,KENX,2013,4,2676
train,KENX,2013,5,2705
train,KENX,2014,1,1160
train,KENX,2014,2,1944
train,KENX,2014,3,2391
train,KENX,2014,4,2616
train,KENX,2014,5,2635
train,KENX,2015,1,1109
train,KENX,2015,2,1888
train,KENX,2015,3,2364
train,KENX,2015,4,2604
train,KENX,2015,5,2615
train,KENX,2016,1,1220
train,KENX,2016,2,2054
train,KENX,2016,3,2592
train,KENX,2016,4,2936
train,KENX,2016,5,3045
train,KENX,2017,1,1091
train,KENX,2017,2,1838
train,KENX,2017,3,2376
train,KENX,2017,4,2672
train,KENX,2017,5,2835
train,KENX,2018,1,1051
train,KENX,2018,2,1724
train,KENX,2018,3,2136
train,KENX,2018,4,2420
train,KENX,2018,5,2545
train,KENX,2019,1,1377
train,KENX,2019,2,2288
train,KENX,2019,3,2814
train,KENX,2019,4,3036
train,KENX,2019,5,2925
train,KENX,2020,1,1255
train,KENX,2020,2,2032
train,KENX,2020,3,2424
train,KENX,2020,4,2592
train,KENX,2020,5,2500
train,KENX,2021,1,1519
train,KENX,2021,2,2592
train,KENX,2021,3,3252
train,KENX,2021,4,3604
train,KENX,2021,5,3695
train,KENX,2022,1,1590
train,KENX,2022,2,2766
train,KENX,2022,3,3636
train,KENX,2022,4,4176
train,KENX,2022,5,4305
train,KENX,2023,1,1480
train,KENX,2023,2,2524
train,KENX,2023,3,3234
train,KENX,2023,4,3732
train,KENX,2023,5,3920
train,KENX,2024,1,1751
train,KENX,2024,2,3110
train,KENX,2024,3,4089
train,KENX,2024,4,4776
train,KENX,2024,5,5015
train,KEOX,2013,1,2365
train,KEOX,2013,2,4014
train,KEOX,2013,3,5085
train,KEOX,2013,4,5848
train,KEOX,2013,5,6310
train,KEOX,2014,1,2869
train,KEOX,2014,2,4510
train,KEOX,2014,3,5403
train,KEOX,2014,4,5860
train,KEOX,2014,5,6180
train,KEOX,2015,1,2984
train,KEOX,2015,2,4778
train,KEOX,2015,3,5901
train,KEOX,2015,4,6584
train,KEOX,2015,5,7085
train,KEOX,2016,1,2343
train,KEOX,2016,2,3732
train,KEOX,2016,3,4506
train,KEOX,2016,4,4972
train,KEOX,2016,5,5310
train,KEOX,2017,1,2568
train,KEOX,2017,2,4094
train,KEOX,2017,3,4950
train,KEOX,2017,4,5444
train,KEOX,2017,5,5785
train,KEOX,2018,1,2334
train,KEOX,2018,2,3702
train,KEOX,2018,3,4557
train,KEOX,2018,4,5052
train,KEOX,2018,5,5340
train,KEOX,2019,1,2602
train,KEOX,2019,2,4138
train,KEOX,2019,3,5016
train,KEOX,2019,4,5556
train,KEOX,2019,5,6075
train,KEOX,2020,1,2456
train,KEOX,2020,2,3810
train,KEOX,2020,3,4557
train,KEOX,2020,4,4928
train,KEOX,2020,5,5075
train,KEOX,2021,1,2627
train,KEOX,2021,2,4228
train,KEOX,2021,3,5082
train,KEOX,2021,4,5424
train,KEOX,2021,5,5610
train,KEOX,2022,1,2459
train,KEOX,2022,2,4014
train,KEOX,2022,3,4911
train,KEOX,2022,4,5424
train,KEOX,2022,5,5785
train,KEOX,2023,1,2118
train,KEOX,2023,2,3442
train,KEOX,2023,3,4128
train,KEOX,2023,4,4572
train,KEOX,2023,5,4870
train,KEOX,2024,1,2242
train,KEOX,2024,2,3628
train,KEOX,2024,3,4308
train,KEOX,2024,4,4612
train,KEOX,2024,5,4760
train,KESX,2013,1,1002
train,KESX,2013,2,1650
train,KESX,2013,3,1998
train,KESX,2013,4,2148
train,KESX,2013,5,2125
train,KESX,2014,1,970
train,KESX,2014,2,1546
train,KESX,2014,3,1872
train,KESX,2014,4,1996
train,KESX,2014,5,2015
train,KESX,2015,1,544
train,KESX,2015,2,896
train,KESX,2015,3,1095
train,KESX,2015,4,1200
train,KESX,2015,5,1250
train,KESX,2016,1,510
train,KESX,2016,2,876
train,KESX,2016,3,1128
train,KESX,2016,4,1268
train,KESX,2016,5,1315
train,KESX,2017,1,577
train,KESX,2017,2,994
train,KESX,2017,3,1290
train,KESX,2017,4,1448
train,KESX,2017,5,1450
train,KESX,2018,1,315
train,KESX,2018,2,514
train,KESX,2018,3,621
train,KESX,2018,4,672
train,KESX,2018,5,710
train,KESX,2019,1,869
train,KESX,2019,2,1344
train,KESX,2019,3,1545
train,KESX,2019,4,1556
train,KESX,2019,5,1460
train,KESX,2020,1,713
train,KESX,2020,2,1206
train,KESX,2020,3,1494
train,KESX,2020,4,1580
train,KESX,2020,5,1530
train,KESX,2021,1,129
train,KESX,2021,2,164
train,KESX,2021,3,168
train,KESX,2021,4,192
train,KESX,2021,5,200
train,KESX,2022,1,514
train,KESX,2022,2,762
train,KESX,2022,3,789
train,KESX,2022,4,668
train,KESX,2022,5,505
train,KESX,2023,1,1254
train,KESX,2023,2,2138
train,KESX,2023,3,2658
train,KESX,2023,4,2980
train,KESX,2023,5,3030
train,KESX,2024,1,807
train,KESX,2024,2,1298
train,KESX,2024,3,1503
train,KESX,2024,4,1544
train,KESX,2024,5,1505
train,KEVX,2013,1,3310
train,KEVX,2013,2,5206
train,KEVX,2013,3,6225
train,KEVX,2013,4,6784
train,KEVX,2013,5,7055
train,KEVX,2014,1,3251
train,KEVX,2014,2,5256
train,KEVX,2014,3,6441
train,KEVX,2014,4,7196
train,KEVX,2014,5,7790
train,KEVX,2015,1,2871
train,KEVX,2015,2,4632
train,KEVX,2015,3,5781
train,KEVX,2015,4,6616
train,KEVX,2015,5,7185
train,KEVX,2016,1,2854
train,KEVX,2016,2,4392
train,KEVX,2016,3,5220
train,KEVX,2016,4,5752
train,KEVX,2016,5,6245
train,KEVX,2017,1,2908
train,KEVX,2017,2,4552
train,KEVX,2017,3,5415
train,KEVX,2017,4,5864
train,KEVX,2017,5,6090
train,KEVX,2018,1,1961
train,KEVX,2018,2,2822
train,KEVX,2018,3,3186
train,KEVX,2018,4,3360
train,KEVX,2018,5,3530
train,KEVX,2019,1,2134
train,KEVX,2019,2,3188
train,KEVX,2019,3,3723
train,KEVX,2019,4,4084
train,KEVX,2019,5,4425
train,KEVX,2020,1,2479
train,KEVX,2020,2,3694
train,KEVX,2020,3,4266
train,KEVX,2020,4,4568
train,KEVX,2020,5,4730
train,KEVX,2021,1,2026
train,KEVX,2021,2,3090
train,KEVX,2021,3,3633
train,KEVX,2021,4,3920
train,KEVX,2021,5,4030
train,KEVX,2022,1,2429
train,KEVX,2022,2,3932
train,KEVX,2022,3,4788
train,KEVX,2022,4,5356
train,KEVX,2022,5,5860
train,KEVX,2023,1,2397
train,KEVX,2023,2,3886
train,KEVX,2023,3,4761
train,KEVX,2023,4,5360
train,KEVX,2023,5,5880
train,KEVX,2024,1,2510
train,KEVX,2024,2,4182
train,KEVX,2024,3,5247
train,KEVX,2024,4,5924
train,KEVX,2024,5,6425
train,KEWX,2013,1,4575
train,KEWX,2013,2,8066
train,KEWX,2013,3,10998
train,KEWX,2013,4,13680
train,KEWX,2013,5,16120
train,KEWX,2014,1,4502
train,KEWX,2014,2,7988
train,KEWX,2014,3,11034
train,KEWX,2014,4,13808
train,KEWX,2014,5,16360
train,KEWX,2015,1,4770
train,KEWX,2015,2,8588
train,KEWX,2015,3,11778
train,KEWX,2015,4,14596
train,KEWX,2015,5,17145
train,KEWX,2016,1,4901
train,KEWX,2016,2,8712
train,KEWX,2016,3,11946
train,KEWX,2016,4,14816
train,KEWX,2016,5,17455
train,KEWX,2017,1,5002
train,KEWX,2017,2,8710
train,KEWX,2017,3,11742
train,KEWX,2017,4,14340
train,KEWX,2017,5,16755
train,KEWX,2018,1,5037
train,KEWX,2018,2,8768
train,KEWX,2018,3,11736
train,KEWX,2018,4,14424
train,KEWX,2018,5,16905
train,KEWX,2019,1,4999
train,KEWX,2019,2,8814
train,KEWX,2019,3,11889
train,KEWX,2019,4,14688
train,KEWX,2019,5,17340
train,KEWX,2020,1,5157
train,KEWX,2020,2,9354
train,KEWX,2020,3,12927
train,KEWX,2020,4,16068
train,KEWX,2020,5,18870
train,KEWX,2021,1,4520
train,KEWX,2021,2,8132
train,KEWX,2021,3,11193
train,KEWX,2021,4,13932
train,KEWX,2021,5,16315
train,KEWX,2022,1,4612
train,KEWX,2022,2,8128
train,KEWX,2022,3,11076
train,KEWX,2022,4,13624
train,KEWX,2022,5,15965
train,KEWX,2023,1,4365
train,KEWX,2023,2,7734
train,KEWX,2023,3,10698
train,KEWX,2023,4,13344
train,KEWX,2023,5,15830
train,KEWX,2024,1,5034
train,KEWX,2024,2,9166
train,KEWX,2024,3,12600
train,KEWX,2024,4,15604
train,KEWX,2024,5,18355
train,KEYX,2013,1,286
train,KEYX,2013,2,430
train,KEYX,2013,3,507
train,KEYX,2013,4,544
train,KEYX,2013,5,535
train,KEYX,2014,1,890
train,KEYX,2014,2,1416
train,KEYX,2014,3,1716
train,KEYX,2014,4,1844
train,KEYX,2014,5,1895
train,KEYX,2015,1,995
train,KEYX,2015,2,1596
train,KEYX,2015,3,1956
train,KEYX,2015,4,2120
train,KEYX,2015,5,2200
train,KEYX,2016,1,1064
train,KEYX,2016,2,1814
train,KEYX,2016,3,2328
train,KEYX,2016,4,2596
train,KEYX,2016,5,2605
train,KEYX,2017,1,1469
train,KEYX,2017,2,2498
train,KEYX,2017,3,3306
train,KEYX,2017,4,3832
train,KEYX,2017,5,4040
train,KEYX,2018,1,1184
train,KEYX,2018,2,1854
train,KEYX,2018,3,2256
train,KEYX,2018,4,2476
train,KEYX,2018,5,2490
train,KEYX,2019,1,1842
train,KEYX,2019,2,2832
train,KEYX,2019,3,3330
train,KEYX,2019,4,3588
train,KEYX,2019,5,3730
train,KEYX,2020,1,1196
train,KEYX,2020,2,1958
train,KEYX,2020,3,2442
train,KEYX,2020,4,2676
train,KEYX,2020,5,2705
train,KEYX,2021,1,435
train,KEYX,2021,2,626
train,KEYX,2021,3,708
train,KEYX,2021,4,728
train,KEYX,2021,5,700
train,KEYX,2022,1,879
train,KEYX,2022,2,1550
train,KEYX,2022,3,2013
train,KEYX,2022,4,2248
train,KEYX,2022,5,2255
train,KEYX,2023,1,1736
train,KEYX,2023,2,2952
train,KEYX,2023,3,3693
train,KEYX,2023,4,4024
train,KEYX,2023,5,4070
train,KEYX,2024,1,1055
train,KEYX,2024,2,1830
train,KEYX,2024,3,2343
train,KEYX,2024,4,2604
train,KEYX,2024,5,2745
train,KFCX,2013,1,2372
train,KFCX,2013,2,4140
train,KFCX,2013,3,5418
train,KFCX,2013,4,6220
train,KFCX,2013,5,6510
train,KFCX,2014,1,1987
train,KFCX,2014,2,3396
train,KFCX,2014,3,4275
train,KFCX,2014,4,4764
train,KFCX,2014,5,4845
train,KFCX,2015,1,1909
train,KFCX,2015,2,3278
train,KFCX,2015,3,4209
train,KFCX,2015,4,4652
train,KFCX,2015,5,4720
train,KFCX,2016,1,2332
train,KFCX,2016,2,3974
train,KFCX,2016,3,5040
train,KFCX,2016,4,5652
train,KFCX,2016,5,5945
train,KFCX,2017,1,2061
train,KFCX,2017,2,3582
train,KFCX,2017,3,4692
train,KFCX,2017,4,5408
train,KFCX,2017,5,5720
train,KFCX,2018,1,2247
train,KFCX,2018,2,3832
train,KFCX,2018,3,4923
train,KFCX,2018,4,5516
train,KFCX,2018,5,5665
train,KFCX,2019,1,2491
train,KFCX,2019,2,4358
train,KFCX,2019,3,5655
train,KFCX,2019,4,6460
train,KFCX,2019,5,6800
train,KFCX,2020,1,2128
train,KFCX,2020,2,3658
train,KFCX,2020,3,4737
train,KFCX,2020,4,5468
train,KFCX,2020,5,5775
train,KFCX,2021,1,1946
train,KFCX,2021,2,3300
train,KFCX,2021,3,4161
train,KFCX,2021,4,4660
train,KFCX,2021,5,4770
train,KFCX,2022,1,1957
train,KFCX,2022,2,3358
train,KFCX,2022,3,4311
train,KFCX,2022,4,4796
train,KFCX,2022,5,4930
train,KFCX,2023,1,2038
train,KFCX,2023,2,3442
train,KFCX,2023,3,4284
train,KFCX,2023,4,4660
train,KFCX,2023,5,4680
train,KFCX,2024,1,2324
train,KFCX,2024,2,4010
train,KFCX,2024,3,5148
train,KFCX,2024,4,5796
train,KFCX,2024,5,5995
train,KFDR,2013,1,2108
train,KFDR,2013,2,3512
train,KFDR,2013,3,4560
train,KFDR,2013,4,5432
train,KFDR,2013,5,6150
train,KFDR,2014,1,2320
train,KFDR,2014,2,3862
train,KFDR,2014,3,4917
train,KFDR,2014,4,5664
train,KFDR,2014,5,6260
train,KFDR,2015,1,3002
train,KFDR,2015,2,5170
train,KFDR,2015,3,6792
train,KFDR,2015,4,8000
train,KFDR,2015,5,8930
train,KFDR,2016,1,2945
train,KFDR,2016,2,4578
train,KFDR,2016,3,5685
train,KFDR,2016,4,6604
train,KFDR,2016,5,7490
train,KFDR,2017,1,2852
train,KFDR,2017,2,4622
train,KFDR,2017,3,5844
train,KFDR,2017,4,6832
train,KFDR,2017,5,7760
train,KFDR,2018,1,2491
train,KFDR,2018,2,4190
train,KFDR,2018,3,5445
train,KFDR,2018,4,6428
train,KFDR,2018,5,7170
train,KFDR,2019,1,2930
train,KFDR,2019,2,4826
train,KFDR,2019,3,6093
train,KFDR,2019,4,6888
train,KFDR,2019,5,7320
train,KFDR,2020,1,2252
train,KFDR,2020,2,3690
train,KFDR,2020,3,4665
train,KFDR,2020,4,5416
train,KFDR,2020,5,6070
train,KFDR,2021,1,2226
train,KFDR,2021,2,3622
train,KFDR,2021,3,4527
train,KFDR,2021,4,5184
train,KFDR,2021,5,5840
train,KFDR,2022,1,2412
train,KFDR,2022,2,4040
train,KFDR,2022,3,5211
train,KFDR,2022,4,6180
train,KFDR,2022,5,7125
train,KFDR,2023,1,3300
train,KFDR,2023,2,5714
train,KFDR,2023,3,7428
train,KFDR,2023,4,8700
train,KFDR,2023,5,9640
train,KFDR,2024,1,2869
train,KFDR,2024,2,4732
train,KFDR,2024,3,5922
train,KFDR,2024,4,6720
train,KFDR,2024,5,7375
train,KFDX,2013,1,835
train,KFDX,2013,2,1172
train,KFDX,2013,3,1296
train,KFDX,2013,4,1316
train,KFDX,2013,5,1290
train,KFDX,2014,1,1406
train,KFDX,2014,2,2230
train,KFDX,2014,3,2748
train,KFDX,2014,4,3048
train,KFDX,2014,5,3245
train,KFDX,2015,1,1259
train,KFDX,2015,2,1962
train,KFDX,2015,3,2352
train,KFDX,2015,4,2604
train,KFDX,2015,5,2780
train,KFDX,2016,1,697
train,KFDX,2016,2,1068
train,KFDX,2016,3,1239
train,KFDX,2016,4,1304
train,KFDX,2016,5,1390
train,KFDX,2017,1,935
train,KFDX,2017,2,1386
train,KFDX,2017,3,1617
train,KFDX,2017,4,1712
train,KFDX,2017,5,1780
train,KFDX,2018,1,1119
train,KFDX,2018,2,1782
train,KFDX,2018,3,2133
train,KFDX,2018,4,2312
train,KFDX,2018,5,2420
train,KFDX,2019,1,1223
train,KFDX,2019,2,1880
train,KFDX,2019,3,2211
train,KFDX,2019,4,2388
train,KFDX,2019,5,2520
train,KFDX,2020,1,1037
train,KFDX,2020,2,1554
train,KFDX,2020,3,1785
train,KFDX,2020,4,1868
train,KFDX,2020,5,1940
train,KFDX,2021,1,993
train,KFDX,2021,2,1376
train,KFDX,2021,3,1431
train,KFDX,2021,4,1340
train,KFDX,2021,5,1275
train,KFDX,2022,1,971
train,KFDX,2022,2,1482
train,KFDX,2022,3,1728
train,KFDX,2022,4,1812
train,KFDX,2022,5,1900
train,KFDX,2023,1,1298
train,KFDX,2023,2,2044
train,KFDX,2023,3,2376
train,KFDX,2023,4,2432
train,KFDX,2023,5,2380
train,KFDX,2024,1,1174
train,KFDX,2024,2,1864
train,KFDX,2024,3,2250
train,KFDX,2024,4,2364
train,KFDX,2024,5,2405
train,KFSD,2013,1,1358
train,KFSD,2013,2,2206
train,KFSD,2013,3,2793
train,KFSD,2013,4,3164
train,KFSD,2013,5,3410
train,KFSD,2014,1,1419
train,KFSD,2014,2,2404
train,KFSD,2014,3,3099
train,KFSD,2014,4,3536
train,KFSD,2014,5,3710
train,KFSD,2015,1,1528
train,KFSD,2015,2,2536
train,KFSD,2015,3,3249
train,KFSD,2015,4,3692
train,KFSD,2015,5,3985
train,KFSD,2016,1,1601
train,KFSD,2016,2,2740
train,KFSD,2016,3,3579
train,KFSD,2016,4,4144
train,KFSD,2016,5,4380
train,KFSD,2017,1,1531
train,KFSD,2017,2,2482
train,KFSD,2017,3,3078
train,KFSD,2017,4,3392
train,KFSD,2017,5,3540
train,KFSD,2018,1,1575
train,KFSD,2018,2,2602
train,KFSD,2018,3,3303
train,KFSD,2018,4,3728
train,KFSD,2018,5,4000
train,KFSD,2019,1,1741
train,KFSD,2019,2,2888
train,KFSD,2019,3,3636
train,KFSD,2019,4,4052
train,KFSD,2019,5,4105
train,KFSD,2020,1,1656
train,KFSD,2020,2,2822
train,KFSD,2020,3,3747
train,KFSD,2020,4,4392
train,KFSD,2020,5,4710
train,KFSD,2021,1,1363
train,KFSD,2021,2,2266
train,KFSD,2021,3,2892
train,KFSD,2021,4,3236
train,KFSD,2021,5,3265
train,KFSD,2022,1,1478
train,KFSD,2022,2,2594
train,KFSD,2022,3,3447
train,KFSD,2022,4,3988
train,KFSD,2022,5,4235
train,KFSD,2023,1,1806
train,KFSD,2023,2,3214
train,KFSD,2023,3,4167
train,KFSD,2023,4,4560
train,KFSD,2023,5,4530
train,KFSD,2024,1,1333
train,KFSD,2024,2,2316
train,KFSD,2024,3,3051
train,KFSD,2024,4,3484
train,KFSD,2024,5,3675
train,KFSX,2013,1,566
train,KFSX,2013,2,662
train,KFSX,2013,3,540
train,KFSX,2013,4,292
train,KFSX,2013,5,100
train,KFSX,2014,1,621
train,KFSX,2014,2,846
train,KFSX,2014,3,807
train,KFSX,2014,4,576
train,KFSX,2014,5,275
train,KFSX,2015,1,734
train,KFSX,2015,2,934
train,KFSX,2015,3,789
train,KFSX,2015,4,512
train,KFSX,2015,5,230
train,KFSX,2016,1,528
train,KFSX,2016,2,690
train,KFSX,2016,3,606
train,KFSX,2016,4,380
train,KFSX,2016,5,155
train,KFSX,2017,1,789
train,KFSX,2017,2,946
train,KFSX,2017,3,717
train,KFSX,2017,4,468
train,KFSX,2017,5,200
train,KFSX,2018,1,664
train,KFSX,2018,2,900
train,KFSX,2018,3,825
train,KFSX,2018,4,540
train,KFSX,2018,5,230
train,KFSX,2019,1,900
train,KFSX,2019,2,1132
train,KFSX,2019,3,942
train,KFSX,2019,4,584
train,KFSX,2019,5,235
train,KFSX,2020,1,809
train,KFSX,2020,2,1034
train,KFSX,2020,3,888
train,KFSX,2020,4,572
train,KFSX,2020,5,235
train,KFSX,2021,1,492
train,KFSX,2021,2,594
train,KFSX,2021,3,468
train,KFSX,2021,4,296
train,KFSX,2021,5,125
train,KFSX,2022,1,954
train,KFSX,2022,2,1252
train,KFSX,2022,3,1077
train,KFSX,2022,4,712
train,KFSX,2022,5,320
train,KFSX,2023,1,1002
train,KFSX,2023,2,1440
train,KFSX,2023,3,1410
train,KFSX,2023,4,948
train,KFSX,2023,5,390
train,KFSX,2024,1,769
train,KFSX,2024,2,1000
train,KFSX,2024,3,882
train,KFSX,2024,4,572
train,KFSX,2024,5,255
train,KFTG,2013,1,985
train,KFTG,2013,2,1500
train,KFTG,2013,3,1653
train,KFTG,2013,4,1636
train,KFTG,2013,5,1480
train,KFTG,2014,1,1313
train,KFTG,2014,2,2174
train,KFTG,2014,3,2700
train,KFTG,2014,4,2892
train,KFTG,2014,5,2835
train,KFTG,2015,1,1303
train,KFTG,2015,2,2122
train,KFTG,2015,3,2619
train,KFTG,2015,4,2840
train,KFTG,2015,5,2815
train,KFTG,2016,1,894
train,KFTG,2016,2,1400
train,KFTG,2016,3,1677
train,KFTG,2016,4,1792
train,KFTG,2016,5,1740
train,KFTG,2017,1,795
train,KFTG,2017,2,1226
train,KFTG,2017,3,1383
train,KFTG,2017,4,1368
train,KFTG,2017,5,1210
train,KFTG,2018,1,1051
train,KFTG,2018,2,1634
train,KFTG,2018,3,1926
train,KFTG,2018,4,2076
train,KFTG,2018,5,2060
train,KFTG,2019,1,1086
train,KFTG,2019,2,1710
train,KFTG,2019,3,1977
train,KFTG,2019,4,1972
train,KFTG,2019,5,1810
train,KFTG,2020,1,1092
train,KFTG,2020,2,1684
train,KFTG,2020,3,1974
train,KFTG,2020,4,2056
train,KFTG,2020,5,1940
train,KFTG,2021,1,691
train,KFTG,2021,2,1024
train,KFTG,2021,3,1128
train,KFTG,2021,4,1076
train,KFTG,2021,5,980
train,KFTG,2022,1,842
train,KFTG,2022,2,1306
train,KFTG,2022,3,1506
train,KFTG,2022,4,1512
train,KFTG,2022,5,1375
train,KFTG,2023,1,1236
train,KFTG,2023,2,1988
train,KFTG,2023,3,2382
train,KFTG,2023,4,2400
train,KFTG,2023,5,2280
train,KFTG,2024,1,1194
train,KFTG,2024,2,1886
train,KFTG,2024,3,2130
train,KFTG,2024,4,2084
train,KFTG,2024,5,1895
train,KFWS,2013,1,3326
train,KFWS,2013,2,5952
train,KFWS,2013,3,8148
train,KFWS,2013,4,9996
train,KFWS,2013,5,11690
train,KFWS,2014,1,3331
train,KFWS,2014,2,6150
train,KFWS,2014,3,8658
train,KFWS,2014,4,10852
train,KFWS,2014,5,12710
train,KFWS,2015,1,3342
train,KFWS,2015,2,6122
train,KFWS,2015,3,8586
train,KFWS,2015,4,10768
train,KFWS,2015,5,12675
train,KFWS,2016,1,3057
train,KFWS,2016,2,5488
train,KFWS,2016,3,7473
train,KFWS,2016,4,9084
train,KFWS,2016,5,10385
train,KFWS,2017,1,2878
train,KFWS,2017,2,5166
train,KFWS,2017,3,7038
train,KFWS,2017,4,8620
train,KFWS,2017,5,9855
train,KFWS,2018,1,3627
train,KFWS,2018,2,6602
train,KFWS,2018,3,9003
train,KFWS,2018,4,10976
train,KFWS,2018,5,12475
train,KFWS,2019,1,3544
train,KFWS,2019,2,6444
train,KFWS,2019,3,8841
train,KFWS,2019,4,10776
train,KFWS,2019,5,12225
train,KFWS,2020,1,3403
train,KFWS,2020,2,6092
train,KFWS,2020,3,8334
train,KFWS,2020,4,10308
train,KFWS,2020,5,12100
train,KFWS,2021,1,2817
train,KFWS,2021,2,5050
train,KFWS,2021,3,6882
train,KFWS,2021,4,8496
train,KFWS,2021,5,9840
train,KFWS,2022,1,3249
train,KFWS,2022,2,5948
train,KFWS,2022,3,8280
train,KFWS,2022,4,10384
train,KFWS,2022,5,12340
train,KFWS,2023,1,3918
train,KFWS,2023,2,7190
train,KFWS,2023,3,9948
train,KFWS,2023,4,12320
train,KFWS,2023,5,14200
train,KFWS,2024,1,3630
train,KFWS,2024,2,6738
train,KFWS,2024,3,9381
train,KFWS,2024,4,11580
train,KFWS,2024,5,13380
train,KGGW,2013,1,892
train,KGGW,2013,2,1444
train,KGGW,2013,3,1815
train,KGGW,2013,4,2052
train,KGGW,2013,5,2155
train,KGGW,2014,1,1031
train,KGGW,2014,2,1686
train,KGGW,2014,3,2118
train,KGGW,2014,4,2392
train,KGGW,2014,5,2575
train,KGGW,2015,1,1022
train,KGGW,2015,2,1696
train,KGGW,2015,3,2127
train,KGGW,2015,4,2416
train,KGGW,2015,5,2545
train,KGGW,2016,1,1005
train,KGGW,2016,2,1592
train,KGGW,2016,3,1956
train,KGGW,2016,4,2152
train,KGGW,2016,5,2290
train,KGGW,2017,1,888
train,KGGW,2017,2,1390
train,KGGW,2017,3,1623
train,KGGW,2017,4,1704
train,KGGW,2017,5,1740
train,KGGW,2018,1,882
train,KGGW,2018,2,1432
train,KGGW,2018,3,1785
train,KGGW,2018,4,2032
train,KGGW,2018,5,2195
train,KGGW,2019,1,713
train,KGGW,2019,2,1162
train,KGGW,2019,3,1419
train,KGGW,2019,4,1568
train,KGGW,2019,5,1645
train,KGGW,2020,1,1039
train,KGGW,2020,2,1636
train,KGGW,2020,3,1905
train,KGGW,2020,4,1984
train,KGGW,2020,5,2035
train,KGGW,2021,1,853
train,KGGW,2021,2,1310
train,KGGW,2021,3,1497
train,KGGW,2021,4,1528
train,KGGW,2021,5,1455
train,KGGW,2022,1,808
train,KGGW,2022,2,1292
train,KGGW,2022,3,1464
train,KGGW,2022,4,1424
train,KGGW,2022,5,1355
train,KGGW,2023,1,1018
train,KGGW,2023,2,1658
train,KGGW,2023,3,1959
train,KGGW,2023,4,2028
train,KGGW,2023,5,2015
train,KGGW,2024,1,696
train,KGGW,2024,2,1052
train,KGGW,2024,3,1143
train,KGGW,2024,4,1176
train,KGGW,2024,5,1205
train,KGRB,2013,1,1659
train,KGRB,2013,2,2702
train,KGRB,2013,3,3456
train,KGRB,2013,4,3932
train,KGRB,2013,5,4235
train,KGRB,2014,1,1846
train,KGRB,2014,2,2952
train,KGRB,2014,3,3690
train,KGRB,2014,4,4168
train,KGRB,2014,5,4470
train,KGRB,2015,1,1714
train,KGRB,2015,2,2716
train,KGRB,2015,3,3357
train,KGRB,2015,4,3708
train,KGRB,2015,5,3925
train,KGRB,2016,1,1791
train,KGRB,2016,2,2956
train,KGRB,2016,3,3717
train,KGRB,2016,4,4076
train,KGRB,2016,5,4175
train,KGRB,2017,1,1776
train,KGRB,2017,2,2878
train,KGRB,2017,3,3603
train,KGRB,2017,4,4040
train,KGRB,2017,5,4385
train,KGRB,2018,1,1766
train,KGRB,2018,2,2870
train,KGRB,2018,3,3663
train,KGRB,2018,4,4200
train,KGRB,2018,5,4595
train,KGRB,2019,1,1997
train,KGRB,2019,2,3240
train,KGRB,2019,3,4131
train,KGRB,2019,4,4680
train,KGRB,2019,5,4965
train,KGRB,2020,1,1868
train,KGRB,2020,2,3118
train,KGRB,2020,3,4035
train,KGRB,2020,4,4664
train,KGRB,2020,5,5080
train,KGRB,2021,1,1991
train,KGRB,2021,2,3156
train,KGRB,2021,3,3840
train,KGRB,2021,4,4156
train,KGRB,2021,5,4215
train,KGRB,2022,1,1969
train,KGRB,2022,2,3212
train,KGRB,2022,3,4038
train,KGRB,2022,4,4596
train,KGRB,2022,5,4975
train,KGRB,2023,1,1991
train,KGRB,2023,2,3246
train,KGRB,2023,3,4032
train,KGRB,2023,4,4460
train,KGRB,2023,5,4660
train,KGRB,2024,1,2035
train,KGRB,2024,2,3538
train,KGRB,2024,3,4677
train,KGRB,2024,4,5436
train,KGRB,2024,5,5900
train,KGRK,2013,1,2981
train,KGRK,2013,2,5376
train,KGRK,2013,3,7419
train,KGRK,2013,4,9260
train,KGRK,2013,5,10860
train,KGRK,2014,1,3437
train,KGRK,2014,2,6296
train,KGRK,2014,3,8877
train,KGRK,2014,4,11272
train,KGRK,2014,5,13415
train,KGRK,2015,1,3817
train,KGRK,2015,2,6920
train,KGRK,2015,3,9672
train,KGRK,2015,4,12116
train,KGRK,2015,5,14290
train,KGRK,2016,1,4158
train,KGRK,2016,2,7570
train,KGRK,2016,3,10584
train,KGRK,2016,4,13284
train,KGRK,2016,5,15700
train,KGRK,2017,1,2012
train,KGRK,2017,2,3588
train,KGRK,2017,3,4890
train,KGRK,2017,4,5908
train,KGRK,2017,5,6740
train,KGRK,2018,1,3118
train,KGRK,2018,2,5516
train,KGRK,2018,3,7473
train,KGRK,2018,4,9220
train,KGRK,2018,5,10755
train,KGRK,2019,1,3395
train,KGRK,2019,2,6070
train,KGRK,2019,3,8304
train,KGRK,2019,4,10316
train,KGRK,2019,5,12010
train,KGRK,2020,1,3623
train,KGRK,2020,2,6614
train,KGRK,2020,3,9156
train,KGRK,2020,4,11272
train,KGRK,2020,5,12945
train,KGRK,2021,1,2636
train,KGRK,2021,2,4766
train,KGRK,2021,3,6534
train,KGRK,2021,4,8084
train,KGRK,2021,5,9460
train,KGRK,2022,1,3146
train,KGRK,2022,2,5810
train,KGRK,2022,3,8112
train,KGRK,2022,4,10156
train,KGRK,2022,5,11980
train,KGRK,2023,1,3010
train,KGRK,2023,2,5402
train,KGRK,2023,3,7386
train,KGRK,2023,4,9084
train,KGRK,2023,5,10590
train,KGRK,2024,1,3407
train,KGRK,2024,2,6224
train,KGRK,2024,3,8601
train,KGRK,2024,4,10696
train,KGRK,2024,5,12535
train,KGRR,2013,1,2041
train,KGRR,2013,2,3284
train,KGRR,2013,3,4152
train,KGRR,2013,4,4692
train,KGRR,2013,5,4945
train,KGRR,2014,1,2107
train,KGRR,2014,2,3296
train,KGRR,2014,3,4077
train,KGRR,2014,4,4596
train,KGRR,2014,5,4850
train,KGRR,2015,1,1726
train,KGRR,2015,2,2738
train,KGRR,2015,3,3384
train,KGRR,2015,4,3764
train,KGRR,2015,5,3980
train,KGRR,2016,1,1958
train,KGRR,2016,2,3118
train,KGRR,2016,3,3969
train,KGRR,2016,4,4540
train,KGRR,2016,5,4875
train,KGRR,2017,1,1876
train,KGRR,2017,2,2964
train,KGRR,2017,3,3618
train,KGRR,2017,4,4008
train,KGRR,2017,5,4255
train,KGRR,2018,1,2068
train,KGRR,2018,2,3254
train,KGRR,2018,3,4023
train,KGRR,2018,4,4432
train,KGRR,2018,5,4585
train,KGRR,2019,1,2225
train,KGRR,2019,2,3496
train,KGRR,2019,3,4254
train,KGRR,2019,4,4664
train,KGRR,2019,5,4805
train,KGRR,2020,1,1963
train,KGRR,2020,2,3088
train,KGRR,2020,3,3873
train,KGRR,2020,4,4412
train,KGRR,2020,5,4790
train,KGRR,2021,1,1903
train,KGRR,2021,2,2958
train,KGRR,2021,3,3579
train,KGRR,2021,4,3980
train,KGRR,2021,5,4190
train,KGRR,2022,1,2005
train,KGRR,2022,2,3454
train,KGRR,2022,3,4512
train,KGRR,2022,4,5252
train,KGRR,2022,5,5665
train,KGRR,2023,1,2215
train,KGRR,2023,2,3842
train,KGRR,2023,3,5043
train,KGRR,2023,4,5884
train,KGRR,2023,5,6410
train,KGRR,2024,1,2026
train,KGRR,2024,2,3424
train,KGRR,2024,3,4293
train,KGRR,2024,4,4812
train,KGRR,2024,5,5035
train,KGSP,2013,1,3382
train,KGSP,2013,2,6046
train,KGSP,2013,3,8208
train,KGSP,2013,4,9916
train,KGSP,2013,5,11210
train,KGSP,2014,1,3440
train,KGSP,2014,2,6056
train,KGSP,2014,3,8154
train,KGSP,2014,4,9824
train,KGSP,2014,5,11095
train,KGSP,2015,1,3406
train,KGSP,2015,2,6026
train,KGSP,2015,3,8052
train,KGSP,2015,4,9676
train,KGSP,2015,5,10905
train,KGSP,2016,1,3616
train,KGSP,2016,2,6280
train,KGSP,2016,3,8379
train,KGSP,2016,4,10040
train,KGSP,2016,5,11220
train,KGSP,2017,1,3901
train,KGSP,2017,2,6894
train,KGSP,2017,3,9201
train,KGSP,2017,4,10956
train,KGSP,2017,5,12265
train,KGSP,2018,1,3350
train,KGSP,2018,2,5844
train,KGSP,2018,3,7698
train,KGSP,2018,4,9084
train,KGSP,2018,5,10220
train,KGSP,2019,1,3723
train,KGSP,2019,2,6680
train,KGSP,2019,3,9075
train,KGSP,2019,4,11020
train,KGSP,2019,5,12495
train,KGSP,2020,1,3588
train,KGSP,2020,2,6190
train,KGSP,2020,3,7974
train,KGSP,2020,4,9140
train,KGSP,2020,5,9845
train,KGSP,2021,1,3441
train,KGSP,2021,2,6044
train,KGSP,2021,3,7965
train,KGSP,2021,4,9368
train,KGSP,2021,5,10410
train,KGSP,2022,1,3188
train,KGSP,2022,2,5704
train,KGSP,2022,3,7740
train,KGSP,2022,4,9424
train,KGSP,2022,5,10745
train,KGSP,2023,1,3579
train,KGSP,2023,2,6496
train,KGSP,2023,3,8793
train,KGSP,2023,4,10548
train,KGSP,2023,5,11735
train,KGSP,2024,1,3531
train,KGSP,2024,2,6472
train,KGSP,2024,3,8880
train,KGSP,2024,4,10748
train,KGSP,2024,5,11910
train,KGWX,2013,1,3209
train,KGWX,2013,2,5458
train,KGWX,2013,3,7104
train,KGWX,2013,4,8296
train,KGWX,2013,5,9250
train,KGWX,2014,1,3156
train,KGWX,2014,2,5298
train,KGWX,2014,3,6714
train,KGWX,2014,4,7692
train,KGWX,2014,5,8230
train,KGWX,2015,1,3320
train,KGWX,2015,2,5666
train,KGWX,2015,3,7371
train,KGWX,2015,4,8548
train,KGWX,2015,5,9335
train,KGWX,2016,1,3374
train,KGWX,2016,2,5682
train,KGWX,2016,3,7179
train,KGWX,2016,4,8168
train,KGWX,2016,5,8985
train,KGWX,2017,1,3386
train,KGWX,2017,2,5834
train,KGWX,2017,3,7524
train,KGWX,2017,4,8732
train,KGWX,2017,5,9525
train,KGWX,2018,1,3785
train,KGWX,2018,2,6518
train,KGWX,2018,3,8520
train,KGWX,2018,4,10056
train,KGWX,2018,5,11290
train,KGWX,2019,1,3593
train,KGWX,2019,2,6012
train,KGWX,2019,3,7695
train,KGWX,2019,4,8912
train,KGWX,2019,5,9950
train,KGWX,2020,1,4017
train,KGWX,2020,2,6816
train,KGWX,2020,3,8691
train,KGWX,2020,4,9872
train,KGWX,2020,5,10655
train,KGWX,2021,1,3837
train,KGWX,2021,2,6644
train,KGWX,2021,3,8583
train,KGWX,2021,4,9856
train,KGWX,2021,5,10610
train,KGWX,2022,1,3756
train,KGWX,2022,2,6686
train,KGWX,2022,3,8967
train,KGWX,2022,4,10872
train,KGWX,2022,5,12430
train,KGWX,2023,1,3851
train,KGWX,2023,2,6818
train,KGWX,2023,3,8973
train,KGWX,2023,4,10584
train,KGWX,2023,5,11810
train,KGWX,2024,1,4013
train,KGWX,2024,2,7202
train,KGWX,2024,3,9642
train,KGWX,2024,4,11440
train,KGWX,2024,5,12825
train,KHDX,2013,1,2116
train,KHDX,2013,2,3478
train,KHDX,2013,3,4323
train,KHDX,2013,4,4772
train,KHDX,2013,5,5045
train,KHDX,2014,1,2554
train,KHDX,2014,2,4240
train,KHDX,2014,3,5328
train,KHDX,2014,4,6064
train,KHDX,2014,5,6580
train,KHDX,2015,1,2651
train,KHDX,2015,2,4596
train,KHDX,2015,3,6045
train,KHDX,2015,4,7052
train,KHDX,2015,5,7750
train,KHDX,2016,1,1532
train,KHDX,2016,2,2510
train,KHDX,2016,3,3105
train,KHDX,2016,4,3544
train,KHDX,2016,5,3845
train,KHDX,2017,1,1387
train,KHDX,2017,2,2220
train,KHDX,2017,3,2697
train,KHDX,2017,4,2956
train,KHDX,2017,5,3070
train,KHDX,2018,1,1702
train,KHDX,2018,2,2878
train,KHDX,2018,3,3702
train,KHDX,2018,4,4200
train,KHDX,2018,5,4495
train,KHDX,2019,1,1893
train,KHDX,2019,2,3182
train,KHDX,2019,3,3915
train,KHDX,2019,4,4248
train,KHDX,2019,5,4175
train,KHDX,2020,1,1667
train,KHDX,2020,2,2810
train,KHDX,2020,3,3609
train,KHDX,2020,4,4204
train,KHDX,2020,5,4595
train,KHDX,2021,1,1975
train,KHDX,2021,2,3356
train,KHDX,2021,3,4209
train,KHDX,2021,4,4620
train,KHDX,2021,5,4800
train,KHDX,2022,1,2183
train,KHDX,2022,2,3766
train,KHDX,2022,3,4920
train,KHDX,2022,4,5648
train,KHDX,2022,5,5940
train,KHDX,2023,1,2316
train,KHDX,2023,2,3998
train,KHDX,2023,3,5154
train,KHDX,2023,4,5816
train,KHDX,2023,5,6135
train,KHDX,2024,1,1652
train,KHDX,2024,2,2764
train,KHDX,2024,3,3369
train,KHDX,2024,4,3632
train,KHDX,2024,5,3720
train,KHGX,2013,1,3205
train,KHGX,2013,2,5466
train,KHGX,2013,3,7356
train,KHGX,2013,4,8984
train,KHGX,2013,5,10465
train,KHGX,2014,1,3228
train,KHGX,2014,2,5532
train,KHGX,2014,3,7473
train,KHGX,2014,4,9116
train,KHGX,2014,5,10525
train,KHGX,2015,1,3513
train,KHGX,2015,2,6002
train,KHGX,2015,3,8007
train,KHGX,2015,4,9712
train,KHGX,2015,5,11335
train,KHGX,2016,1,3798
train,KHGX,2016,2,6428
train,KHGX,2016,3,8676
train,KHGX,2016,4,10700
train,KHGX,2016,5,12630
train,KHGX,2017,1,3205
train,KHGX,2017,2,5332
train,KHGX,2017,3,7089
train,KHGX,2017,4,8700
train,KHGX,2017,5,10145
train,KHGX,2018,1,3414
train,KHGX,2018,2,5588
train,KHGX,2018,3,7299
train,KHGX,2018,4,8844
train,KHGX,2018,5,10270
train,KHGX,2019,1,3560
train,KHGX,2019,2,5934
train,KHGX,2019,3,7806
train,KHGX,2019,4,9348
train,KHGX,2019,5,10815
train,KHGX,2020,1,3603
train,KHGX,2020,2,6158
train,KHGX,2020,3,8322
train,KHGX,2020,4,10224
train,KHGX,2020,5,11880
train,KHGX,2021,1,2955
train,KHGX,2021,2,5140
train,KHGX,2021,3,7044
train,KHGX,2021,4,8772
train,KHGX,2021,5,10360
train,KHGX,2022,1,3076
train,KHGX,2022,2,5480
train,KHGX,2022,3,7572
train,KHGX,2022,4,9360
train,KHGX,2022,5,10955
train,KHGX,2023,1,3387
train,KHGX,2023,2,5872
train,KHGX,2023,3,7974
train,KHGX,2023,4,9780
train,KHGX,2023,5,11440
train,KHGX,2024,1,3904
train,KHGX,2024,2,6790
train,KHGX,2024,3,9171
train,KHGX,2024,4,11252
train,KHGX,2024,5,13205
train,KHNX,2013,1,1193
train,KHNX,2013,2,1832
train,KHNX,2013,3,2385
train,KHNX,2013,4,2900
train,KHNX,2013,5,3390
train,KHNX,2014,1,1458
train,KHNX,2014,2,2230
train,KHNX,2014,3,2862
train,KHNX,2014,4,3472
train,KHNX,2014,5,4055
train,KHNX,2015,1,1614
train,KHNX,2015,2,2644
train,KHNX,2015,3,3444
train,KHNX,2015,4,4128
train,KHNX,2015,5,4825
train,KHNX,2016,1,1636
train,KHNX,2016,2,2556
train,KHNX,2016,3,3285
train,KHNX,2016,4,3960
train,KHNX,2016,5,4525
train,KHNX,2017,1,1837
train,KHNX,2017,2,2724
train,KHNX,2017,3,3330
train,KHNX,2017,4,3916
train,KHNX,2017,5,4445
train,KHNX,2018,1,2017
train,KHNX,2018,2,3006
train,KHNX,2018,3,3708
train,KHNX,2018,4,4468
train,KHNX,2018,5,5260
train,KHNX,2019,1,2710
train,KHNX,2019,2,4338
train,KHNX,2019,3,5406
train,KHNX,2019,4,6332
train,KHNX,2019,5,7040
train,KHNX,2020,1,2348
train,KHNX,2020,2,3758
train,KHNX,2020,3,4872
train,KHNX,2020,4,5860
train,KHNX,2020,5,6705
train,KHNX,2021,1,1889
train,KHNX,2021,2,2772
train,KHNX,2021,3,3300
train,KHNX,2021,4,3740
train,KHNX,2021,5,4130
train,KHNX,2022,1,1723
train,KHNX,2022,2,2836
train,KHNX,2022,3,3681
train,KHNX,2022,4,4360
train,KHNX,2022,5,4915
train,KHNX,2023,1,3407
train,KHNX,2023,2,5934
train,KHNX,2023,3,7761
train,KHNX,2023,4,9056
train,KHNX,2023,5,10020
train,KHNX,2024,1,2344
train,KHNX,2024,2,3900
train,KHNX,2024,3,5148
train,KHNX,2024,4,6280
train,KHNX,2024,5,7325
train,KHPX,2013,1,2066
train,KHPX,2013,2,3740
train,KHPX,2013,3,5106
train,KHPX,2013,4,6216
train,KHPX,2013,5,7070
train,KHPX,2014,1,2995
train,KHPX,2014,2,5232
train,KHPX,2014,3,6936
train,KHPX,2014,4,8168
train,KHPX,2014,5,8875
train,KHPX,2015,1,2789
train,KHPX,2015,2,4990
train,KHPX,2015,3,6795
train,KHPX,2015,4,8264
train,KHPX,2015,5,9295
train,KHPX,2016,1,2713
train,KHPX,2016,2,4786
train,KHPX,2016,3,6369
train,KHPX,2016,4,7508
train,KHPX,2016,5,8140
train,KHPX,2017,1,2012
train,KHPX,2017,2,3560
train,KHPX,2017,3,4788
train,KHPX,2017,4,5704
train,KHPX,2017,5,6255
train,KHPX,2018,1,3108
train,KHPX,2018,2,5596
train,KHPX,2018,3,7533
train,KHPX,2018,4,9084
train,KHPX,2018,5,10250
train,KHPX,2019,1,2765
train,KHPX,2019,2,4846
train,KHPX,2019,3,6468
train,KHPX,2019,4,7600
train,KHPX,2019,5,8400
train,KHPX,2020,1,2884
train,KHPX,2020,2,5108
train,KHPX,2020,3,6813
train,KHPX,2020,4,8032
train,KHPX,2020,5,8765
train,KHPX,2021,1,2842
train,KHPX,2021,2,5068
train,KHPX,2021,3,6759
train,KHPX,2021,4,7944
train,KHPX,2021,5,8660
train,KHPX,2022,1,2494
train,KHPX,2022,2,4446
train,KHPX,2022,3,6027
train,KHPX,2022,4,7184
train,KHPX,2022,5,7955
train,KHPX,2023,1,3022
train,KHPX,2023,2,5478
train,KHPX,2023,3,7467
train,KHPX,2023,4,8920
train,KHPX,2023,5,9775
train,KHPX,2024,1,3214
train,KHPX,2024,2,5886
train,KHPX,2024,3,8046
train,KHPX,2024,4,9704
train,KHPX,2024,5,10830
train,KILN,2013,1,2630
train,KILN,2013,2,4328
train,KILN,2013,3,5472
train,KILN,2013,4,6176
train,KILN,2013,5,6760
train,KILN,2014,1,2270
train,KILN,2014,2,3696
train,KILN,2014,3,4692
train,KILN,2014,4,5288
train,KILN,2014,5,5655
train,KILN,2015,1,2325
train,KILN,2015,2,3798
train,KILN,2015,3,4863
train,KILN,2015,4,5700
train,KILN,2015,5,6355
train,KILN,2016,1,2616
train,KILN,2016,2,4330
train,KILN,2016,3,5580
train,KILN,2016,4,6440
train,KILN,2016,5,7145
train,KILN,2017,1,2561
train,KILN,2017,2,4364
train,KILN,2017,3,5754
train,KILN,2017,4,6760
train,KILN,2017,5,7560
train,KILN,2018,1,2565
train,KILN,2018,2,4316
train,KILN,2018,3,5580
train,KILN,2018,4,6560
train,KILN,2018,5,7260
train,KILN,2019,1,2702
train,KILN,2019,2,4396
train,KILN,2019,3,5556
train,KILN,2019,4,6344
train,KILN,2019,5,6865
train,KILN,2020,1,2443
train,KILN,2020,2,3944
train,KILN,2020,3,4827
train,KILN,2020,4,5276
train,KILN,2020,5,5630
train,KILN,2021,1,2356
train,KILN,2021,2,3948
train,KILN,2021,3,5088
train,KILN,2021,4,5936
train,KILN,2021,5,6555
train,KILN,2022,1,2338
train,KILN,2022,2,4046
train,KILN,2022,3,5202
train,KILN,2022,4,5928
train,KILN,2022,5,6360
train,KILN,2023,1,2449
train,KILN,2023,2,4290
train,KILN,2023,3,5616
train,KILN,2023,4,6604
train,KILN,2023,5,7300
train,KILN,2024,1,2747
train,KILN,2024,2,4864
train,KILN,2024,3,6465
train,KILN,2024,4,7576
train,KILN,2024,5,8255
train,KILX,2013,1,1906
train,KILX,2013,2,3332
train,KILX,2013,3,4485
train,KILX,2013,4,5420
train,KILX,2013,5,6145
train,KILX,2014,1,2083
train,KILX,2014,2,3522
train,KILX,2014,3,4599
train,KILX,2014,4,5420
train,KILX,2014,5,6045
train,KILX,2015,1,2156
train,KILX,2015,2,3688
train,KILX,2015,3,4884
train,KILX,2015,4,5784
train,KILX,2015,5,6455
train,KILX,2016,1,1973
train,KILX,2016,2,3342
train,KILX,2016,3,4383
train,KILX,2016,4,5216
train,KILX,2016,5,5805
train,KILX,2017,1,2105
train,KILX,2017,2,3518
train,KILX,2017,3,4470
train,KILX,2017,4,5176
train,KILX,2017,5,5640
train,KILX,2018,1,2659
train,KILX,2018,2,4404
train,KILX,2018,3,5640
train,KILX,2018,4,6608
train,KILX,2018,5,7330
train,KILX,2019,1,2821
train,KILX,2019,2,4526
train,KILX,2019,3,5697
train,KILX,2019,4,6616
train,KILX,2019,5,7420
train,KILX,2020,1,2518
train,KILX,2020,2,3994
train,KILX,2020,3,5055
train,KILX,2020,4,5852
train,KILX,2020,5,6465
train,KILX,2021,1,2386
train,KILX,2021,2,3768
train,KILX,2021,3,4812
train,KILX,2021,4,5732
train,KILX,2021,5,6580
train,KILX,2022,1,2477
train,KILX,2022,2,4044
train,KILX,2022,3,5154
train,KILX,2022,4,6016
train,KILX,2022,5,6665
train,KILX,2023,1,2745
train,KILX,2023,2,4668
train,KILX,2023,3,6162
train,KILX,2023,4,7348
train,KILX,2023,5,8235
train,KILX,2024,1,2724
train,KILX,2024,2,4524
train,KILX,2024,3,5877
train,KILX,2024,4,6968
train,KILX,2024,5,7765
train,KINX,2013,1,2763
train,KINX,2013,2,4728
train,KINX,2013,3,6204
train,KINX,2013,4,7360
train,KINX,2013,5,8255
train,KINX,2014,1,2618
train,KINX,2014,2,4528
train,KINX,2014,3,6003
train,KINX,2014,4,7204
train,KINX,2014,5,8120
train,KINX,2015,1,3230
train,KINX,2015,2,5594
train,KINX,2015,3,7401
train,KINX,2015,4,8792
train,KINX,2015,5,9880
train,KINX,2016,1,3163
train,KINX,2016,2,5414
train,KINX,2016,3,7164
train,KINX,2016,4,8644
train,KINX,2016,5,9960
train,KINX,2017,1,3057
train,KINX,2017,2,5302
train,KINX,2017,3,7026
train,KINX,2017,4,8476
train,KINX,2017,5,9620
train,KINX,2018,1,2891
train,KINX,2018,2,5074
train,KINX,2018,3,6834
train,KINX,2018,4,8216
train,KINX,2018,5,9195
train,KINX,2019,1,2791
train,KINX,2019,2,4768
train,KINX,2019,3,6216
train,KINX,2019,4,7236
train,KINX,2019,5,7990
train,KINX,2020,1,2909
train,KINX,2020,2,4990
train,KINX,2020,3,6591
train,KINX,2020,4,7884
train,KINX,2020,5,8970
train,KINX,2021,1,2529
train,KINX,2021,2,4328
train,KINX,2021,3,5613
train,KINX,2021,4,6544
train,KINX,2021,5,7250
train,KINX,2022,1,2842
train,KINX,2022,2,5074
train,KINX,2022,3,6876
train,KINX,2022,4,8392
train,KINX,2022,5,9715
train,KINX,2023,1,3488
train,KINX,2023,2,6296
train,KINX,2023,3,8550
train,KINX,2023,4,10416
train,KINX,2023,5,11915
train,KINX,2024,1,3422
train,KINX,2024,2,6000
train,KINX,2024,3,7935
train,KINX,2024,4,9448
train,KINX,2024,5,10795
train,KIWA,2013,1,4433
train,KIWA,2013,2,8138
train,KIWA,2013,3,11406
train,KIWA,2013,4,14176
train,KIWA,2013,5,16625
train,KIWA,2014,1,4842
train,KIWA,2014,2,9078
train,KIWA,2014,3,12903
train,KIWA,2014,4,16316
train,KIWA,2014,5,19225
train,KIWA,2015,1,4159
train,KIWA,2015,2,7544
train,KIWA,2015,3,10431
train,KIWA,2015,4,12900
train,KIWA,2015,5,15105
train,KIWA,2016,1,3666
train,KIWA,2016,2,6664
train,KIWA,2016,3,9330
train,KIWA,2016,4,11744
train,KIWA,2016,5,13825
train,KIWA,2017,1,4558
train,KIWA,2017,2,8240
train,KIWA,2017,3,11505
train,KIWA,2017,4,14464
train,KIWA,2017,5,17110
train,KIWA,2018,1,3753
train,KIWA,2018,2,6702
train,KIWA,2018,3,9279
train,KIWA,2018,4,11488
train,KIWA,2018,5,13300
train,KIWA,2019,1,4212
train,KIWA,2019,2,7804
train,KIWA,2019,3,10950
train,KIWA,2019,4,13660
train,KIWA,2019,5,15820
train,KIWA,2020,1,3616
train,KIWA,2020,2,6534
train,KIWA,2020,3,9054
train,KIWA,2020,4,11168
train,KIWA,2020,5,12910
train,KIWA,2021,1,3497
train,KIWA,2021,2,6382
train,KIWA,2021,3,8781
train,KIWA,2021,4,10824
train,KIWA,2021,5,12460
train,KIWA,2022,1,4106
train,KIWA,2022,2,7716
train,KIWA,2022,3,10902
train,KIWA,2022,4,13696
train,KIWA,2022,5,15935
train,KIWA,2023,1,3909
train,KIWA,2023,2,7148
train,KIWA,2023,3,10044
train,KIWA,2023,4,12656
train,KIWA,2023,5,14850
train,KIWA,2024,1,3462
train,KIWA,2024,2,6470
train,KIWA,2024,3,9072
train,KIWA,2024,4,11288
train,KIWA,2024,5,13105
train,KIWX,2013,1,2031
train,KIWX,2013,2,3368
train,KIWX,2013,3,4317
train,KIWX,2013,4,4968
train,KIWX,2013,5,5260
train,KIWX,2014,1,1817
train,KIWX,2014,2,3016
train,KIWX,2014,3,3801
train,KIWX,2014,4,4104
train,KIWX,2014,5,4080
train,KIWX,2015,1,1736
train,KIWX,2015,2,2820
train,KIWX,2015,3,3531
train,KIWX,2015,4,3980
train,KIWX,2015,5,4275
train,KIWX,2016,1,1866
train,KIWX,2016,2,3064
train,KIWX,2016,3,3846
train,KIWX,2016,4,4336
train,KIWX,2016,5,4520
train,KIWX,2017,1,1681
train,KIWX,2017,2,2766
train,KIWX,2017,3,3462
train,KIWX,2017,4,3888
train,KIWX,2017,5,4145
train,KIWX,2018,1,2443
train,KIWX,2018,2,4052
train,KIWX,2018,3,5133
train,KIWX,2018,4,5748
train,KIWX,2018,5,6075
train,KIWX,2019,1,2273
train,KIWX,2019,2,3678
train,KIWX,2019,3,4554
train,KIWX,2019,4,5036
train,KIWX,2019,5,5200
train,KIWX,2020,1,2116
train,KIWX,2020,2,3504
train,KIWX,2020,3,4446
train,KIWX,2020,4,5032
train,KIWX,2020,5,5330
train,KIWX,2021,1,2242
train,KIWX,2021,2,3740
train,KIWX,2021,3,4758
train,KIWX,2021,4,5404
train,KIWX,2021,5,5805
train,KIWX,2022,1,1957
train,KIWX,2022,2,3356
train,KIWX,2022,3,4326
train,KIWX,2022,4,4940
train,KIWX,2022,5,5220
train,KIWX,2023,1,2148
train,KIWX,2023,2,3774
train,KIWX,2023,3,4926
train,KIWX,2023,4,5716
train,KIWX,2023,5,6125
train,KIWX,2024,1,2283
train,KIWX,2024,2,3950
train,KIWX,2024,3,5169
train,KIWX,2024,4,6080
train,KIWX,2024,5,6650
train,KJAX,2013,1,4650
train,KJAX,2013,2,8262
train,KJAX,2013,3,11019
train,KJAX,2013,4,13140
train,KJAX,2013,5,14500
train,KJAX,2014,1,3821
train,KJAX,2014,2,6318
train,KJAX,2014,3,8073
train,KJAX,2014,4,9428
train,KJAX,2014,5,10465
train,KJAX,2015,1,4299
train,KJAX,2015,2,7102
train,KJAX,2015,3,8790
train,KJAX,2015,4,9736
train,KJAX,2015,5,10355
train,KJAX,2016,1,3921
train,KJAX,2016,2,6300
train,KJAX,2016,3,7692
train,KJAX,2016,4,8520
train,KJAX,2016,5,9015
train,KJAX,2017,1,3661
train,KJAX,2017,2,5900
train,KJAX,2017,3,7203
train,KJAX,2017,4,8008
train,KJAX,2017,5,8420
train,KJAX,2018,1,3495
train,KJAX,2018,2,5508
train,KJAX,2018,3,6618
train,KJAX,2018,4,7204
train,KJAX,2018,5,7400
train,KJAX,2019,1,4064
train,KJAX,2019,2,6692
train,KJAX,2019,3,8331
train,KJAX,2019,4,9228
train,KJAX,2019,5,9580
train,KJAX,2020,1,3941
train,KJAX,2020,2,6266
train,KJAX,2020,3,7506
train,KJAX,2020,4,8292
train,KJAX,2020,5,8620
train,KJAX,2021,1,3767
train,KJAX,2021,2,6312
train,KJAX,2021,3,8046
train,KJAX,2021,4,9316
train,KJAX,2021,5,10175
train,KJAX,2022,1,3711
train,KJAX,2022,2,6304
train,KJAX,2022,3,7989
train,KJAX,2022,4,8972
train,KJAX,2022,5,9465
train,KJAX,2023,1,4006
train,KJAX,2023,2,6754
train,KJAX,2023,3,8592
train,KJAX,2023,4,9664
train,KJAX,2023,5,10210
train,KJAX,2024,1,3765
train,KJAX,2024,2,6164
train,KJAX,2024,3,7503
train,KJAX,2024,4,8320
train,KJAX,2024,5,8765
train,KJKL,2013,1,2898
train,KJKL,2013,2,4982
train,KJKL,2013,3,6447
train,KJKL,2013,4,7432
train,KJKL,2013,5,8045
train,KJKL,2014,1,2636
train,KJKL,2014,2,4532
train,KJKL,2014,3,5931
train,KJKL,2014,4,6900
train,KJKL,2014,5,7465
train,KJKL,2015,1,2825
train,KJKL,2015,2,4796
train,KJKL,2015,3,6126
train,KJKL,2015,4,6884
train,KJKL,2015,5,7310
train,KJKL,2016,1,2700
train,KJKL,2016,2,4536
train,KJKL,2016,3,5808
train,KJKL,2016,4,6740
train,KJKL,2016,5,7380
train,KJKL,2017,1,2783
train,KJKL,2017,2,4740
train,KJKL,2017,3,6090
train,KJKL,2017,4,6956
train,KJKL,2017,5,7415
train,KJKL,2018,1,2691
train,KJKL,2018,2,4440
train,KJKL,2018,3,5613
train,KJKL,2018,4,6324
train,KJKL,2018,5,6720
train,KJKL,2019,1,2861
train,KJKL,2019,2,4834
train,KJKL,2019,3,6096
train,KJKL,2019,4,6808
train,KJKL,2019,5,7225
train,KJKL,2020,1,2790
train,KJKL,2020,2,4702
train,KJKL,2020,3,5919
train,KJKL,2020,4,6668
train,KJKL,2020,5,6960
train,KJKL,2021,1,2845
train,KJKL,2021,2,4776
train,KJKL,2021,3,6036
train,KJKL,2021,4,6852
train,KJKL,2021,5,7455
train,KJKL,2022,1,2673
train,KJKL,2022,2,4742
train,KJKL,2022,3,6258
train,KJKL,2022,4,7264
train,KJKL,2022,5,7830
train,KJKL,2023,1,2787
train,KJKL,2023,2,4986
train,KJKL,2023,3,6657
train,KJKL,2023,4,7708
train,KJKL,2023,5,8215
train,KJKL,2024,1,3090
train,KJKL,2024,2,5406
train,KJKL,2024,3,7050
train,KJKL,2024,4,8276
train,KJKL,2024,5,9115
train,KLBB,2013,1,1389
train,KLBB,2013,2,2122
train,KLBB,2013,3,2601
train,KLBB,2013,4,2852
train,KLBB,2013,5,2920
train,KLBB,2014,1,1710
train,KLBB,2014,2,2660
train,KLBB,2014,3,3213
train,KLBB,2014,4,3552
train,KLBB,2014,5,3810
train,KLBB,2015,1,2121
train,KLBB,2015,2,3208
train,KLBB,2015,3,3795
train,KLBB,2015,4,4132
train,KLBB,2015,5,4320
train,KLBB,2016,1,1607
train,KLBB,2016,2,2482
train,KLBB,2016,3,3057
train,KLBB,2016,4,3476
train,KLBB,2016,5,3840
train,KLBB,2017,1,1788
train,KLBB,2017,2,2650
train,KLBB,2017,3,3168
train,KLBB,2017,4,3604
train,KLBB,2017,5,3955
train,KLBB,2018,1,1496
train,KLBB,2018,2,2138
train,KLBB,2018,3,2421
train,KLBB,2018,4,2508
train,KLBB,2018,5,2500
train,KLBB,2019,1,2503
train,KLBB,2019,2,3574
train,KLBB,2019,3,4173
train,KLBB,2019,4,4428
train,KLBB,2019,5,4615
train,KLBB,2020,1,2240
train,KLBB,2020,2,3256
train,KLBB,2020,3,3852
train,KLBB,2020,4,4208
train,KLBB,2020,5,4545
train,KLBB,2021,1,2363
train,KLBB,2021,2,3562
train,KLBB,2021,3,4272
train,KLBB,2021,4,4672
train,KLBB,2021,5,4930
train,KLBB,2022,1,1660
train,KLBB,2022,2,2594
train,KLBB,2022,3,3114
train,KLBB,2022,4,3312
train,KLBB,2022,5,3445
train,KLBB,2023,1,2219
train,KLBB,2023,2,3720
train,KLBB,2023,3,4563
train,KLBB,2023,4,4984
train,KLBB,2023,5,5195
train,KLBB,2024,1,1425
train,KLBB,2024,2,2294
train,KLBB,2024,3,2853
train,KLBB,2024,4,3176
train,KLBB,2024,5,3450
train,KLCH,2013,1,2872
train,KLCH,2013,2,4458
train,KLCH,2013,3,5478
train,KLCH,2013,4,6144
train,KLCH,2013,5,6550
train,KLCH,2014,1,3028
train,KLCH,2014,2,4680
train,KLCH,2014,3,5730
train,KLCH,2014,4,6384
train,KLCH,2014,5,6885
train,KLCH,2015,1,3805
train,KLCH,2015,2,6038
train,KLCH,2015,3,7506
train,KLCH,2015,4,8720
train,KLCH,2015,5,9880
train,KLCH,2016,1,4020
train,KLCH,2016,2,6376
train,KLCH,2016,3,7845
train,KLCH,2016,4,8904
train,KLCH,2016,5,9905
train,KLCH,2017,1,3484
train,KLCH,2017,2,5240
train,KLCH,2017,3,6249
train,KLCH,2017,4,6944
train,KLCH,2017,5,7575
train,KLCH,2018,1,3321
train,KLCH,2018,2,5052
train,KLCH,2018,3,5979
train,KLCH,2018,4,6444
train,KLCH,2018,5,6765
train,KLCH,2019,1,2801
train,KLCH,2019,2,4402
train,KLCH,2019,3,5385
train,KLCH,2019,4,5920
train,KLCH,2019,5,6360
train,KLCH,2020,1,1641
train,KLCH,2020,2,2536
train,KLCH,2020,3,3084
train,KLCH,2020,4,3488
train,KLCH,2020,5,3870
train,KLCH,2021,1,2904
train,KLCH,2021,2,4408
train,KLCH,2021,3,5202
train,KLCH,2021,4,5728
train,KLCH,2021,5,6135
train,KLCH,2022,1,2863
train,KLCH,2022,2,4630
train,KLCH,2022,3,5703
train,KLCH,2022,4,6356
train,KLCH,2022,5,6795
train,KLCH,2023,1,2513
train,KLCH,2023,2,4112
train,KLCH,2023,3,5130
train,KLCH,2023,4,5752
train,KLCH,2023,5,6295
train,KLCH,2024,1,2895
train,KLCH,2024,2,4730
train,KLCH,2024,3,5919
train,KLCH,2024,4,6728
train,KLCH,2024,5,7375
train,KLGX,2013,1,1340
train,KLGX,2013,2,2332
train,KLGX,2013,3,3135
train,KLGX,2013,4,3800
train,KLGX,2013,5,4290
train,KLGX,2014,1,1272
train,KLGX,2014,2,2142
train,KLGX,2014,3,2784
train,KLGX,2014,4,3356
train,KLGX,2014,5,3855
train,KLGX,2015,1,1448
train,KLGX,2015,2,2530
train,KLGX,2015,3,3432
train,KLGX,2015,4,4248
train,KLGX,2015,5,4960
train,KLGX,2016,1,1495
train,KLGX,2016,2,2672
train,KLGX,2016,3,3678
train,KLGX,2016,4,4596
train,KLGX,2016,5,5385
train,KLGX,2017,1,1361
train,KLGX,2017,2,2418
train,KLGX,2017,3,3264
train,KLGX,2017,4,4016
train,KLGX,2017,5,4635
train,KLGX,2018,1,1101
train,KLGX,2018,2,1918
train,KLGX,2018,3,2664
train,KLGX,2018,4,3344
train,KLGX,2018,5,3935
train,KLGX,2019,1,1086
train,KLGX,2019,2,1850
train,KLGX,2019,3,2475
train,KLGX,2019,4,3004
train,KLGX,2019,5,3410
train,KLGX,2020,1,1367
train,KLGX,2020,2,2302
train,KLGX,2020,3,3006
train,KLGX,2020,4,3608
train,KLGX,2020,5,4130
train,KLGX,2021,1,1055
train,KLGX,2021,2,1790
train,KLGX,2021,3,2406
train,KLGX,2021,4,3004
train,KLGX,2021,5,3465
train,KLGX,2022,1,1577
train,KLGX,2022,2,2758
train,KLGX,2022,3,3642
train,KLGX,2022,4,4244
train,KLGX,2022,5,4570
train,KLGX,2023,1,1240
train,KLGX,2023,2,2216
train,KLGX,2023,3,2961
train,KLGX,2023,4,3572
train,KLGX,2023,5,4010
train,KLGX,2024,1,1189
train,KLGX,2024,2,2118
train,KLGX,2024,3,2820
train,KLGX,2024,4,3340
train,KLGX,2024,5,3730
train,KLIX,2013,1,1751
train,KLIX,2013,2,2692
train,KLIX,2013,3,3270
train,KLIX,2013,4,3620
train,KLIX,2013,5,3865
train,KLIX,2014,1,1648
train,KLIX,2014,2,2502
train,KLIX,2014,3,2949
train,KLIX,2014,4,3200
train,KLIX,2014,5,3390
train,KLIX,2015,1,1992
train,KLIX,2015,2,3082
train,KLIX,2015,3,3750
train,KLIX,2015,4,4208
train,KLIX,2015,5,4605
train,KLIX,2016,1,2037
train,KLIX,2016,2,3054
train,KLIX,2016,3,3546
train,KLIX,2016,4,3780
train,KLIX,2016,5,3965
train,KLIX,2017,1,1945
train,KLIX,2017,2,2788
train,KLIX,2017,3,3099
train,KLIX,2017,4,3248
train,KLIX,2017,5,3405
train,KLIX,2018,1,1924
train,KLIX,2018,2,2812
train,KLIX,2018,3,3342
train,KLIX,2018,4,3708
train,KLIX,2018,5,4020
train,KLIX,2019,1,2124
train,KLIX,2019,2,3126
train,KLIX,2019,3,3660
train,KLIX,2019,4,4056
train,KLIX,2019,5,4295
train,KLIX,2020,1,2053
train,KLIX,2020,2,3002
train,KLIX,2020,3,3423
train,KLIX,2020,4,3568
train,KLIX,2020,5,3725
train,KLIX,2021,1,1815
train,KLIX,2021,2,2846
train,KLIX,2021,3,3540
train,KLIX,2021,4,4052
train,KLIX,2021,5,4470
train,KLIX,2022,1,2123
train,KLIX,2022,2,3388
train,KLIX,2022,3,4155
train,KLIX,2022,4,4548
train,KLIX,2022,5,4775
train,KLIX,2023,1,2504
train,KLIX,2023,2,3934
train,KLIX,2023,3,4797
train,KLIX,2023,4,5388
train,KLIX,2023,5,5920
train,KLNX,2013,1,1174
train,KLNX,2013,2,2004
train,KLNX,2013,3,2547
train,KLNX,2013,4,2836
train,KLNX,2013,5,2960
train,KLNX,2014,1,1672
train,KLNX,2014,2,2758
train,KLNX,2014,3,3459
train,KLNX,2014,4,3932
train,KLNX,2014,5,4260
train,KLNX,2015,1,1516
train,KLNX,2015,2,2496
train,KLNX,2015,3,3201
train,KLNX,2015,4,3676
train,KLNX,2015,5,3995
train,KLNX,2016,1,1610
train,KLNX,2016,2,2680
train,KLNX,2016,3,3381
train,KLNX,2016,4,3780
train,KLNX,2016,5,4085
train,KLNX,2017,1,1512
train,KLNX,2017,2,2606
train,KLNX,2017,3,3375
train,KLNX,2017,4,3860
train,KLNX,2017,5,4165
train,KLNX,2018,1,1313
train,KLNX,2018,2,2142
train,KLNX,2018,3,2667
train,KLNX,2018,4,2968
train,KLNX,2018,5,3205
train,KLNX,2019,1,1643
train,KLNX,2019,2,2776
train,KLNX,2019,3,3567
train,KLNX,2019,4,4076
train,KLNX,2019,5,4370
train,KLNX,2020,1,1396
train,KLNX,2020,2,2390
train,KLNX,2020,3,3138
train,KLNX,2020,4,3688
train,KLNX,2020,5,3995
train,KLNX,2021,1,1257
train,KLNX,2021,2,2082
train,KLNX,2021,3,2592
train,KLNX,2021,4,2860
train,KLNX,2021,5,2900
train,KLNX,2022,1,1133
train,KLNX,2022,2,1868
train,KLNX,2022,3,2340
train,KLNX,2022,4,2612
train,KLNX,2022,5,2775
train,KLNX,2023,1,1653
train,KLNX,2023,2,2750
train,KLNX,2023,3,3429
train,KLNX,2023,4,3888
train,KLNX,2023,5,4210
train,KLNX,2024,1,1289
train,KLNX,2024,2,2124
train,KLNX,2024,3,2589
train,KLNX,2024,4,2824
train,KLNX,2024,5,2885
train,KLOT,2013,1,1933
train,KLOT,2013,2,3278
train,KLOT,2013,3,4314
train,KLOT,2013,4,5176
train,KLOT,2013,5,5875
train,KLOT,2014,1,2524
train,KLOT,2014,2,4294
train,KLOT,2014,3,5619
train,KLOT,2014,4,6704
train,KLOT,2014,5,7505
train,KLOT,2015,1,2452
train,KLOT,2015,2,4200
train,KLOT,2015,3,5580
train,KLOT,2015,4,6700
train,KLOT,2015,5,7670
train,KLOT,2016,1,2632
train,KLOT,2016,2,4434
train,KLOT,2016,3,5742
train,KLOT,2016,4,6732
train,KLOT,2016,5,7490
train,KLOT,2017,1,2351
train,KLOT,2017,2,3992
train,KLOT,2017,3,5244
train,KLOT,2017,4,6204
train,KLOT,2017,5,6875
train,KLOT,2018,1,2359
train,KLOT,2018,2,4052
train,KLOT,2018,3,5355
train,KLOT,2018,4,6372
train,KLOT,2018,5,7035
train,KLOT,2019,1,2322
train,KLOT,2019,2,3912
train,KLOT,2019,3,5070
train,KLOT,2019,4,5908
train,KLOT,2019,5,6535
train,KLOT,2020,1,1919
train,KLOT,2020,2,3238
train,KLOT,2020,3,4194
train,KLOT,2020,4,4880
train,KLOT,2020,5,5340
train,KLOT,2021,1,2336
train,KLOT,2021,2,3922
train,KLOT,2021,3,5157
train,KLOT,2021,4,6028
train,KLOT,2021,5,6540
train,KLOT,2022,1,1849
train,KLOT,2022,2,3186
train,KLOT,2022,3,4188
train,KLOT,2022,4,4860
train,KLOT,2022,5,5310
train,KLOT,2023,1,2117
train,KLOT,2023,2,3706
train,KLOT,2023,3,4920
train,KLOT,2023,4,5804
train,KLOT,2023,5,6375
train,KLOT,2024,1,2226
train,KLOT,2024,2,3984
train,KLOT,2024,3,5301
train,KLOT,2024,4,6224
train,KLOT,2024,5,6850
train,KLRX,2013,1,65
train,KLRX,2013,2,90
train,KLRX,2013,3,96
train,KLRX,2013,4,92
train,KLRX,2013,5,70
train,KLRX,2014,1,103
train,KLRX,2014,2,122
train,KLRX,2014,3,108
train,KLRX,2014,4,72
train,KLRX,2014,5,50
train,KLRX,2015,1,157
train,KLRX,2015,2,248
train,KLRX,2015,3,288
train,KLRX,2015,4,276
train,KLRX,2015,5,235
train,KLRX,2016,1,90
train,KLRX,2016,2,116
train,KLRX,2016,3,93
train,KLRX,2016,4,72
train,KLRX,2016,5,40
train,KLRX,2017,1,119
train,KLRX,2017,2,156
train,KLRX,2017,3,144
train,KLRX,2017,4,124
train,KLRX,2017,5,85
train,KLRX,2018,1,101
train,KLRX,2018,2,146
train,KLRX,2018,3,120
train,KLRX,2018,4,72
train,KLRX,2018,5,25
train,KLRX,2019,1,72
train,KLRX,2019,2,76
train,KLRX,2019,3,54
train,KLRX,2019,4,24
train,KLRX,2019,5,20
train,KLRX,2020,1,108
train,KLRX,2020,2,120
train,KLRX,2020,3,87
train,KLRX,2020,4,56
train,KLRX,2020,5,45
train,KLRX,2021,1,30
train,KLRX,2021,2,42
train,KLRX,2021,3,42
train,KLRX,2021,4,32
train,KLRX,2021,5,25
train,KLRX,2022,1,10
train,KLRX,2022,2,10
train,KLRX,2022,3,6
train,KLRX,2023,1,75
train,KLRX,2023,2,84
train,KLRX,2023,3,54
train,KLRX,2023,4,28
train,KLRX,2023,5,10
train,KLRX,2024,1,174
train,KLRX,2024,2,218
train,KLRX,2024,3,177
train,KLRX,2024,4,108
train,KLRX,2024,5,40
train,KLSX,2013,1,3081
train,KLSX,2013,2,5282
train,KLSX,2013,3,6969
train,KLSX,2013,4,8276
train,KLSX,2013,5,9250
train,KLSX,2014,1,3127
train,KLSX,2014,2,5382
train,KLSX,2014,3,7017
train,KLSX,2014,4,8196
train,KLSX,2014,5,9050
train,KLSX,2015,1,3436
train,KLSX,2015,2,5884
train,KLSX,2015,3,7776
train,KLSX,2015,4,9236
train,KLSX,2015,5,10375
train,KLSX,2016,1,3572
train,KLSX,2016,2,6182
train,KLSX,2016,3,8073
train,KLSX,2016,4,9460
train,KLSX,2016,5,10390
train,KLSX,2017,1,3227
train,KLSX,2017,2,5592
train,KLSX,2017,3,7416
train,KLSX,2017,4,8768
train,KLSX,2017,5,9720
train,KLSX,2018,1,3772
train,KLSX,2018,2,6676
train,KLSX,2018,3,8940
train,KLSX,2018,4,10772
train,KLSX,2018,5,12160
train,KLSX,2019,1,3546
train,KLSX,2019,2,5930
train,KLSX,2019,3,7686
train,KLSX,2019,4,8976
train,KLSX,2019,5,10010
train,KLSX,2020,1,3674
train,KLSX,2020,2,6318
train,KLSX,2020,3,8310
train,KLSX,2020,4,9768
train,KLSX,2020,5,10865
train,KLSX,2021,1,3691
train,KLSX,2021,2,6236
train,KLSX,2021,3,7962
train,KLSX,2021,4,9148
train,KLSX,2021,5,10060
train,KLSX,2022,1,3070
train,KLSX,2022,2,5400
train,KLSX,2022,3,7233
train,KLSX,2022,4,8684
train,KLSX,2022,5,9795
train,KLSX,2023,1,3546
train,KLSX,2023,2,6402
train,KLSX,2023,3,8721
train,KLSX,2023,4,10628
train,KLSX,2023,5,12070
train,KLSX,2024,1,3495
train,KLSX,2024,2,6326
train,KLSX,2024,3,8565
train,KLSX,2024,4,10336
train,KLSX,2024,5,11560
train,KLTX,2013,1,2117
train,KLTX,2013,2,3352
train,KLTX,2013,3,4074
train,KLTX,2013,4,4496
train,KLTX,2013,5,4835
train,KLTX,2014,1,1913
train,KLTX,2014,2,2910
train,KLTX,2014,3,3342
train,KLTX,2014,4,3528
train,KLTX,2014,5,3705
train,KLTX,2015,1,1809
train,KLTX,2015,2,2812
train,KLTX,2015,3,3294
train,KLTX,2015,4,3584
train,KLTX,2015,5,3755
train,KLTX,2016,1,1977
train,KLTX,2016,2,3106
train,KLTX,2016,3,3732
train,KLTX,2016,4,4088
train,KLTX,2016,5,4280
train,KLTX,2017,1,1962
train,KLTX,2017,2,3012
train,KLTX,2017,3,3564
train,KLTX,2017,4,3892
train,KLTX,2017,5,4085
train,KLTX,2018,1,1522
train,KLTX,2018,2,2358
train,KLTX,2018,3,2790
train,KLTX,2018,4,3016
train,KLTX,2018,5,3130
train,KLTX,2019,1,1865
train,KLTX,2019,2,2880
train,KLTX,2019,3,3441
train,KLTX,2019,4,3716
train,KLTX,2019,5,3830
train,KLTX,2020,1,1620
train,KLTX,2020,2,2476
train,KLTX,2020,3,2919
train,KLTX,2020,4,3112
train,KLTX,2020,5,3140
train,KLTX,2021,1,1783
train,KLTX,2021,2,2892
train,KLTX,2021,3,3573
train,KLTX,2021,4,4020
train,KLTX,2021,5,4365
train,KLTX,2022,1,1681
train,KLTX,2022,2,2842
train,KLTX,2022,3,3564
train,KLTX,2022,4,3948
train,KLTX,2022,5,4065
train,KLTX,2023,1,2008
train,KLTX,2023,2,3320
train,KLTX,2023,3,4146
train,KLTX,2023,4,4672
train,KLTX,2023,5,5010
train,KLTX,2024,1,1967
train,KLTX,2024,2,3202
train,KLTX,2024,3,3921
train,KLTX,2024,4,4432
train,KLTX,2024,5,4780
train,KLVX,2013,1,2519
train,KLVX,2013,2,4370
train,KLVX,2013,3,5760
train,KLVX,2013,4,6740
train,KLVX,2013,5,7325
train,KLVX,2014,1,2699
train,KLVX,2014,2,4644
train,KLVX,2014,3,6060
train,KLVX,2014,4,7116
train,KLVX,2014,5,7800
train,KLVX,2015,1,2691
train,KLVX,2015,2,4760
train,KLVX,2015,3,6384
train,KLVX,2015,4,7676
train,KLVX,2015,5,8610
train,KLVX,2016,1,2626
train,KLVX,2016,2,4526
train,KLVX,2016,3,5940
train,KLVX,2016,4,7036
train,KLVX,2016,5,7760
train,KLVX,2017,1,2679
train,KLVX,2017,2,4644
train,KLVX,2017,3,6243
train,KLVX,2017,4,7432
train,KLVX,2017,5,8330
train,KLVX,2018,1,3001
train,KLVX,2018,2,5264
train,KLVX,2018,3,6996
train,KLVX,2018,4,8292
train,KLVX,2018,5,9225
train,KLVX,2019,1,2625
train,KLVX,2019,2,4550
train,KLVX,2019,3,5988
train,KLVX,2019,4,7072
train,KLVX,2019,5,7805
train,KLVX,2020,1,2612
train,KLVX,2020,2,4578
train,KLVX,2020,3,6051
train,KLVX,2020,4,7100
train,KLVX,2020,5,7740
train,KLVX,2021,1,2470
train,KLVX,2021,2,4312
train,KLVX,2021,3,5691
train,KLVX,2021,4,6712
train,KLVX,2021,5,7460
train,KLVX,2022,1,2546
train,KLVX,2022,2,4594
train,KLVX,2022,3,6183
train,KLVX,2022,4,7340
train,KLVX,2022,5,8120
train,KLVX,2023,1,2667
train,KLVX,2023,2,4876
train,KLVX,2023,3,6639
train,KLVX,2023,4,7896
train,KLVX,2023,5,8630
train,KLVX,2024,1,2715
train,KLVX,2024,2,4926
train,KLVX,2024,3,6636
train,KLVX,2024,4,7864
train,KLVX,2024,5,8625
train,KLWX,2013,1,2530
train,KLWX,2013,2,4452
train,KLWX,2013,3,5991
train,KLWX,2013,4,7172
train,KLWX,2013,5,8010
train,KLWX,2014,1,2597
train,KLWX,2014,2,4424
train,KLWX,2014,3,5778
train,KLWX,2014,4,6676
train,KLWX,2014,5,7210
train,KLWX,2015,1,2740
train,KLWX,2015,2,4844
train,KLWX,2015,3,6423
train,KLWX,2015,4,7528
train,KLWX,2015,5,8215
train,KLWX,2016,1,2741
train,KLWX,2016,2,4742
train,KLWX,2016,3,6255
train,KLWX,2016,4,7448
train,KLWX,2016,5,8295
train,KLWX,2017,1,3037
train,KLWX,2017,2,5388
train,KLWX,2017,3,7302
train,KLWX,2017,4,8844
train,KLWX,2017,5,9990
train,KLWX,2018,1,3147
train,KLWX,2018,2,5454
train,KLWX,2018,3,7206
train,KLWX,2018,4,8564
train,KLWX,2018,5,9565
train,KLWX,2019,1,3554
train,KLWX,2019,2,6244
train,KLWX,2019,3,8331
train,KLWX,2019,4,9884
train,KLWX,2019,5,11090
train,KLWX,2020,1,2259
train,KLWX,2020,2,3800
train,KLWX,2020,3,4902
train,KLWX,2020,4,5696
train,KLWX,2020,5,6215
train,KLWX,2021,1,2941
train,KLWX,2021,2,5076
train,KLWX,2021,3,6705
train,KLWX,2021,4,7956
train,KLWX,2021,5,8760
train,KLWX,2022,1,2627
train,KLWX,2022,2,4694
train,KLWX,2022,3,6300
train,KLWX,2022,4,7500
train,KLWX,2022,5,8440
train,KLWX,2023,1,2737
train,KLWX,2023,2,4842
train,KLWX,2023,3,6444
train,KLWX,2023,4,7552
train,KLWX,2023,5,8315
train,KLWX,2024,1,2904
train,KLWX,2024,2,5198
train,KLWX,2024,3,7056
train,KLWX,2024,4,8524
train,KLWX,2024,5,9515
train,KLZK,2013,1,3643
train,KLZK,2013,2,6452
train,KLZK,2013,3,8640
train,KLZK,2013,4,10348
train,KLZK,2013,5,11550
train,KLZK,2014,1,3237
train,KLZK,2014,2,5612
train,KLZK,2014,3,7341
train,KLZK,2014,4,8564
train,KLZK,2014,5,9390
train,KLZK,2015,1,3576
train,KLZK,2015,2,6192
train,KLZK,2015,3,8184
train,KLZK,2015,4,9672
train,KLZK,2015,5,10800
train,KLZK,2016,1,3267
train,KLZK,2016,2,5578
train,KLZK,2016,3,7302
train,KLZK,2016,4,8616
train,KLZK,2016,5,9640
train,KLZK,2017,1,3524
train,KLZK,2017,2,6204
train,KLZK,2017,3,8286
train,KLZK,2017,4,9972
train,KLZK,2017,5,11120
train,KLZK,2018,1,3620
train,KLZK,2018,2,6330
train,KLZK,2018,3,8436
train,KLZK,2018,4,10068
train,KLZK,2018,5,11245
train,KLZK,2019,1,3532
train,KLZK,2019,2,6156
train,KLZK,2019,3,8130
train,KLZK,2019,4,9648
train,KLZK,2019,5,10715
train,KLZK,2020,1,3637
train,KLZK,2020,2,6284
train,KLZK,2020,3,8304
train,KLZK,2020,4,9820
train,KLZK,2020,5,10900
train,KLZK,2021,1,3303
train,KLZK,2021,2,5664
train,KLZK,2021,3,7326
train,KLZK,2021,4,8444
train,KLZK,2021,5,9080
train,KLZK,2022,1,3391
train,KLZK,2022,2,6130
train,KLZK,2022,3,8385
train,KLZK,2022,4,10288
train,KLZK,2022,5,11765
train,KLZK,2023,1,3704
train,KLZK,2023,2,6510
train,KLZK,2023,3,8703
train,KLZK,2023,4,10476
train,KLZK,2023,5,11855
train,KLZK,2024,1,3659
train,KLZK,2024,2,6616
train,KLZK,2024,3,8964
train,KLZK,2024,4,10824
train,KLZK,2024,5,12035
train,KMAF,2013,1,2135
train,KMAF,2013,2,3558
train,KMAF,2013,3,4635
train,KMAF,2013,4,5464
train,KMAF,2013,5,6035
train,KMAF,2014,1,2056
train,KMAF,2014,2,3216
train,KMAF,2014,3,3852
train,KMAF,2014,4,4212
train,KMAF,2014,5,4415
train,KMAF,2015,1,2293
train,KMAF,2015,2,3590
train,KMAF,2015,3,4440
train,KMAF,2015,4,5028
train,KMAF,2015,5,5355
train,KMAF,2016,1,1878
train,KMAF,2016,2,2940
train,KMAF,2016,3,3720
train,KMAF,2016,4,4308
train,KMAF,2016,5,4805
train,KMAF,2017,1,1931
train,KMAF,2017,2,2766
train,KMAF,2017,3,3291
train,KMAF,2017,4,3712
train,KMAF,2017,5,4060
train,KMAF,2018,1,1403
train,KMAF,2018,2,1966
train,KMAF,2018,3,2202
train,KMAF,2018,4,2328
train,KMAF,2018,5,2410
train,KMAF,2019,1,2145
train,KMAF,2019,2,3310
train,KMAF,2019,3,4035
train,KMAF,2019,4,4444
train,KMAF,2019,5,4655
train,KMAF,2020,1,1621
train,KMAF,2020,2,2574
train,KMAF,2020,3,3222
train,KMAF,2020,4,3728
train,KMAF,2020,5,4105
train,KMAF,2021,1,1497
train,KMAF,2021,2,2346
train,KMAF,2021,3,2868
train,KMAF,2021,4,3136
train,KMAF,2021,5,3360
train,KMAF,2022,1,1106
train,KMAF,2022,2,1796
train,KMAF,2022,3,2295
train,KMAF,2022,4,2716
train,KMAF,2022,5,3085
train,KMAF,2023,1,2162
train,KMAF,2023,2,3660
train,KMAF,2023,3,4650
train,KMAF,2023,4,5304
train,KMAF,2023,5,5705
train,KMAF,2024,1,1504
train,KMAF,2024,2,2506
train,KMAF,2024,3,3105
train,KMAF,2024,4,3420
train,KMAF,2024,5,3505
train,KMAX,2013,1,372
train,KMAX,2013,2,544
train,KMAX,2013,3,579
train,KMAX,2013,4,468
train,KMAX,2013,5,275
train,KMAX,2014,1,457
train,KMAX,2014,2,680
train,KMAX,2014,3,747
train,KMAX,2014,4,632
train,KMAX,2014,5,385
train,KMAX,2015,1,483
train,KMAX,2015,2,780
train,KMAX,2015,3,870
train,KMAX,2015,4,740
train,KMAX,2015,5,425
train,KMAX,2016,1,382
train,KMAX,2016,2,576
train,KMAX,2016,3,564
train,KMAX,2016,4,400
train,KMAX,2016,5,180
train,KMAX,2017,1,381
train,KMAX,2017,2,540
train,KMAX,2017,3,528
train,KMAX,2017,4,392
train,KMAX,2017,5,205
train,KMAX,2018,1,522
train,KMAX,2018,2,816
train,KMAX,2018,3,870
train,KMAX,2018,4,688
train,KMAX,2018,5,370
train,KMAX,2019,1,587
train,KMAX,2019,2,872
train,KMAX,2019,3,864
train,KMAX,2019,4,640
train,KMAX,2019,5,325
train,KMAX,2020,1,512
train,KMAX,2020,2,776
train,KMAX,2020,3,840
train,KMAX,2020,4,688
train,KMAX,2020,5,395
train,KMAX,2021,1,427
train,KMAX,2021,2,630
train,KMAX,2021,3,648
train,KMAX,2021,4,492
train,KMAX,2021,5,275
train,KMAX,2022,1,384
train,KMAX,2022,2,534
train,KMAX,2022,3,510
train,KMAX,2022,4,368
train,KMAX,2022,5,190
train,KMAX,2023,1,455
train,KMAX,2023,2,730
train,KMAX,2023,3,816
train,KMAX,2023,4,668
train,KMAX,2023,5,395
train,KMAX,2024,1,433
train,KMAX,2024,2,624
train,KMAX,2024,3,600
train,KMAX,2024,4,408
train,KMAX,2024,5,180
train,KMBX,2013,1,1431
train,KMBX,2013,2,2414
train,KMBX,2013,3,3141
train,KMBX,2013,4,3656
train,KMBX,2013,5,3955
train,KMBX,2014,1,1549
train,KMBX,2014,2,2486
train,KMBX,2014,3,3069
train,KMBX,2014,4,3392
train,KMBX,2014,5,3530
train,KMBX,2015,1,1558
train,KMBX,2015,2,2428
train,KMBX,2015,3,2928
train,KMBX,2015,4,3308
train,KMBX,2015,5,3545
train,KMBX,2016,1,1903
train,KMBX,2016,2,2906
train,KMBX,2016,3,3384
train,KMBX,2016,4,3664
train,KMBX,2016,5,3740
train,KMBX,2017,1,1221
train,KMBX,2017,2,1824
train,KMBX,2017,3,2175
train,KMBX,2017,4,2480
train,KMBX,2017,5,2610
train,KMBX,2018,1,1454
train,KMBX,2018,2,2298
train,KMBX,2018,3,2817
train,KMBX,2018,4,3212
train,KMBX,2018,5,3440
train,KMBX,2019,1,1338
train,KMBX,2019,2,2162
train,KMBX,2019,3,2709
train,KMBX,2019,4,3112
train,KMBX,2019,5,3360
train,KMBX,2020,1,1242
train,KMBX,2020,2,2018
train,KMBX,2020,3,2511
train,KMBX,2020,4,2784
train,KMBX,2020,5,2825
train,KMBX,2021,1,1143
train,KMBX,2021,2,1914
train,KMBX,2021,3,2502
train,KMBX,2021,4,2872
train,KMBX,2021,5,3010
train,KMBX,2022,1,1246
train,KMBX,2022,2,2090
train,KMBX,2022,3,2760
train,KMBX,2022,4,3272
train,KMBX,2022,5,3565
train,KMBX,2023,1,1553
train,KMBX,2023,2,2690
train,KMBX,2023,3,3549
train,KMBX,2023,4,4100
train,KMBX,2023,5,4335
train,KMBX,2024,1,849
train,KMBX,2024,2,1344
train,KMBX,2024,3,1620
train,KMBX,2024,4,1708
train,KMBX,2024,5,1655
train,KMHX,2013,1,1347
train,KMHX,2013,2,1916
train,KMHX,2013,3,2136
train,KMHX,2013,4,2212
train,KMHX,2013,5,2265
train,KMHX,2014,1,1228
train,KMHX,2014,2,1626
train,KMHX,2014,3,1695
train,KMHX,2014,4,1692
train,KMHX,2014,5,1650
train,KMHX,2015,1,1174
train,KMHX,2015,2,1568
train,KMHX,2015,3,1614
train,KMHX,2015,4,1540
train,KMHX,2015,5,1465
train,KMHX,2016,1,1181
train,KMHX,2016,2,1596
train,KMHX,2016,3,1635
train,KMHX,2016,4,1568
train,KMHX,2016,5,1550
train,KMHX,2017,1,1046
train,KMHX,2017,2,1518
train,KMHX,2017,3,1728
train,KMHX,2017,4,1772
train,KMHX,2017,5,1820
train,KMHX,2018,1,906
train,KMHX,2018,2,1300
train,KMHX,2018,3,1536
train,KMHX,2018,4,1644
train,KMHX,2018,5,1675
train,KMHX,2019,1,1325
train,KMHX,2019,2,1808
train,KMHX,2019,3,1878
train,KMHX,2019,4,1808
train,KMHX,2019,5,1820
train,KMHX,2020,1,938
train,KMHX,2020,2,1260
train,KMHX,2020,3,1293
train,KMHX,2020,4,1228
train,KMHX,2020,5,1165
train,KMHX,2021,1,1153
train,KMHX,2021,2,1752
train,KMHX,2021,3,2046
train,KMHX,2021,4,2140
train,KMHX,2021,5,2075
train,KMHX,2022,1,1107
train,KMHX,2022,2,1692
train,KMHX,2022,3,1905
train,KMHX,2022,4,1832
train,KMHX,2022,5,1680
train,KMHX,2023,1,1009
train,KMHX,2023,2,1432
train,KMHX,2023,3,1443
train,KMHX,2023,4,1292
train,KMHX,2023,5,1135
train,KMHX,2024,1,980
train,KMHX,2024,2,1392
train,KMHX,2024,3,1422
train,KMHX,2024,4,1292
train,KMHX,2024,5,1180
train,KMLB,2013,1,1462
train,KMLB,2013,2,1918
train,KMLB,2013,3,1953
train,KMLB,2013,4,1820
train,KMLB,2013,5,1660
train,KMLB,2014,1,1281
train,KMLB,2014,2,1772
train,KMLB,2014,3,1932
train,KMLB,2014,4,1928
train,KMLB,2014,5,1810
train,KMLB,2015,1,1313
train,KMLB,2015,2,1750
train,KMLB,2015,3,1773
train,KMLB,2015,4,1596
train,KMLB,2015,5,1400
train,KMLB,2016,1,1192
train,KMLB,2016,2,1634
train,KMLB,2016,3,1719
train,KMLB,2016,4,1644
train,KMLB,2016,5,1470
train,KMLB,2017,1,1938
train,KMLB,2017,2,2300
train,KMLB,2017,3,2277
train,KMLB,2017,4,2252
train,KMLB,2017,5,2205
train,KMLB,2018,1,1582
train,KMLB,2018,2,2054
train,KMLB,2018,3,2163
train,KMLB,2018,4,2232
train,KMLB,2018,5,2165
train,KMLB,2019,1,1747
train,KMLB,2019,2,2454
train,KMLB,2019,3,2664
train,KMLB,2019,4,2596
train,KMLB,2019,5,2490
train,KMLB,2020,1,1664
train,KMLB,2020,2,2446
train,KMLB,2020,3,2697
train,KMLB,2020,4,2664
train,KMLB,2020,5,2435
train,KMLB,2021,1,1593
train,KMLB,2021,2,2340
train,KMLB,2021,3,2658
train,KMLB,2021,4,2704
train,KMLB,2021,5,2625
train,KMLB,2022,1,1529
train,KMLB,2022,2,2026
train,KMLB,2022,3,2043
train,KMLB,2022,4,1896
train,KMLB,2022,5,1645
train,KMLB,2023,1,1671
train,KMLB,2023,2,2380
train,KMLB,2023,3,2571
train,KMLB,2023,4,2428
train,KMLB,2023,5,2265
train,KMLB,2024,1,1624
train,KMLB,2024,2,2216
train,KMLB,2024,3,2265
train,KMLB,2024,4,2048
train,KMLB,2024,5,1835
train,KMOB,2013,1,2356
train,KMOB,2013,2,3978
train,KMOB,2013,3,5079
train,KMOB,2013,4,5732
train,KMOB,2013,5,5985
train,KMOB,2014,1,2332
train,KMOB,2014,2,3976
train,KMOB,2014,3,5151
train,KMOB,2014,4,5912
train,KMOB,2014,5,6280
train,KMOB,2015,1,2360
train,KMOB,2015,2,4066
train,KMOB,2015,3,5313
train,KMOB,2015,4,6184
train,KMOB,2015,5,6725
train,KMOB,2016,1,2105
train,KMOB,2016,2,3544
train,KMOB,2016,3,4560
train,KMOB,2016,4,5224
train,KMOB,2016,5,5640
train,KMOB,2017,1,2136
train,KMOB,2017,2,3516
train,KMOB,2017,3,4353
train,KMOB,2017,4,4784
train,KMOB,2017,5,4960
train,KMOB,2018,1,1832
train,KMOB,2018,2,2862
train,KMOB,2018,3,3420
train,KMOB,2018,4,3728
train,KMOB,2018,5,3825
train,KMOB,2019,1,1853
train,KMOB,2019,2,3000
train,KMOB,2019,3,3765
train,KMOB,2019,4,4284
train,KMOB,2019,5,4605
train,KMOB,2020,1,1893
train,KMOB,2020,2,3004
train,KMOB,2020,3,3591
train,KMOB,2020,4,3856
train,KMOB,2020,5,3845
train,KMOB,2021,1,1892
train,KMOB,2021,2,3094
train,KMOB,2021,3,3873
train,KMOB,2021,4,4432
train,KMOB,2021,5,4720
train,KMOB,2022,1,1987
train,KMOB,2022,2,3314
train,KMOB,2022,3,4143
train,KMOB,2022,4,4568
train,KMOB,2022,5,4755
train,KMOB,2023,1,1784
train,KMOB,2023,2,3034
train,KMOB,2023,3,3855
train,KMOB,2023,4,4388
train,KMOB,2023,5,4640
train,KMOB,2024,1,1994
train,KMOB,2024,2,3316
train,KMOB,2024,3,4146
train,KMOB,2024,4,4588
train,KMOB,2024,5,4725
train,KMPX,2013,1,1696
train,KMPX,2013,2,2970
train,KMPX,2013,3,3957
train,KMPX,2013,4,4752
train,KMPX,2013,5,5265
train,KMPX,2014,1,2152
train,KMPX,2014,2,3672
train,KMPX,2014,3,4854
train,KMPX,2014,4,5764
train,KMPX,2014,5,6340
train,KMPX,2015,1,2207
train,KMPX,2015,2,3828
train,KMPX,2015,3,5100
train,KMPX,2015,4,6024
train,KMPX,2015,5,6715
train,KMPX,2016,1,2353
train,KMPX,2016,2,4154
train,KMPX,2016,3,5619
train,KMPX,2016,4,6780
train,KMPX,2016,5,7560
train,KMPX,2017,1,2207
train,KMPX,2017,2,3910
train,KMPX,2017,3,5280
train,KMPX,2017,4,6320
train,KMPX,2017,5,7030
train,KMPX,2018,1,2205
train,KMPX,2018,2,3862
train,KMPX,2018,3,5103
train,KMPX,2018,4,5980
train,KMPX,2018,5,6525
train,KMPX,2019,1,2077
train,KMPX,2019,2,3600
train,KMPX,2019,3,4743
train,KMPX,2019,4,5500
train,KMPX,2019,5,5840
train,KMPX,2020,1,2055
train,KMPX,2020,2,3646
train,KMPX,2020,3,4941
train,KMPX,2020,4,5896
train,KMPX,2020,5,6520
train,KMPX,2021,1,1909
train,KMPX,2021,2,3356
train,KMPX,2021,3,4509
train,KMPX,2021,4,5344
train,KMPX,2021,5,5920
train,KMPX,2022,1,2029
train,KMPX,2022,2,3652
train,KMPX,2022,3,4941
train,KMPX,2022,4,5936
train,KMPX,2022,5,6600
train,KMPX,2023,1,2066
train,KMPX,2023,2,3630
train,KMPX,2023,3,4761
train,KMPX,2023,4,5516
train,KMPX,2023,5,5980
train,KMPX,2024,1,1989
train,KMPX,2024,2,3486
train,KMPX,2024,3,4593
train,KMPX,2024,4,5436
train,KMPX,2024,5,6065
train,KMQT,2013,1,822
train,KMQT,2013,2,1328
train,KMQT,2013,3,1680
train,KMQT,2013,4,1940
train,KMQT,2013,5,2080
train,KMQT,2014,1,773
train,KMQT,2014,2,1224
train,KMQT,2014,3,1458
train,KMQT,2014,4,1508
train,KMQT,2014,5,1420
train,KMQT,2015,1,686
train,KMQT,2015,2,1082
train,KMQT,2015,3,1320
train,KMQT,2015,4,1432
train,KMQT,2015,5,1420
train,KMQT,2016,1,927
train,KMQT,2016,2,1448
train,KMQT,2016,3,1716
train,KMQT,2016,4,1760
train,KMQT,2016,5,1670
train,KMQT,2017,1,928
train,KMQT,2017,2,1540
train,KMQT,2017,3,1917
train,KMQT,2017,4,2112
train,KMQT,2017,5,2150
train,KMQT,2018,1,832
train,KMQT,2018,2,1228
train,KMQT,2018,3,1350
train,KMQT,2018,4,1308
train,KMQT,2018,5,1270
train,KMQT,2019,1,760
train,KMQT,2019,2,1208
train,KMQT,2019,3,1488
train,KMQT,2019,4,1628
train,KMQT,2019,5,1710
train,KMQT,2020,1,803
train,KMQT,2020,2,1344
train,KMQT,2020,3,1680
train,KMQT,2020,4,1764
train,KMQT,2020,5,1725
train,KMQT,2021,1,733
train,KMQT,2021,2,1186
train,KMQT,2021,3,1371
train,KMQT,2021,4,1420
train,KMQT,2021,5,1310
train,KMQT,2022,1,832
train,KMQT,2022,2,1414
train,KMQT,2022,3,1770
train,KMQT,2022,4,1908
train,KMQT,2022,5,1865
train,KMQT,2023,1,851
train,KMQT,2023,2,1424
train,KMQT,2023,3,1776
train,KMQT,2023,4,2012
train,KMQT,2023,5,2120
train,KMQT,2024,1,1024
train,KMQT,2024,2,1748
train,KMQT,2024,3,2241
train,KMQT,2024,4,2492
train,KMQT,2024,5,2555
train,KMRX,2013,1,3074
train,KMRX,2013,2,5652
train,KMRX,2013,3,7812
train,KMRX,2013,4,9564
train,KMRX,2013,5,10900
train,KMRX,2014,1,2831
train,KMRX,2014,2,5104
train,KMRX,2014,3,6912
train,KMRX,2014,4,8368
train,KMRX,2014,5,9335
train,KMRX,2015,1,2740
train,KMRX,2015,2,5028
train,KMRX,2015,3,6918
train,KMRX,2015,4,8328
train,KMRX,2015,5,9280
train,KMRX,2016,1,3053
train,KMRX,2016,2,5540
train,KMRX,2016,3,7602
train,KMRX,2016,4,9200
train,KMRX,2016,5,10290
train,KMRX,2017,1,2997
train,KMRX,2017,2,5476
train,KMRX,2017,3,7467
train,KMRX,2017,4,8996
train,KMRX,2017,5,10085
train,KMRX,2018,1,2973
train,KMRX,2018,2,5344
train,KMRX,2018,3,7239
train,KMRX,2018,4,8672
train,KMRX,2018,5,9635
train,KMRX,2019,1,3251
train,KMRX,2019,2,5914
train,KMRX,2019,3,8049
train,KMRX,2019,4,9656
train,KMRX,2019,5,10690
train,KMRX,2020,1,3004
train,KMRX,2020,2,5372
train,KMRX,2020,3,7185
train,KMRX,2020,4,8476
train,KMRX,2020,5,9220
train,KMRX,2021,1,3091
train,KMRX,2021,2,5656
train,KMRX,2021,3,7770
train,KMRX,2021,4,9396
train,KMRX,2021,5,10380
train,KMRX,2022,1,2618
train,KMRX,2022,2,4906
train,KMRX,2022,3,6816
train,KMRX,2022,4,8388
train,KMRX,2022,5,9435
train,KMRX,2023,1,3300
train,KMRX,2023,2,6188
train,KMRX,2023,3,8652
train,KMRX,2023,4,10596
train,KMRX,2023,5,12015
train,KMRX,2024,1,3178
train,KMRX,2024,2,5946
train,KMRX,2024,3,8283
train,KMRX,2024,4,10192
train,KMRX,2024,5,11505
train,KMSX,2013,1,59
train,KMSX,2013,2,46
train,KMSX,2013,3,21
train,KMSX,2014,1,190
train,KMSX,2014,2,196
train,KMSX,2014,3,105
train,KMSX,2014,4,28
train,KMSX,2015,1,227
train,KMSX,2015,2,252
train,KMSX,2015,3,138
train,KMSX,2015,4,36
train,KMSX,2016,1,212
train,KMSX,2016,2,252
train,KMSX,2016,3,162
train,KMSX,2016,4,44
train,KMSX,2017,1,280
train,KMSX,2017,2,308
train,KMSX,2017,3,186
train,KMSX,2017,4,72
train,KMSX,2017,5,10
train,KMSX,2018,1,234
train,KMSX,2018,2,238
train,KMSX,2018,3,132
train,KMSX,2018,4,40
train,KMSX,2019,1,246
train,KMSX,2019,2,290
train,KMSX,2019,3,204
train,KMSX,2019,4,72
train,KMSX,2019,5,10
train,KMSX,2020,1,257
train,KMSX,2020,2,250
train,KMSX,2020,3,138
train,KMSX,2020,4,40
train,KMSX,2020,5,10
train,KMSX,2021,1,90
train,KMSX,2021,2,68
train,KMSX,2021,3,24
train,KMSX,2021,4,4
train,KMSX,2022,1,200
train,KMSX,2022,2,214
train,KMSX,2022,3,120
train,KMSX,2022,4,36
train,KMSX,2023,1,215
train,KMSX,2023,2,226
train,KMSX,2023,3,120
train,KMSX,2023,4,16
train,KMSX,2024,1,184
train,KMSX,2024,2,198
train,KMSX,2024,3,99
train,KMSX,2024,4,32
train,KMTX,2013,1,363
train,KMTX,2013,2,560
train,KMTX,2013,3,648
train,KMTX,2013,4,680
train,KMTX,2013,5,620
train,KMTX,2014,1,564
train,KMTX,2014,2,904
train,KMTX,2014,3,1035
train,KMTX,2014,4,1068
train,KMTX,2014,5,980
train,KMTX,2015,1,484
train,KMTX,2015,2,784
train,KMTX,2015,3,900
train,KMTX,2015,4,920
train,KMTX,2015,5,835
train,KMTX,2016,1,413
train,KMTX,2016,2,652
train,KMTX,2016,3,768
train,KMTX,2016,4,800
train,KMTX,2016,5,715
train,KMTX,2017,1,465
train,KMTX,2017,2,698
train,KMTX,2017,3,753
train,KMTX,2017,4,720
train,KMTX,2017,5,620
train,KMTX,2018,1,338
train,KMTX,2018,2,516
train,KMTX,2018,3,549
train,KMTX,2018,4,508
train,KMTX,2018,5,415
train,KMTX,2019,1,402
train,KMTX,2019,2,566
train,KMTX,2019,3,603
train,KMTX,2019,4,600
train,KMTX,2019,5,545
train,KMTX,2020,1,544
train,KMTX,2020,2,890
train,KMTX,2020,3,1011
train,KMTX,2020,4,956
train,KMTX,2020,5,745
train,KMTX,2021,1,178
train,KMTX,2021,2,234
train,KMTX,2021,3,210
train,KMTX,2021,4,160
train,KMTX,2021,5,110
train,KMTX,2022,1,465
train,KMTX,2022,2,732
train,KMTX,2022,3,825
train,KMTX,2022,4,804
train,KMTX,2022,5,650
train,KMTX,2023,1,653
train,KMTX,2023,2,1042
train,KMTX,2023,3,1230
train,KMTX,2023,4,1280
train,KMTX,2023,5,1155
train,KMTX,2024,1,355
train,KMTX,2024,2,536
train,KMTX,2024,3,558
train,KMTX,2024,4,504
train,KMTX,2024,5,420
train,KMUX,2013,1,907
train,KMUX,2013,2,1658
train,KMUX,2013,3,2298
train,KMUX,2013,4,2796
train,KMUX,2013,5,3150
train,KMUX,2014,1,809
train,KMUX,2014,2,1514
train,KMUX,2014,3,2094
train,KMUX,2014,4,2592
train,KMUX,2014,5,2970
train,KMUX,2015,1,920
train,KMUX,2015,2,1680
train,KMUX,2015,3,2316
train,KMUX,2015,4,2836
train,KMUX,2015,5,3210
train,KMUX,2016,1,845
train,KMUX,2016,2,1540
train,KMUX,2016,3,2091
train,KMUX,2016,4,2548
train,KMUX,2016,5,2850
train,KMUX,2017,1,608
train,KMUX,2017,2,1066
train,KMUX,2017,3,1458
train,KMUX,2017,4,1772
train,KMUX,2017,5,2025
train,KMUX,2018,1,810
train,KMUX,2018,2,1476
train,KMUX,2018,3,2025
train,KMUX,2018,4,2508
train,KMUX,2018,5,2885
train,KMUX,2019,1,1005
train,KMUX,2019,2,1740
train,KMUX,2019,3,2274
train,KMUX,2019,4,2660
train,KMUX,2019,5,2935
train,KMUX,2020,1,878
train,KMUX,2020,2,1560
train,KMUX,2020,3,2076
train,KMUX,2020,4,2496
train,KMUX,2020,5,2740
train,KMUX,2021,1,708
train,KMUX,2021,2,1286
train,KMUX,2021,3,1800
train,KMUX,2021,4,2228
train,KMUX,2021,5,2475
train,KMUX,2022,1,857
train,KMUX,2022,2,1516
train,KMUX,2022,3,1989
train,KMUX,2022,4,2340
train,KMUX,2022,5,2490
train,KMUX,2023,1,997
train,KMUX,2023,2,1758
train,KMUX,2023,3,2358
train,KMUX,2023,4,2788
train,KMUX,2023,5,3040
train,KMUX,2024,1,759
train,KMUX,2024,2,1392
train,KMUX,2024,3,1893
train,KMUX,2024,4,2252
train,KMUX,2024,5,2380
train,KMVX,2013,1,1475
train,KMVX,2013,2,2556
train,KMVX,2013,3,3372
train,KMVX,2013,4,3912
train,KMVX,2013,5,4270
train,KMVX,2014,1,1567
train,KMVX,2014,2,2698
train,KMVX,2014,3,3534
train,KMVX,2014,4,4088
train,KMVX,2014,5,4440
train,KMVX,2015,1,1804
train,KMVX,2015,2,3160
train,KMVX,2015,3,4176
train,KMVX,2015,4,4952
train,KMVX,2015,5,5600
train,KMVX,2016,1,1816
train,KMVX,2016,2,3054
train,KMVX,2016,3,3888
train,KMVX,2016,4,4412
train,KMVX,2016,5,4710
train,KMVX,2017,1,1783
train,KMVX,2017,2,3074
train,KMVX,2017,3,4059
train,KMVX,2017,4,4888
train,KMVX,2017,5,5615
train,KMVX,2018,1,1852
train,KMVX,2018,2,3134
train,KMVX,2018,3,4050
train,KMVX,2018,4,4680
train,KMVX,2018,5,5125
train,KMVX,2019,1,1822
train,KMVX,2019,2,3130
train,KMVX,2019,3,4092
train,KMVX,2019,4,4752
train,KMVX,2019,5,5135
train,KMVX,2020,1,1855
train,KMVX,2020,2,3286
train,KMVX,2020,3,4380
train,KMVX,2020,4,5176
train,KMVX,2020,5,5715
train,KMVX,2021,1,1662
train,KMVX,2021,2,2812
train,KMVX,2021,3,3576
train,KMVX,2021,4,4044
train,KMVX,2021,5,4335
train,KMVX,2022,1,1613
train,KMVX,2022,2,2836
train,KMVX,2022,3,3786
train,KMVX,2022,4,4496
train,KMVX,2022,5,5000
train,KMVX,2023,1,1864
train,KMVX,2023,2,3176
train,KMVX,2023,3,4071
train,KMVX,2023,4,4728
train,KMVX,2023,5,5185
train,KMVX,2024,1,1582
train,KMVX,2024,2,2670
train,KMVX,2024,3,3417
train,KMVX,2024,4,3988
train,KMVX,2024,5,4450
train,KMXX,2013,1,2325
train,KMXX,2013,2,3902
train,KMXX,2013,3,5007
train,KMXX,2013,4,5868
train,KMXX,2013,5,6565
train,KMXX,2014,1,3191
train,KMXX,2014,2,5278
train,KMXX,2014,3,6648
train,KMXX,2014,4,7460
train,KMXX,2014,5,7975
train,KMXX,2015,1,2368
train,KMXX,2015,2,3908
train,KMXX,2015,3,5028
train,KMXX,2015,4,5864
train,KMXX,2015,5,6420
train,KMXX,2016,1,2694
train,KMXX,2016,2,4416
train,KMXX,2016,3,5538
train,KMXX,2016,4,6328
train,KMXX,2016,5,6955
train,KMXX,2017,1,3122
train,KMXX,2017,2,5226
train,KMXX,2017,3,6681
train,KMXX,2017,4,7692
train,KMXX,2017,5,8325
train,KMXX,2018,1,3091
train,KMXX,2018,2,5070
train,KMXX,2018,3,6378
train,KMXX,2018,4,7196
train,KMXX,2018,5,7790
train,KMXX,2019,1,3052
train,KMXX,2019,2,4976
train,KMXX,2019,3,6192
train,KMXX,2019,4,6872
train,KMXX,2019,5,7125
train,KMXX,2020,1,3067
train,KMXX,2020,2,4862
train,KMXX,2020,3,5883
train,KMXX,2020,4,6432
train,KMXX,2020,5,6690
train,KMXX,2021,1,2903
train,KMXX,2021,2,4712
train,KMXX,2021,3,5811
train,KMXX,2021,4,6408
train,KMXX,2021,5,6735
train,KMXX,2022,1,2785
train,KMXX,2022,2,4760
train,KMXX,2022,3,6120
train,KMXX,2022,4,7048
train,KMXX,2022,5,7785
train,KMXX,2023,1,2609
train,KMXX,2023,2,4326
train,KMXX,2023,3,5418
train,KMXX,2023,4,6092
train,KMXX,2023,5,6600
train,KMXX,2024,1,3332
train,KMXX,2024,2,5802
train,KMXX,2024,3,7476
train,KMXX,2024,4,8404
train,KMXX,2024,5,8780
train,KNKX,2013,1,2510
train,KNKX,2013,2,4502
train,KNKX,2013,3,5961
train,KNKX,2013,4,6924
train,KNKX,2013,5,7365
train,KNKX,2014,1,2035
train,KNKX,2014,2,3644
train,KNKX,2014,3,4875
train,KNKX,2014,4,5764
train,KNKX,2014,5,6330
train,KNKX,2015,1,2268
train,KNKX,2015,2,4070
train,KNKX,2015,3,5532
train,KNKX,2015,4,6632
train,KNKX,2015,5,7280
train,KNKX,2016,1,1983
train,KNKX,2016,2,3570
train,KNKX,2016,3,4749
train,KNKX,2016,4,5544
train,KNKX,2016,5,5940
train,KNKX,2017,1,2358
train,KNKX,2017,2,4182
train,KNKX,2017,3,5553
train,KNKX,2017,4,6580
train,KNKX,2017,5,7165
train,KNKX,2018,1,1798
train,KNKX,2018,2,3242
train,KNKX,2018,3,4389
train,KNKX,2018,4,5304
train,KNKX,2018,5,5820
train,KNKX,2019,1,2213
train,KNKX,2019,2,3950
train,KNKX,2019,3,5268
train,KNKX,2019,4,6264
train,KNKX,2019,5,7010
train,KNKX,2020,1,1789
train,KNKX,2020,2,3134
train,KNKX,2020,3,4140
train,KNKX,2020,4,4828
train,KNKX,2020,5,5175
train,KNKX,2021,1,1595
train,KNKX,2021,2,2804
train,KNKX,2021,3,3687
train,KNKX,2021,4,4352
train,KNKX,2021,5,4745
train,KNKX,2022,1,1833
train,KNKX,2022,2,3312
train,KNKX,2022,3,4470
train,KNKX,2022,4,5300
train,KNKX,2022,5,5760
train,KNKX,2023,1,1956
train,KNKX,2023,2,3568
train,KNKX,2023,3,4851
train,KNKX,2023,4,5848
train,KNKX,2023,5,6555
train,KNKX,2024,1,1648
train,KNKX,2024,2,2968
train,KNKX,2024,3,3984
train,KNKX,2024,4,4728
train,KNKX,2024,5,5105
train,KNQA,2013,1,3366
train,KNQA,2013,2,5868
train,KNQA,2013,3,7881
train,KNQA,2013,4,9468
train,KNQA,2013,5,10695
train,KNQA,2014,1,3545
train,KNQA,2014,2,6312
train,KNQA,2014,3,8475
train,KNQA,2014,4,10068
train,KNQA,2014,5,11075
train,KNQA,2015,1,3628
train,KNQA,2015,2,6430
train,KNQA,2015,3,8658
train,KNQA,2015,4,10264
train,KNQA,2015,5,11455
train,KNQA,2016,1,3555
train,KNQA,2016,2,6188
train,KNQA,2016,3,8253
train,KNQA,2016,4,9768
train,KNQA,2016,5,10800
train,KNQA,2017,1,3459
train,KNQA,2017,2,6080
train,KNQA,2017,3,8232
train,KNQA,2017,4,9968
train,KNQA,2017,5,11310
train,KNQA,2018,1,3347
train,KNQA,2018,2,5904
train,KNQA,2018,3,7860
train,KNQA,2018,4,9288
train,KNQA,2018,5,10320
train,KNQA,2019,1,3300
train,KNQA,2019,2,5588
train,KNQA,2019,3,7245
train,KNQA,2019,4,8460
train,KNQA,2019,5,9360
train,KNQA,2020,1,3566
train,KNQA,2020,2,6294
train,KNQA,2020,3,8472
train,KNQA,2020,4,10096
train,KNQA,2020,5,11120
train,KNQA,2021,1,3216
train,KNQA,2021,2,5800
train,KNQA,2021,3,7797
train,KNQA,2021,4,9312
train,KNQA,2021,5,10305
train,KNQA,2022,1,3279
train,KNQA,2022,2,5910
train,KNQA,2022,3,8088
train,KNQA,2022,4,9892
train,KNQA,2022,5,11230
train,KNQA,2023,1,3469
train,KNQA,2023,2,6240
train,KNQA,2023,3,8526
train,KNQA,2023,4,10376
train,KNQA,2023,5,11780
train,KNQA,2024,1,3843
train,KNQA,2024,2,7080
train,KNQA,2024,3,9714
train,KNQA,2024,4,11740
train,KNQA,2024,5,13115
train,KOAX,2013,1,2935
train,KOAX,2013,2,4718
train,KOAX,2013,3,6147
train,KOAX,2013,4,7304
train,KOAX,2013,5,8275
train,KOAX,2014,1,3205
train,KOAX,2014,2,5272
train,KOAX,2014,3,6921
train,KOAX,2014,4,8280
train,KOAX,2014,5,9495
train,KOAX,2015,1,2848
train,KOAX,2015,2,4664
train,KOAX,2015,3,6033
train,KOAX,2015,4,7084
train,KOAX,2015,5,7895
train,KOAX,2016,1,2817
train,KOAX,2016,2,4612
train,KOAX,2016,3,6036
train,KOAX,2016,4,7188
train,KOAX,2016,5,8155
train,KOAX,2017,1,2639
train,KOAX,2017,2,4350
train,KOAX,2017,3,5655
train,KOAX,2017,4,6680
train,KOAX,2017,5,7485
train,KOAX,2018,1,3038
train,KOAX,2018,2,4952
train,KOAX,2018,3,6471
train,KOAX,2018,4,7652
train,KOAX,2018,5,8565
train,KOAX,2019,1,2931
train,KOAX,2019,2,4766
train,KOAX,2019,3,6201
train,KOAX,2019,4,7300
train,KOAX,2019,5,8145
train,KOAX,2020,1,2849
train,KOAX,2020,2,4726
train,KOAX,2020,3,6213
train,KOAX,2020,4,7492
train,KOAX,2020,5,8570
train,KOAX,2021,1,2580
train,KOAX,2021,2,4306
train,KOAX,2021,3,5709
train,KOAX,2021,4,6764
train,KOAX,2021,5,7545
train,KOAX,2022,1,2431
train,KOAX,2022,2,4198
train,KOAX,2022,3,5643
train,KOAX,2022,4,6856
train,KOAX,2022,5,7795
train,KOAX,2023,1,2992
train,KOAX,2023,2,5254
train,KOAX,2023,3,7125
train,KOAX,2023,4,8696
train,KOAX,2023,5,9930
train,KOAX,2024,1,2264
train,KOAX,2024,2,3858
train,KOAX,2024,3,5139
train,KOAX,2024,4,6192
train,KOAX,2024,5,6955
train,KOHX,2013,1,3667
train,KOHX,2013,2,6532
train,KOHX,2013,3,8946
train,KOHX,2013,4,10964
train,KOHX,2013,5,12475
train,KOHX,2014,1,3984
train,KOHX,2014,2,7136
train,KOHX,2014,3,9690
train,KOHX,2014,4,11676
train,KOHX,2014,5,13025
train,KOHX,2015,1,3400
train,KOHX,2015,2,6066
train,KOHX,2015,3,8238
train,KOHX,2015,4,10012
train,KOHX,2015,5,11290
train,KOHX,2016,1,3456
train,KOHX,2016,2,6224
train,KOHX,2016,3,8547
train,KOHX,2016,4,10424
train,KOHX,2016,5,11730
train,KOHX,2017,1,3760
train,KOHX,2017,2,6744
train,KOHX,2017,3,9210
train,KOHX,2017,4,11252
train,KOHX,2017,5,12905
train,KOHX,2018,1,4062
train,KOHX,2018,2,7346
train,KOHX,2018,3,9993
train,KOHX,2018,4,12100
train,KOHX,2018,5,13645
train,KOHX,2019,1,4073
train,KOHX,2019,2,7244
train,KOHX,2019,3,9855
train,KOHX,2019,4,11992
train,KOHX,2019,5,13670
train,KOHX,2020,1,3989
train,KOHX,2020,2,7130
train,KOHX,2020,3,9684
train,KOHX,2020,4,11644
train,KOHX,2020,5,12895
train,KOHX,2021,1,4095
train,KOHX,2021,2,7400
train,KOHX,2021,3,10179
train,KOHX,2021,4,12480
train,KOHX,2021,5,14225
train,KOHX,2022,1,3193
train,KOHX,2022,2,5710
train,KOHX,2022,3,7734
train,KOHX,2022,4,9432
train,KOHX,2022,5,10700
train,KOHX,2023,1,3684
train,KOHX,2023,2,6668
train,KOHX,2023,3,9120
train,KOHX,2023,4,11056
train,KOHX,2023,5,12455
train,KOHX,2024,1,3587
train,KOHX,2024,2,6558
train,KOHX,2024,3,8979
train,KOHX,2024,4,10816
train,KOHX,2024,5,11995
train,KOKX,2013,1,914
train,KOKX,2013,2,1442
train,KOKX,2013,3,1776
train,KOKX,2013,4,1940
train,KOKX,2013,5,1985
train,KOKX,2014,1,1171
train,KOKX,2014,2,1830
train,KOKX,2014,3,2184
train,KOKX,2014,4,2308
train,KOKX,2014,5,2385
train,KOKX,2015,1,722
train,KOKX,2015,2,1038
train,KOKX,2015,3,1134
train,KOKX,2015,4,1144
train,KOKX,2015,5,1110
train,KOKX,2016,1,745
train,KOKX,2016,2,1116
train,KOKX,2016,3,1278
train,KOKX,2016,4,1332
train,KOKX,2016,5,1330
train,KOKX,2017,1,796
train,KOKX,2017,2,1284
train,KOKX,2017,3,1581
train,KOKX,2017,4,1732
train,KOKX,2017,5,1760
train,KOKX,2018,1,934
train,KOKX,2018,2,1442
train,KOKX,2018,3,1749
train,KOKX,2018,4,1892
train,KOKX,2018,5,1910
train,KOKX,2019,1,897
train,KOKX,2019,2,1364
train,KOKX,2019,3,1680
train,KOKX,2019,4,1820
train,KOKX,2019,5,1790
train,KOKX,2020,1,839
train,KOKX,2020,2,1310
train,KOKX,2020,3,1623
train,KOKX,2020,4,1748
train,KOKX,2020,5,1745
train,KOKX,2021,1,1053
train,KOKX,2021,2,1700
train,KOKX,2021,3,2112
train,KOKX,2021,4,2336
train,KOKX,2021,5,2435
train,KOKX,2022,1,847
train,KOKX,2022,2,1356
train,KOKX,2022,3,1641
train,KOKX,2022,4,1800
train,KOKX,2022,5,1835
train,KOKX,2023,1,1039
train,KOKX,2023,2,1690
train,KOKX,2023,3,2073
train,KOKX,2023,4,2292
train,KOKX,2023,5,2425
train,KOKX,2024,1,1002
train,KOKX,2024,2,1592
train,KOKX,2024,3,1971
train,KOKX,2024,4,2136
train,KOKX,2024,5,2145
train,KOTX,2013,1,1078
train,KOTX,2013,2,1646
train,KOTX,2013,3,2019
train,KOTX,2013,4,2256
train,KOTX,2013,5,2445
train,KOTX,2014,1,1288
train,KOTX,2014,2,2128
train,KOTX,2014,3,2781
train,KOTX,2014,4,3356
train,KOTX,2014,5,3800
train,KOTX,2015,1,1303
train,KOTX,2015,2,2154
train,KOTX,2015,3,2793
train,KOTX,2015,4,3280
train,KOTX,2015,5,3580
train,KOTX,2016,1,1167
train,KOTX,2016,2,1878
train,KOTX,2016,3,2367
train,KOTX,2016,4,2708
train,KOTX,2016,5,2975
train,KOTX,2017,1,1222
train,KOTX,2017,2,1958
train,KOTX,2017,3,2427
train,KOTX,2017,4,2704
train,KOTX,2017,5,2870
train,KOTX,2018,1,1089
train,KOTX,2018,2,1790
train,KOTX,2018,3,2346
train,KOTX,2018,4,2788
train,KOTX,2018,5,3080
train,KOTX,2019,1,1407
train,KOTX,2019,2,2346
train,KOTX,2019,3,3003
train,KOTX,2019,4,3468
train,KOTX,2019,5,3695
train,KOTX,2020,1,1423
train,KOTX,2020,2,2364
train,KOTX,2020,3,3042
train,KOTX,2020,4,3564
train,KOTX,2020,5,3940
train,KOTX,2021,1,972
train,KOTX,2021,2,1566
train,KOTX,2021,3,2004
train,KOTX,2021,4,2236
train,KOTX,2021,5,2330
train,KOTX,2022,1,1153
train,KOTX,2022,2,1970
train,KOTX,2022,3,2514
train,KOTX,2022,4,2800
train,KOTX,2022,5,2880
train,KOTX,2023,1,1141
train,KOTX,2023,2,2010
train,KOTX,2023,3,2691
train,KOTX,2023,4,3152
train,KOTX,2023,5,3485
train,KOTX,2024,1,1268
train,KOTX,2024,2,2038
train,KOTX,2024,3,2523
train,KOTX,2024,4,2928
train,KOTX,2024,5,3275
train,KPAH,2013,1,3716
train,KPAH,2013,2,6530
train,KPAH,2013,3,8796
train,KPAH,2013,4,10664
train,KPAH,2013,5,12155
train,KPAH,2014,1,4007
train,KPAH,2014,2,7044
train,KPAH,2014,3,9426
train,KPAH,2014,4,11216
train,KPAH,2014,5,12585
train,KPAH,2015,1,3783
train,KPAH,2015,2,6662
train,KPAH,2015,3,9030
train,KPAH,2015,4,11016
train,KPAH,2015,5,12840
train,KPAH,2016,1,3691
train,KPAH,2016,2,6358
train,KPAH,2016,3,8472
train,KPAH,2016,4,10080
train,KPAH,2016,5,11350
train,KPAH,2017,1,3794
train,KPAH,2017,2,6730
train,KPAH,2017,3,9120
train,KPAH,2017,4,11160
train,KPAH,2017,5,12930
train,KPAH,2018,1,3452
train,KPAH,2018,2,6022
train,KPAH,2018,3,7977
train,KPAH,2018,4,9536
train,KPAH,2018,5,10885
train,KPAH,2019,1,4133
train,KPAH,2019,2,7130
train,KPAH,2019,3,9375
train,KPAH,2019,4,11224
train,KPAH,2019,5,12725
train,KPAH,2020,1,3671
train,KPAH,2020,2,6296
train,KPAH,2020,3,8247
train,KPAH,2020,4,9672
train,KPAH,2020,5,10805
train,KPAH,2021,1,3860
train,KPAH,2021,2,6926
train,KPAH,2021,3,9483
train,KPAH,2021,4,11560
train,KPAH,2021,5,13235
train,KPAH,2022,1,3505
train,KPAH,2022,2,6278
train,KPAH,2022,3,8409
train,KPAH,2022,4,10148
train,KPAH,2022,5,11590
train,KPAH,2023,1,3741
train,KPAH,2023,2,6758
train,KPAH,2023,3,9210
train,KPAH,2023,4,11284
train,KPAH,2023,5,12910
train,KPAH,2024,1,3743
train,KPAH,2024,2,6882
train,KPAH,2024,3,9585
train,KPAH,2024,4,11984
train,KPAH,2024,5,13740
train,KPBZ,2013,1,1611
train,KPBZ,2013,2,2812
train,KPBZ,2013,3,3681
train,KPBZ,2013,4,4236
train,KPBZ,2013,5,4405
train,KPBZ,2014,1,1506
train,KPBZ,2014,2,2566
train,KPBZ,2014,3,3219
train,KPBZ,2014,4,3544
train,KPBZ,2014,5,3535
train,KPBZ,2015,1,1471
train,KPBZ,2015,2,2464
train,KPBZ,2015,3,3087
train,KPBZ,2015,4,3420
train,KPBZ,2015,5,3580
train,KPBZ,2016,1,1695
train,KPBZ,2016,2,2842
train,KPBZ,2016,3,3585
train,KPBZ,2016,4,4044
train,KPBZ,2016,5,4175
train,KPBZ,2017,1,1950
train,KPBZ,2017,2,3406
train,KPBZ,2017,3,4476
train,KPBZ,2017,4,5188
train,KPBZ,2017,5,5510
train,KPBZ,2018,1,2016
train,KPBZ,2018,2,3480
train,KPBZ,2018,3,4530
train,KPBZ,2018,4,5236
train,KPBZ,2018,5,5630
train,KPBZ,2019,1,1858
train,KPBZ,2019,2,3154
train,KPBZ,2019,3,4083
train,KPBZ,2019,4,4696
train,KPBZ,2019,5,4900
train,KPBZ,2020,1,1685
train,KPBZ,2020,2,2796
train,KPBZ,2020,3,3519
train,KPBZ,2020,4,3972
train,KPBZ,2020,5,4120
train,KPBZ,2021,1,1908
train,KPBZ,2021,2,3266
train,KPBZ,2021,3,4203
train,KPBZ,2021,4,4796
train,KPBZ,2021,5,4995
train,KPBZ,2022,1,1992
train,KPBZ,2022,2,3520
train,KPBZ,2022,3,4620
train,KPBZ,2022,4,5372
train,KPBZ,2022,5,5635
train,KPBZ,2023,1,2079
train,KPBZ,2023,2,3678
train,KPBZ,2023,3,4830
train,KPBZ,2023,4,5484
train,KPBZ,2023,5,5725
train,KPBZ,2024,1,2384
train,KPBZ,2024,2,4190
train,KPBZ,2024,3,5472
train,KPBZ,2024,4,6340
train,KPBZ,2024,5,6745
train,KPDT,2013,1,1311
train,KPDT,2013,2,2276
train,KPDT,2013,3,3009
train,KPDT,2013,4,3508
train,KPDT,2013,5,3780
train,KPDT,2014,1,1574
train,KPDT,2014,2,2736
train,KPDT,2014,3,3666
train,KPDT,2014,4,4392
train,KPDT,2014,5,4885
train,KPDT,2015,1,1426
train,KPDT,2015,2,2570
train,KPDT,2015,3,3546
train,KPDT,2015,4,4364
train,KPDT,2015,5,4980
train,KPDT,2016,1,1349
train,KPDT,2016,2,2370
train,KPDT,2016,3,3198
train,KPDT,2016,4,3824
train,KPDT,2016,5,4260
train,KPDT,2017,1,1152
train,KPDT,2017,2,2010
train,KPDT,2017,3,2700
train,KPDT,2017,4,3268
train,KPDT,2017,5,3705
train,KPDT,2018,1,1461
train,KPDT,2018,2,2588
train,KPDT,2018,3,3564
train,KPDT,2018,4,4268
train,KPDT,2018,5,4720
train,KPDT,2019,1,1784
train,KPDT,2019,2,3168
train,KPDT,2019,3,4248
train,KPDT,2019,4,4996
train,KPDT,2019,5,5400
train,KPDT,2020,1,1592
train,KPDT,2020,2,2808
train,KPDT,2020,3,3807
train,KPDT,2020,4,4592
train,KPDT,2020,5,5165
train,KPDT,2021,1,1428
train,KPDT,2021,2,2546
train,KPDT,2021,3,3474
train,KPDT,2021,4,4172
train,KPDT,2021,5,4685
train,KPDT,2022,1,1403
train,KPDT,2022,2,2372
train,KPDT,2022,3,3114
train,KPDT,2022,4,3672
train,KPDT,2022,5,4005
train,KPDT,2023,1,1656
train,KPDT,2023,2,2910
train,KPDT,2023,3,3885
train,KPDT,2023,4,4568
train,KPDT,2023,5,4875
train,KPDT,2024,1,1555
train,KPDT,2024,2,2780
train,KPDT,2024,3,3804
train,KPDT,2024,4,4580
train,KPDT,2024,5,5080
train,KPUX,2013,1,717
train,KPUX,2013,2,1098
train,KPUX,2013,3,1251
train,KPUX,2013,4,1280
train,KPUX,2013,5,1265
train,KPUX,2014,1,1198
train,KPUX,2014,2,1866
train,KPUX,2014,3,2184
train,KPUX,2014,4,2248
train,KPUX,2014,5,2170
train,KPUX,2015,1,1127
train,KPUX,2015,2,1750
train,KPUX,2015,3,2058
train,KPUX,2015,4,2204
train,KPUX,2015,5,2220
train,KPUX,2016,1,627
train,KPUX,2016,2,928
train,KPUX,2016,3,1026
train,KPUX,2016,4,1056
train,KPUX,2016,5,1005
train,KPUX,2017,1,689
train,KPUX,2017,2,1028
train,KPUX,2017,3,1164
train,KPUX,2017,4,1204
train,KPUX,2017,5,1165
train,KPUX,2018,1,715
train,KPUX,2018,2,1126
train,KPUX,2018,3,1329
train,KPUX,2018,4,1372
train,KPUX,2018,5,1335
train,KPUX,2019,1,835
train,KPUX,2019,2,1276
train,KPUX,2019,3,1509
train,KPUX,2019,4,1588
train,KPUX,2019,5,1520
train,KPUX,2020,1,900
train,KPUX,2020,2,1442
train,KPUX,2020,3,1755
train,KPUX,2020,4,1932
train,KPUX,2020,5,1940
train,KPUX,2021,1,518
train,KPUX,2021,2,728
train,KPUX,2021,3,783
train,KPUX,2021,4,760
train,KPUX,2021,5,695
train,KPUX,2022,1,883
train,KPUX,2022,2,1326
train,KPUX,2022,3,1455
train,KPUX,2022,4,1416
train,KPUX,2022,5,1345
train,KPUX,2023,1,1295
train,KPUX,2023,2,2094
train,KPUX,2023,3,2547
train,KPUX,2023,4,2844
train,KPUX,2023,5,2990
train,KPUX,2024,1,1166
train,KPUX,2024,2,1876
train,KPUX,2024,3,2241
train,KPUX,2024,4,2360
train,KPUX,2024,5,2375
train,KRGX,2013,1,4
train,KRGX,2013,2,4
train,KRGX,2014,1,20
train,KRGX,2014,2,22
train,KRGX,2014,3,12
train,KRGX,2015,1,26
train,KRGX,2015,2,24
train,KRGX,2015,3,15
train,KRGX,2015,4,4
train,KRGX,2016,1,13
train,KRGX,2016,2,12
train,KRGX,2018,1,13
train,KRGX,2018,2,12
train,KRGX,2018,3,3
train,KRGX,2019,1,15
train,KRGX,2019,2,18
train,KRGX,2019,3,12
train,KRGX,2021,1,2
train,KRGX,2022,1,2
train,KRGX,2022,2,2
train,KRGX,2023,1,7
train,KRGX,2023,2,6
train,KRGX,2023,3,3
train,KRGX,2024,1,23
train,KRGX,2024,2,20
train,KRGX,2024,3,3
train,KRIW,2013,1,641
train,KRIW,2013,2,942
train,KRIW,2013,3,1017
train,KRIW,2013,4,952
train,KRIW,2013,5,910
train,KRIW,2014,1,821
train,KRIW,2014,2,1226
train,KRIW,2014,3,1350
train,KRIW,2014,4,1372
train,KRIW,2014,5,1400
train,KRIW,2015,1,912
train,KRIW,2015,2,1412
train,KRIW,2015,3,1653
train,KRIW,2015,4,1712
train,KRIW,2015,5,1685
train,KRIW,2016,1,560
train,KRIW,2016,2,888
train,KRIW,2016,3,1062
train,KRIW,2016,4,1152
train,KRIW,2016,5,1135
train,KRIW,2017,1,683
train,KRIW,2017,2,1004
train,KRIW,2017,3,1122
train,KRIW,2017,4,1164
train,KRIW,2017,5,1170
train,KRIW,2018,1,726
train,KRIW,2018,2,1088
train,KRIW,2018,3,1203
train,KRIW,2018,4,1212
train,KRIW,2018,5,1110
train,KRIW,2019,1,749
train,KRIW,2019,2,1092
train,KRIW,2019,3,1194
train,KRIW,2019,4,1172
train,KRIW,2019,5,1135
train,KRIW,2020,1,707
train,KRIW,2020,2,1078
train,KRIW,2020,3,1272
train,KRIW,2020,4,1376
train,KRIW,2020,5,1395
train,KRIW,2021,1,532
train,KRIW,2021,2,784
train,KRIW,2021,3,873
train,KRIW,2021,4,852
train,KRIW,2021,5,755
train,KRIW,2022,1,458
train,KRIW,2022,2,706
train,KRIW,2022,3,804
train,KRIW,2022,4,816
train,KRIW,2022,5,805
train,KRIW,2023,1,462
train,KRIW,2023,2,666
train,KRIW,2023,3,666
train,KRIW,2023,4,572
train,KRIW,2023,5,485
train,KRIW,2024,1,622
train,KRIW,2024,2,936
train,KRIW,2024,3,1023
train,KRIW,2024,4,1028
train,KRIW,2024,5,940
train,KRLX,2013,1,2693
train,KRLX,2013,2,4638
train,KRLX,2013,3,5976
train,KRLX,2013,4,6840
train,KRLX,2013,5,7275
train,KRLX,2014,1,2352
train,KRLX,2014,2,3990
train,KRLX,2014,3,5148
train,KRLX,2014,4,5860
train,KRLX,2014,5,6255
train,KRLX,2015,1,2835
train,KRLX,2015,2,5010
train,KRLX,2015,3,6714
train,KRLX,2015,4,7800
train,KRLX,2015,5,8425
train,KRLX,2016,1,3068
train,KRLX,2016,2,5396
train,KRLX,2016,3,7248
train,KRLX,2016,4,8652
train,KRLX,2016,5,9665
train,KRLX,2017,1,2795
train,KRLX,2017,2,4890
train,KRLX,2017,3,6510
train,KRLX,2017,4,7776
train,KRLX,2017,5,8700
train,KRLX,2018,1,2640
train,KRLX,2018,2,4594
train,KRLX,2018,3,6072
train,KRLX,2018,4,7108
train,KRLX,2018,5,7750
train,KRLX,2019,1,3185
train,KRLX,2019,2,5640
train,KRLX,2019,3,7521
train,KRLX,2019,4,8868
train,KRLX,2019,5,9715
train,KRLX,2020,1,2983
train,KRLX,2020,2,5060
train,KRLX,2020,3,6483
train,KRLX,2020,4,7436
train,KRLX,2020,5,8145
train,KRLX,2021,1,2848
train,KRLX,2021,2,4950
train,KRLX,2021,3,6501
train,KRLX,2021,4,7672
train,KRLX,2021,5,8440
train,KRLX,2022,1,2800
train,KRLX,2022,2,5050
train,KRLX,2022,3,6825
train,KRLX,2022,4,8192
train,KRLX,2022,5,9055
train,KRLX,2023,1,3079
train,KRLX,2023,2,5584
train,KRLX,2023,3,7485
train,KRLX,2023,4,8868
train,KRLX,2023,5,9770
train,KRLX,2024,1,3084
train,KRLX,2024,2,5598
train,KRLX,2024,3,7515
train,KRLX,2024,4,8896
train,KRLX,2024,5,9785
train,KRTX,2013,1,1718
train,KRTX,2013,2,3054
train,KRTX,2013,3,4152
train,KRTX,2013,4,5048
train,KRTX,2013,5,5755
train,KRTX,2014,1,1443
train,KRTX,2014,2,2610
train,KRTX,2014,3,3618
train,KRTX,2014,4,4516
train,KRTX,2014,5,5305
train,KRTX,2015,1,1731
train,KRTX,2015,2,3062
train,KRTX,2015,3,4146
train,KRTX,2015,4,5076
train,KRTX,2015,5,5890
train,KRTX,2016,1,1747
train,KRTX,2016,2,3152
train,KRTX,2016,3,4347
train,KRTX,2016,4,5356
train,KRTX,2016,5,6180
train,KRTX,2017,1,1222
train,KRTX,2017,2,2160
train,KRTX,2017,3,2910
train,KRTX,2017,4,3564
train,KRTX,2017,5,4125
train,KRTX,2018,1,1440
train,KRTX,2018,2,2542
train,KRTX,2018,3,3453
train,KRTX,2018,4,4240
train,KRTX,2018,5,4930
train,KRTX,2019,1,1636
train,KRTX,2019,2,2956
train,KRTX,2019,3,4023
train,KRTX,2019,4,4908
train,KRTX,2019,5,5655
train,KRTX,2020,1,1463
train,KRTX,2020,2,2588
train,KRTX,2020,3,3483
train,KRTX,2020,4,4276
train,KRTX,2020,5,4905
train,KRTX,2021,1,1398
train,KRTX,2021,2,2554
train,KRTX,2021,3,3564
train,KRTX,2021,4,4472
train,KRTX,2021,5,5235
train,KRTX,2022,1,1031
train,KRTX,2022,2,1798
train,KRTX,2022,3,2406
train,KRTX,2022,4,2904
train,KRTX,2022,5,3275
train,KRTX,2023,1,1201
train,KRTX,2023,2,2144
train,KRTX,2023,3,2940
train,KRTX,2023,4,3620
train,KRTX,2023,5,4230
train,KRTX,2024,1,1424
train,KRTX,2024,2,2508
train,KRTX,2024,3,3318
train,KRTX,2024,4,3992
train,KRTX,2024,5,4555
train,KSFX,2013,1,985
train,KSFX,2013,2,1446
train,KSFX,2013,3,1728
train,KSFX,2013,4,1924
train,KSFX,2013,5,1970
train,KSFX,2014,1,1331
train,KSFX,2014,2,1982
train,KSFX,2014,3,2361
train,KSFX,2014,4,2704
train,KSFX,2014,5,2885
train,KSFX,2015,1,1523
train,KSFX,2015,2,2480
train,KSFX,2015,3,3174
train,KSFX,2015,4,3804
train,KSFX,2015,5,4285
train,KSFX,2016,1,1074
train,KSFX,2016,2,1668
train,KSFX,2016,3,2067
train,KSFX,2016,4,2392
train,KSFX,2016,5,2570
train,KSFX,2017,1,1732
train,KSFX,2017,2,2690
train,KSFX,2017,3,3222
train,KSFX,2017,4,3624
train,KSFX,2017,5,3690
train,KSFX,2018,1,1887
train,KSFX,2018,2,2856
train,KSFX,2018,3,3387
train,KSFX,2018,4,3800
train,KSFX,2018,5,3835
train,KSFX,2019,1,1431
train,KSFX,2019,2,2218
train,KSFX,2019,3,2700
train,KSFX,2019,4,3112
train,KSFX,2019,5,3195
train,KSFX,2020,1,1268
train,KSFX,2020,2,1898
train,KSFX,2020,3,2226
train,KSFX,2020,4,2492
train,KSFX,2020,5,2545
train,KSFX,2021,1,853
train,KSFX,2021,2,1188
train,KSFX,2021,3,1332
train,KSFX,2021,4,1464
train,KSFX,2021,5,1405
train,KSFX,2022,1,1113
train,KSFX,2022,2,1590
train,KSFX,2022,3,1686
train,KSFX,2022,4,1768
train,KSFX,2022,5,1820
train,KSFX,2023,1,1391
train,KSFX,2023,2,2286
train,KSFX,2023,3,2787
train,KSFX,2023,4,3048
train,KSFX,2023,5,3065
train,KSFX,2024,1,969
train,KSFX,2024,2,1542
train,KSFX,2024,3,1959
train,KSFX,2024,4,2232
train,KSFX,2024,5,2275
train,KSGF,2013,1,2927
train,KSGF,2013,2,5046
train,KSGF,2013,3,6711
train,KSGF,2013,4,8084
train,KSGF,2013,5,9110
train,KSGF,2014,1,3315
train,KSGF,2014,2,5672
train,KSGF,2014,3,7386
train,KSGF,2014,4,8688
train,KSGF,2014,5,9665
train,KSGF,2015,1,3289
train,KSGF,2015,2,5666
train,KSGF,2015,3,7455
train,KSGF,2015,4,8748
train,KSGF,2015,5,9750
train,KSGF,2016,1,2751
train,KSGF,2016,2,4614
train,KSGF,2016,3,5955
train,KSGF,2016,4,6912
train,KSGF,2016,5,7465
train,KSGF,2017,1,2912
train,KSGF,2017,2,4860
train,KSGF,2017,3,6246
train,KSGF,2017,4,7164
train,KSGF,2017,5,7745
train,KSGF,2018,1,3015
train,KSGF,2018,2,5174
train,KSGF,2018,3,6768
train,KSGF,2018,4,7872
train,KSGF,2018,5,8650
train,KSGF,2019,1,3213
train,KSGF,2019,2,5618
train,KSGF,2019,3,7401
train,KSGF,2019,4,8692
train,KSGF,2019,5,9510
train,KSGF,2020,1,2746
train,KSGF,2020,2,4620
train,KSGF,2020,3,5976
train,KSGF,2020,4,6900
train,KSGF,2020,5,7395
train,KSGF,2021,1,2446
train,KSGF,2021,2,4028
train,KSGF,2021,3,5115
train,KSGF,2021,4,5884
train,KSGF,2021,5,6390
train,KSGF,2022,1,2212
train,KSGF,2022,2,3878
train,KSGF,2022,3,5169
train,KSGF,2022,4,6204
train,KSGF,2022,5,7080
train,KSGF,2023,1,3127
train,KSGF,2023,2,5550
train,KSGF,2023,3,7473
train,KSGF,2023,4,9036
train,KSGF,2023,5,10090
train,KSGF,2024,1,3103
train,KSGF,2024,2,5354
train,KSGF,2024,3,6972
train,KSGF,2024,4,8084
train,KSGF,2024,5,8790
train,KSHV,2013,1,2903
train,KSHV,2013,2,4954
train,KSHV,2013,3,6531
train,KSHV,2013,4,7756
train,KSHV,2013,5,8775
train,KSHV,2014,1,3223
train,KSHV,2014,2,5570
train,KSHV,2014,3,7386
train,KSHV,2014,4,8872
train,KSHV,2014,5,9970
train,KSHV,2015,1,3120
train,KSHV,2015,2,5372
train,KSHV,2015,3,7059
train,KSHV,2015,4,8428
train,KSHV,2015,5,9535
train,KSHV,2016,1,3567
train,KSHV,2016,2,6126
train,KSHV,2016,3,8019
train,KSHV,2016,4,9520
train,KSHV,2016,5,10630
train,KSHV,2017,1,3343
train,KSHV,2017,2,5566
train,KSHV,2017,3,7218
train,KSHV,2017,4,8460
train,KSHV,2017,5,9365
train,KSHV,2018,1,3254
train,KSHV,2018,2,5408
train,KSHV,2018,3,6936
train,KSHV,2018,4,8056
train,KSHV,2018,5,8980
train,KSHV,2019,1,3607
train,KSHV,2019,2,6138
train,KSHV,2019,3,7986
train,KSHV,2019,4,9476
train,KSHV,2019,5,10640
train,KSHV,2020,1,3717
train,KSHV,2020,2,6336
train,KSHV,2020,3,8280
train,KSHV,2020,4,9740
train,KSHV,2020,5,10670
train,KSHV,2021,1,3395
train,KSHV,2021,2,5822
train,KSHV,2021,3,7791
train,KSHV,2021,4,9508
train,KSHV,2021,5,10765
train,KSHV,2022,1,2972
train,KSHV,2022,2,5258
train,KSHV,2022,3,7158
train,KSHV,2022,4,8760
train,KSHV,2022,5,10015
train,KSHV,2023,1,3188
train,KSHV,2023,2,5424
train,KSHV,2023,3,7062
train,KSHV,2023,4,8360
train,KSHV,2023,5,9335
train,KSHV,2024,1,3539
train,KSHV,2024,2,6266
train,KSHV,2024,3,8466
train,KSHV,2024,4,10236
train,KSHV,2024,5,11450
train,KSJT,2013,1,2208
train,KSJT,2013,2,3580
train,KSJT,2013,3,4530
train,KSJT,2013,4,5128
train,KSJT,2013,5,5360
train,KSJT,2014,1,2072
train,KSJT,2014,2,3124
train,KSJT,2014,3,3741
train,KSJT,2014,4,4148
train,KSJT,2014,5,4250
train,KSJT,2015,1,2198
train,KSJT,2015,2,3532
train,KSJT,2015,3,4371
train,KSJT,2015,4,4844
train,KSJT,2015,5,5075
train,KSJT,2016,1,2713
train,KSJT,2016,2,4298
train,KSJT,2016,3,5379
train,KSJT,2016,4,6060
train,KSJT,2016,5,6500
train,KSJT,2017,1,2605
train,KSJT,2017,2,4170
train,KSJT,2017,3,5280
train,KSJT,2017,4,6116
train,KSJT,2017,5,6665
train,KSJT,2018,1,2125
train,KSJT,2018,2,3358
train,KSJT,2018,3,4191
train,KSJT,2018,4,4684
train,KSJT,2018,5,4875
train,KSJT,2019,1,2909
train,KSJT,2019,2,4818
train,KSJT,2019,3,6189
train,KSJT,2019,4,7096
train,KSJT,2019,5,7605
train,KSJT,2020,1,2356
train,KSJT,2020,2,3946
train,KSJT,2020,3,5112
train,KSJT,2020,4,5928
train,KSJT,2020,5,6420
train,KSJT,2021,1,1756
train,KSJT,2021,2,2844
train,KSJT,2021,3,3573
train,KSJT,2021,4,4076
train,KSJT,2021,5,4330
train,KSJT,2022,1,1843
train,KSJT,2022,2,3090
train,KSJT,2022,3,3936
train,KSJT,2022,4,4476
train,KSJT,2022,5,4780
train,KSJT,2023,1,2618
train,KSJT,2023,2,4464
train,KSJT,2023,3,5751
train,KSJT,2023,4,6680
train,KSJT,2023,5,7370
train,KSJT,2024,1,2657
train,KSJT,2024,2,4484
train,KSJT,2024,3,5730
train,KSJT,2024,4,6520
train,KSJT,2024,5,6950
train,KSOX,2013,1,912
train,KSOX,2013,2,1540
train,KSOX,2013,3,1917
train,KSOX,2013,4,2132
train,KSOX,2013,5,2310
train,KSOX,2014,1,943
train,KSOX,2014,2,1618
train,KSOX,2014,3,2079
train,KSOX,2014,4,2416
train,KSOX,2014,5,2680
train,KSOX,2015,1,1172
train,KSOX,2015,2,2084
train,KSOX,2015,3,2790
train,KSOX,2015,4,3432
train,KSOX,2015,5,4015
train,KSOX,2016,1,1008
train,KSOX,2016,2,1772
train,KSOX,2016,3,2391
train,KSOX,2016,4,2872
train,KSOX,2016,5,3280
train,KSOX,2017,1,1268
train,KSOX,2017,2,2190
train,KSOX,2017,3,2835
train,KSOX,2017,4,3308
train,KSOX,2017,5,3660
train,KSOX,2018,1,1071
train,KSOX,2018,2,1826
train,KSOX,2018,3,2361
train,KSOX,2018,4,2788
train,KSOX,2018,5,3170
train,KSOX,2019,1,1584
train,KSOX,2019,2,2714
train,KSOX,2019,3,3510
train,KSOX,2019,4,4056
train,KSOX,2019,5,4530
train,KSOX,2020,1,1325
train,KSOX,2020,2,2284
train,KSOX,2020,3,2943
train,KSOX,2020,4,3416
train,KSOX,2020,5,3720
train,KSOX,2021,1,988
train,KSOX,2021,2,1692
train,KSOX,2021,3,2130
train,KSOX,2021,4,2436
train,KSOX,2021,5,2620
train,KSOX,2022,1,1259
train,KSOX,2022,2,2180
train,KSOX,2022,3,2823
train,KSOX,2022,4,3284
train,KSOX,2022,5,3580
train,KSOX,2023,1,1558
train,KSOX,2023,2,2772
train,KSOX,2023,3,3648
train,KSOX,2023,4,4224
train,KSOX,2023,5,4550
train,KSOX,2024,1,1274
train,KSOX,2024,2,2134
train,KSOX,2024,3,2640
train,KSOX,2024,4,2988
train,KSOX,2024,5,3265
train,KSRX,2013,1,3111
train,KSRX,2013,2,5526
train,KSRX,2013,3,7482
train,KSRX,2013,4,9100
train,KSRX,2013,5,10455
train,KSRX,2014,1,3235
train,KSRX,2014,2,5732
train,KSRX,2014,3,7710
train,KSRX,2014,4,9272
train,KSRX,2014,5,10420
train,KSRX,2015,1,3671
train,KSRX,2015,2,6462
train,KSRX,2015,3,8679
train,KSRX,2015,4,10560
train,KSRX,2015,5,12130
train,KSRX,2016,1,3453
train,KSRX,2016,2,6076
train,KSRX,2016,3,8163
train,KSRX,2016,4,9820
train,KSRX,2016,5,11180
train,KSRX,2017,1,3568
train,KSRX,2017,2,6298
train,KSRX,2017,3,8415
train,KSRX,2017,4,10128
train,KSRX,2017,5,11560
train,KSRX,2018,1,3528
train,KSRX,2018,2,6186
train,KSRX,2018,3,8364
train,KSRX,2018,4,10160
train,KSRX,2018,5,11560
train,KSRX,2019,1,3686
train,KSRX,2019,2,6430
train,KSRX,2019,3,8604
train,KSRX,2019,4,10408
train,KSRX,2019,5,11855
train,KSRX,2020,1,3579
train,KSRX,2020,2,6288
train,KSRX,2020,3,8496
train,KSRX,2020,4,10324
train,KSRX,2020,5,11715
train,KSRX,2021,1,3236
train,KSRX,2021,2,5776
train,KSRX,2021,3,7740
train,KSRX,2021,4,9172
train,KSRX,2021,5,10080
train,KSRX,2022,1,2935
train,KSRX,2022,2,5248
train,KSRX,2022,3,7137
train,KSRX,2022,4,8756
train,KSRX,2022,5,10130
train,KSRX,2023,1,3506
train,KSRX,2023,2,6392
train,KSRX,2023,3,8781
train,KSRX,2023,4,10720
train,KSRX,2023,5,12195
train,KSRX,2024,1,3588
train,KSRX,2024,2,6514
train,KSRX,2024,3,8808
train,KSRX,2024,4,10640
train,KSRX,2024,5,11985
train,KTBW,2013,1,2126
train,KTBW,2013,2,3098
train,KTBW,2013,3,3738
train,KTBW,2013,4,4204
train,KTBW,2013,5,4525
train,KTBW,2014,1,2298
train,KTBW,2014,2,3466
train,KTBW,2014,3,4242
train,KTBW,2014,4,4892
train,KTBW,2014,5,5370
train,KTBW,2015,1,2688
train,KTBW,2015,2,4144
train,KTBW,2015,3,5076
train,KTBW,2015,4,5828
train,KTBW,2015,5,6455
train,KTBW,2016,1,2150
train,KTBW,2016,2,3056
train,KTBW,2016,3,3660
train,KTBW,2016,4,4196
train,KTBW,2016,5,4725
train,KTBW,2017,1,2109
train,KTBW,2017,2,3126
train,KTBW,2017,3,3798
train,KTBW,2017,4,4376
train,KTBW,2017,5,4885
train,KTBW,2018,1,1754
train,KTBW,2018,2,2344
train,KTBW,2018,3,2616
train,KTBW,2018,4,2816
train,KTBW,2018,5,2935
train,KTBW,2019,1,1917
train,KTBW,2019,2,2724
train,KTBW,2019,3,3276
train,KTBW,2019,4,3676
train,KTBW,2019,5,3970
train,KTBW,2020,1,2183
train,KTBW,2020,2,3040
train,KTBW,2020,3,3489
train,KTBW,2020,4,3852
train,KTBW,2020,5,4080
train,KTBW,2021,1,2243
train,KTBW,2021,2,3446
train,KTBW,2021,3,4194
train,KTBW,2021,4,4648
train,KTBW,2021,5,4885
train,KTBW,2022,1,2076
train,KTBW,2022,2,3164
train,KTBW,2022,3,3846
train,KTBW,2022,4,4404
train,KTBW,2022,5,4855
train,KTBW,2023,1,2017
train,KTBW,2023,2,3180
train,KTBW,2023,3,3969
train,KTBW,2023,4,4556
train,KTBW,2023,5,4860
train,KTBW,2024,1,2219
train,KTBW,2024,2,3332
train,KTBW,2024,3,4044
train,KTBW,2024,4,4608
train,KTBW,2024,5,4925
train,KTLH,2013,1,2525
train,KTLH,2013,2,3918
train,KTLH,2013,3,4773
train,KTLH,2013,4,5260
train,KTLH,2013,5,5530
train,KTLH,2014,1,2097
train,KTLH,2014,2,3228
train,KTLH,2014,3,3837
train,KTLH,2014,4,4108
train,KTLH,2014,5,4155
train,KTLH,2015,1,1985
train,KTLH,2015,2,3032
train,KTLH,2015,3,3537
train,KTLH,2015,4,3712
train,KTLH,2015,5,3740
train,KTLH,2016,1,2083
train,KTLH,2016,2,3242
train,KTLH,2016,3,4011
train,KTLH,2016,4,4612
train,KTLH,2016,5,5050
train,KTLH,2017,1,2129
train,KTLH,2017,2,3258
train,KTLH,2017,3,3909
train,KTLH,2017,4,4308
train,KTLH,2017,5,4535
train,KTLH,2018,1,2035
train,KTLH,2018,2,3110
train,KTLH,2018,3,3654
train,KTLH,2018,4,3880
train,KTLH,2018,5,3970
train,KTLH,2019,1,2032
train,KTLH,2019,2,2992
train,KTLH,2019,3,3489
train,KTLH,2019,4,3736
train,KTLH,2019,5,4015
train,KTLH,2020,1,1898
train,KTLH,2020,2,2876
train,KTLH,2020,3,3393
train,KTLH,2020,4,3676
train,KTLH,2020,5,3750
train,KTLH,2021,1,1961
train,KTLH,2021,2,2948
train,KTLH,2021,3,3366
train,KTLH,2021,4,3588
train,KTLH,2021,5,3775
train,KTLH,2022,1,2287
train,KTLH,2022,2,3578
train,KTLH,2022,3,4278
train,KTLH,2022,4,4748
train,KTLH,2022,5,4970
train,KTLH,2023,1,1931
train,KTLH,2023,2,3042
train,KTLH,2023,3,3744
train,KTLH,2023,4,4300
train,KTLH,2023,5,4705
train,KTLH,2024,1,1963
train,KTLH,2024,2,3056
train,KTLH,2024,3,3678
train,KTLH,2024,4,4084
train,KTLH,2024,5,4330
train,KTLX,2013,1,2665
train,KTLX,2013,2,4514
train,KTLX,2013,3,5865
train,KTLX,2013,4,6868
train,KTLX,2013,5,7600
train,KTLX,2014,1,2104
train,KTLX,2014,2,3566
train,KTLX,2014,3,4563
train,KTLX,2014,4,5268
train,KTLX,2014,5,5770
train,KTLX,2015,1,2157
train,KTLX,2015,2,3680
train,KTLX,2015,3,4881
train,KTLX,2015,4,5888
train,KTLX,2015,5,6715
train,KTLX,2016,1,1841
train,KTLX,2016,2,3168
train,KTLX,2016,3,4098
train,KTLX,2016,4,4724
train,KTLX,2016,5,5125
train,KTLX,2017,1,2160
train,KTLX,2017,2,3746
train,KTLX,2017,3,4917
train,KTLX,2017,4,5692
train,KTLX,2017,5,6160
train,KTLX,2018,1,2515
train,KTLX,2018,2,4426
train,KTLX,2018,3,5874
train,KTLX,2018,4,6884
train,KTLX,2018,5,7510
train,KTLX,2019,1,2771
train,KTLX,2019,2,4770
train,KTLX,2019,3,6216
train,KTLX,2019,4,7248
train,KTLX,2019,5,7825
train,KTLX,2020,1,2560
train,KTLX,2020,2,4322
train,KTLX,2020,3,5745
train,KTLX,2020,4,6920
train,KTLX,2020,5,7725
train,KTLX,2021,1,2024
train,KTLX,2021,2,3492
train,KTLX,2021,3,4587
train,KTLX,2021,4,5448
train,KTLX,2021,5,6130
train,KTLX,2022,1,2128
train,KTLX,2022,2,3790
train,KTLX,2022,3,5145
train,KTLX,2022,4,6216
train,KTLX,2022,5,6970
train,KTLX,2023,1,3053
train,KTLX,2023,2,5360
train,KTLX,2023,3,7083
train,KTLX,2023,4,8412
train,KTLX,2023,5,9250
train,KTLX,2024,1,2371
train,KTLX,2024,2,4100
train,KTLX,2024,3,5373
train,KTLX,2024,4,6336
train,KTLX,2024,5,7000
train,KTWX,2013,1,2192
train,KTWX,2013,2,3756
train,KTWX,2013,3,4953
train,KTWX,2013,4,5820
train,KTWX,2013,5,6470
train,KTWX,2014,1,2226
train,KTWX,2014,2,3822
train,KTWX,2014,3,5040
train,KTWX,2014,4,5964
train,KTWX,2014,5,6705
train,KTWX,2015,1,2472
train,KTWX,2015,2,4340
train,KTWX,2015,3,5847
train,KTWX,2015,4,6964
train,KTWX,2015,5,7850
train,KTWX,2016,1,2442
train,KTWX,2016,2,4254
train,KTWX,2016,3,5724
train,KTWX,2016,4,6904
train,KTWX,2016,5,7875
train,KTWX,2017,1,2392
train,KTWX,2017,2,4106
train,KTWX,2017,3,5427
train,KTWX,2017,4,6412
train,KTWX,2017,5,7125
train,KTWX,2018,1,2464
train,KTWX,2018,2,4262
train,KTWX,2018,3,5616
train,KTWX,2018,4,6620
train,KTWX,2018,5,7410
train,KTWX,2019,1,2278
train,KTWX,2019,2,3956
train,KTWX,2019,3,5166
train,KTWX,2019,4,6056
train,KTWX,2019,5,6755
train,KTWX,2020,1,2308
train,KTWX,2020,2,3988
train,KTWX,2020,3,5292
train,KTWX,2020,4,6232
train,KTWX,2020,5,6985
train,KTWX,2021,1,1978
train,KTWX,2021,2,3364
train,KTWX,2021,3,4338
train,KTWX,2021,4,5040
train,KTWX,2021,5,5520
train,KTWX,2022,1,2095
train,KTWX,2022,2,3696
train,KTWX,2022,3,4986
train,KTWX,2022,4,5960
train,KTWX,2022,5,6685
train,KTWX,2023,1,2578
train,KTWX,2023,2,4602
train,KTWX,2023,3,6129
train,KTWX,2023,4,7324
train,KTWX,2023,5,8270
train,KTWX,2024,1,2131
train,KTWX,2024,2,3736
train,KTWX,2024,3,4908
train,KTWX,2024,4,5744
train,KTWX,2024,5,6360
train,KTYX,2013,1,1083
train,KTYX,2013,2,1758
train,KTYX,2013,3,2124
train,KTYX,2013,4,2356
train,KTYX,2013,5,2415
train,KTYX,2014,1,942
train,KTYX,2014,2,1466
train,KTYX,2014,3,1731
train,KTYX,2014,4,1820
train,KTYX,2014,5,1820
train,KTYX,2015,1,987
train,KTYX,2015,2,1574
train,KTYX,2015,3,1827
train,KTYX,2015,4,1820
train,KTYX,2015,5,1630
train,KTYX,2016,1,983
train,KTYX,2016,2,1634
train,KTYX,2016,3,2019
train,KTYX,2016,4,2168
train,KTYX,2016,5,2120
train,KTYX,2017,1,1337
train,KTYX,2017,2,2244
train,KTYX,2017,3,2826
train,KTYX,2017,4,3064
train,KTYX,2017,5,3045
train,KTYX,2018,1,1108
train,KTYX,2018,2,1686
train,KTYX,2018,3,1914
train,KTYX,2018,4,1868
train,KTYX,2018,5,1720
train,KTYX,2019,1,1178
train,KTYX,2019,2,1854
train,KTYX,2019,3,2130
train,KTYX,2019,4,2192
train,KTYX,2019,5,2015
train,KTYX,2020,1,956
train,KTYX,2020,2,1516
train,KTYX,2020,3,1761
train,KTYX,2020,4,1792
train,KTYX,2020,5,1765
train,KTYX,2021,1,1045
train,KTYX,2021,2,1656
train,KTYX,2021,3,1989
train,KTYX,2021,4,2096
train,KTYX,2021,5,2045
train,KTYX,2022,1,1381
train,KTYX,2022,2,2364
train,KTYX,2022,3,2985
train,KTYX,2022,4,3268
train,KTYX,2022,5,3305
train,KTYX,2023,1,1400
train,KTYX,2023,2,2338
train,KTYX,2023,3,2949
train,KTYX,2023,4,3252
train,KTYX,2023,5,3300
train,KTYX,2024,1,1694
train,KTYX,2024,2,2822
train,KTYX,2024,3,3465
train,KTYX,2024,4,3784
train,KTYX,2024,5,3765
train,KUDX,2013,1,1235
train,KUDX,2013,2,2100
train,KUDX,2013,3,2694
train,KUDX,2013,4,3100
train,KUDX,2013,5,3270
train,KUDX,2014,1,1481
train,KUDX,2014,2,2454
train,KUDX,2014,3,3108
train,KUDX,2014,4,3576
train,KUDX,2014,5,3940
train,KUDX,2015,1,1582
train,KUDX,2015,2,2768
train,KUDX,2015,3,3678
train,KUDX,2015,4,4324
train,KUDX,2015,5,4780
train,KUDX,2016,1,1547
train,KUDX,2016,2,2576
train,KUDX,2016,3,3225
train,KUDX,2016,4,3636
train,KUDX,2016,5,3905
train,KUDX,2017,1,1326
train,KUDX,2017,2,2220
train,KUDX,2017,3,2751
train,KUDX,2017,4,3016
train,KUDX,2017,5,3105
train,KUDX,2018,1,1570
train,KUDX,2018,2,2610
train,KUDX,2018,3,3324
train,KUDX,2018,4,3880
train,KUDX,2018,5,4295
train,KUDX,2019,1,1757
train,KUDX,2019,2,2880
train,KUDX,2019,3,3615
train,KUDX,2019,4,4132
train,KUDX,2019,5,4490
train,KUDX,2020,1,1612
train,KUDX,2020,2,2664
train,KUDX,2020,3,3360
train,KUDX,2020,4,3776
train,KUDX,2020,5,4005
train,KUDX,2021,1,1193
train,KUDX,2021,2,1992
train,KUDX,2021,3,2538
train,KUDX,2021,4,2900
train,KUDX,2021,5,3105
train,KUDX,2022,1,1356
train,KUDX,2022,2,2326
train,KUDX,2022,3,2982
train,KUDX,2022,4,3436
train,KUDX,2022,5,3675
train,KUDX,2023,1,1537
train,KUDX,2023,2,2664
train,KUDX,2023,3,3411
train,KUDX,2023,4,3976
train,KUDX,2023,5,4270
train,KUDX,2024,1,1378
train,KUDX,2024,2,2356
train,KUDX,2024,3,3054
train,KUDX,2024,4,3488
train,KUDX,2024,5,3740
train,KUEX,2013,1,1759
train,KUEX,2013,2,2856
train,KUEX,2013,3,3543
train,KUEX,2013,4,4008
train,KUEX,2013,5,4320
train,KUEX,2014,1,1967
train,KUEX,2014,2,3162
train,KUEX,2014,3,3903
train,KUEX,2014,4,4404
train,KUEX,2014,5,4850
train,KUEX,2015,1,2048
train,KUEX,2015,2,3410
train,KUEX,2015,3,4368
train,KUEX,2015,4,5036
train,KUEX,2015,5,5485
train,KUEX,2016,1,1920
train,KUEX,2016,2,3272
train,KUEX,2016,3,4251
train,KUEX,2016,4,4920
train,KUEX,2016,5,5395
train,KUEX,2017,1,1694
train,KUEX,2017,2,2816
train,KUEX,2017,3,3564
train,KUEX,2017,4,4184
train,KUEX,2017,5,4655
train,KUEX,2018,1,2008
train,KUEX,2018,2,3278
train,KUEX,2018,3,4065
train,KUEX,2018,4,4548
train,KUEX,2018,5,4915
train,KUEX,2019,1,2054
train,KUEX,2019,2,3284
train,KUEX,2019,3,3951
train,KUEX,2019,4,4344
train,KUEX,2019,5,4585
train,KUEX,2020,1,1992
train,KUEX,2020,2,3446
train,KUEX,2020,3,4503
train,KUEX,2020,4,5168
train,KUEX,2020,5,5560
train,KUEX,2021,1,1836
train,KUEX,2021,2,2976
train,KUEX,2021,3,3612
train,KUEX,2021,4,3968
train,KUEX,2021,5,4190
train,KUEX,2022,1,1817
train,KUEX,2022,2,3086
train,KUEX,2022,3,3972
train,KUEX,2022,4,4568
train,KUEX,2022,5,4870
train,KUEX,2023,1,2052
train,KUEX,2023,2,3396
train,KUEX,2023,3,4305
train,KUEX,2023,4,4904
train,KUEX,2023,5,5270
train,KUEX,2024,1,1908
train,KUEX,2024,2,3166
train,KUEX,2024,3,4014
train,KUEX,2024,4,4616
train,KUEX,2024,5,5070
train,KVAX,2013,1,1929
train,KVAX,2013,2,3058
train,KVAX,2013,3,3726
train,KVAX,2013,4,4244
train,KVAX,2013,5,4635
train,KVAX,2014,1,3197
train,KVAX,2014,2,4962
train,KVAX,2014,3,5892
train,KVAX,2014,4,6596
train,KVAX,2014,5,7075
train,KVAX,2015,1,2803
train,KVAX,2015,2,4384
train,KVAX,2015,3,5313
train,KVAX,2015,4,5920
train,KVAX,2015,5,6275
train,KVAX,2016,1,2766
train,KVAX,2016,2,4304
train,KVAX,2016,3,5232
train,KVAX,2016,4,6044
train,KVAX,2016,5,6745
train,KVAX,2017,1,2507
train,KVAX,2017,2,3976
train,KVAX,2017,3,4833
train,KVAX,2017,4,5440
train,KVAX,2017,5,5915
train,KVAX,2018,1,2704
train,KVAX,2018,2,4118
train,KVAX,2018,3,4938
train,KVAX,2018,4,5576
train,KVAX,2018,5,6090
train,KVAX,2019,1,2838
train,KVAX,2019,2,4498
train,KVAX,2019,3,5604
train,KVAX,2019,4,6444
train,KVAX,2019,5,7110
train,KVAX,2020,1,2587
train,KVAX,2020,2,3958
train,KVAX,2020,3,4686
train,KVAX,2020,4,5160
train,KVAX,2020,5,5340
train,KVAX,2021,1,2682
train,KVAX,2021,2,4242
train,KVAX,2021,3,5172
train,KVAX,2021,4,5804
train,KVAX,2021,5,6135
train,KVAX,2022,1,3206
train,KVAX,2022,2,5168
train,KVAX,2022,3,6288
train,KVAX,2022,4,7104
train,KVAX,2022,5,7555
train,KVAX,2023,1,2912
train,KVAX,2023,2,4712
train,KVAX,2023,3,5901
train,KVAX,2023,4,6816
train,KVAX,2023,5,7430
train,KVAX,2024,1,2378
train,KVAX,2024,2,3678
train,KVAX,2024,3,4446
train,KVAX,2024,4,4992
train,KVAX,2024,5,5335
train,KVNX,2013,1,1702
train,KVNX,2013,2,2796
train,KVNX,2013,3,3516
train,KVNX,2013,4,4000
train,KVNX,2013,5,4290
train,KVNX,2014,1,1797
train,KVNX,2014,2,2932
train,KVNX,2014,3,3714
train,KVNX,2014,4,4272
train,KVNX,2014,5,4655
train,KVNX,2015,1,2506
train,KVNX,2015,2,4316
train,KVNX,2015,3,5637
train,KVNX,2015,4,6556
train,KVNX,2015,5,7190
train,KVNX,2016,1,2162
train,KVNX,2016,2,3694
train,KVNX,2016,3,4803
train,KVNX,2016,4,5568
train,KVNX,2016,5,6070
train,KVNX,2017,1,2106
train,KVNX,2017,2,3552
train,KVNX,2017,3,4656
train,KVNX,2017,4,5476
train,KVNX,2017,5,6030
train,KVNX,2018,1,2534
train,KVNX,2018,2,4386
train,KVNX,2018,3,5736
train,KVNX,2018,4,6592
train,KVNX,2018,5,7095
train,KVNX,2019,1,2856
train,KVNX,2019,2,4898
train,KVNX,2019,3,6492
train,KVNX,2019,4,7708
train,KVNX,2019,5,8520
train,KVNX,2020,1,2192
train,KVNX,2020,2,3834
train,KVNX,2020,3,5133
train,KVNX,2020,4,6132
train,KVNX,2020,5,6925
train,KVNX,2021,1,1695
train,KVNX,2021,2,2876
train,KVNX,2021,3,3699
train,KVNX,2021,4,4296
train,KVNX,2021,5,4690
train,KVNX,2022,1,1735
train,KVNX,2022,2,2922
train,KVNX,2022,3,3750
train,KVNX,2022,4,4296
train,KVNX,2022,5,4575
train,KVNX,2023,1,2561
train,KVNX,2023,2,4442
train,KVNX,2023,3,5751
train,KVNX,2023,4,6548
train,KVNX,2023,5,7020
train,KVNX,2024,1,2153
train,KVNX,2024,2,3632
train,KVNX,2024,3,4629
train,KVNX,2024,4,5244
train,KVNX,2024,5,5615
train,KVTX,2013,1,418
train,KVTX,2013,2,682
train,KVTX,2013,3,855
train,KVTX,2013,4,948
train,KVTX,2013,5,995
train,KVTX,2014,1,452
train,KVTX,2014,2,758
train,KVTX,2014,3,990
train,KVTX,2014,4,1128
train,KVTX,2014,5,1140
train,KVTX,2015,1,606
train,KVTX,2015,2,1004
train,KVTX,2015,3,1251
train,KVTX,2015,4,1352
train,KVTX,2015,5,1350
train,KVTX,2016,1,559
train,KVTX,2016,2,930
train,KVTX,2016,3,1164
train,KVTX,2016,4,1312
train,KVTX,2016,5,1420
train,KVTX,2017,1,648
train,KVTX,2017,2,1098
train,KVTX,2017,3,1401
train,KVTX,2017,4,1564
train,KVTX,2017,5,1635
train,KVTX,2018,1,382
train,KVTX,2018,2,570
train,KVTX,2018,3,606
train,KVTX,2018,4,592
train,KVTX,2018,5,555
train,KVTX,2019,1,949
train,KVTX,2019,2,1636
train,KVTX,2019,3,2109
train,KVTX,2019,4,2404
train,KVTX,2019,5,2510
train,KVTX,2020,1,460
train,KVTX,2020,2,728
train,KVTX,2020,3,882
train,KVTX,2020,4,936
train,KVTX,2020,5,910
train,KVTX,2021,1,229
train,KVTX,2021,2,338
train,KVTX,2021,3,390
train,KVTX,2021,4,408
train,KVTX,2021,5,435
train,KVTX,2022,1,371
train,KVTX,2022,2,624
train,KVTX,2022,3,840
train,KVTX,2022,4,1000
train,KVTX,2022,5,1065
train,KVTX,2023,1,624
train,KVTX,2023,2,1058
train,KVTX,2023,3,1290
train,KVTX,2023,4,1348
train,KVTX,2023,5,1290
train,KVTX,2024,1,338
train,KVTX,2024,2,502
train,KVTX,2024,3,564
train,KVTX,2024,4,568
train,KVTX,2024,5,640
train,KYUX,2013,1,2774
train,KYUX,2013,2,4290
train,KYUX,2013,3,5271
train,KYUX,2013,4,5956
train,KYUX,2013,5,6520
train,KYUX,2014,1,2653
train,KYUX,2014,2,4340
train,KYUX,2014,3,5574
train,KYUX,2014,4,6596
train,KYUX,2014,5,7335
train,KYUX,2015,1,2230
train,KYUX,2015,2,3358
train,KYUX,2015,3,4032
train,KYUX,2015,4,4508
train,KYUX,2015,5,4810
train,KYUX,2016,1,2006
train,KYUX,2016,2,3020
train,KYUX,2016,3,3681
train,KYUX,2016,4,4288
train,KYUX,2016,5,4750
train,KYUX,2017,1,2749
train,KYUX,2017,2,4318
train,KYUX,2017,3,5508
train,KYUX,2017,4,6668
train,KYUX,2017,5,7665
train,KYUX,2018,1,2078
train,KYUX,2018,2,3130
train,KYUX,2018,3,3681
train,KYUX,2018,4,4216
train,KYUX,2018,5,4670
train,KYUX,2019,1,3138
train,KYUX,2019,2,5200
train,KYUX,2019,3,6771
train,KYUX,2019,4,8024
train,KYUX,2019,5,8960
train,KYUX,2020,1,2652
train,KYUX,2020,2,4162
train,KYUX,2020,3,5199
train,KYUX,2020,4,6032
train,KYUX,2020,5,6615
train,KYUX,2021,1,1806
train,KYUX,2021,2,2852
train,KYUX,2021,3,3486
train,KYUX,2021,4,4020
train,KYUX,2021,5,4425
train,KYUX,2022,1,2616
train,KYUX,2022,2,4608
train,KYUX,2022,3,6216
train,KYUX,2022,4,7588
train,KYUX,2022,5,8575
train,KYUX,2023,1,2303
train,KYUX,2023,2,3944
train,KYUX,2023,3,5121
train,KYUX,2023,4,6024
train,KYUX,2023,5,6700
train,KYUX,2024,1,1306
train,KYUX,2024,2,2202
train,KYUX,2024,3,2904
train,KYUX,2024,4,3432
train,KYUX,2024,5,3760
valid_report,KABR,2013,1,93
valid_report,KABR,2013,2,146
valid_report,KABR,2013,3,180
valid_report,KABR,2013,4,216
valid_report,KABR,2013,5,230
valid_report,KABR,2014,1,166
valid_report,KABR,2014,2,298
valid_report,KABR,2014,3,417
valid_report,KABR,2014,4,520
valid_report,KABR,2014,5,595
valid_report,KABR,2015,1,19
valid_report,KABR,2015,2,10
valid_report,KABR,2015,3,3
valid_report,KABR,2016,1,69
valid_report,KABR,2016,2,98
valid_report,KABR,2016,3,117
valid_report,KABR,2016,4,140
valid_report,KABR,2016,5,165
valid_report,KABR,2017,1,111
valid_report,KABR,2017,2,162
valid_report,KABR,2017,3,168
valid_report,KABR,2017,4,172
valid_report,KABR,2017,5,175
valid_report,KABR,2018,1,72
valid_report,KABR,2018,2,104
valid_report,KABR,2018,3,129
valid_report,KABR,2018,4,140
valid_report,KABR,2018,5,135
valid_report,KABR,2019,1,90
valid_report,KABR,2019,2,166
valid_report,KABR,2019,3,222
valid_report,KABR,2019,4,220
valid_report,KABR,2019,5,180
valid_report,KABR,2020,1,97
valid_report,KABR,2020,2,162
valid_report,KABR,2020,3,189
valid_report,KABR,2020,4,212
valid_report,KABR,2020,5,230
valid_report,KABR,2021,1,75
valid_report,KABR,2021,2,86
valid_report,KABR,2021,3,60
valid_report,KABR,2021,4,20
valid_report,KABR,2021,5,5
valid_report,KABR,2022,1,134
valid_report,KABR,2022,2,230
valid_report,KABR,2022,3,291
valid_report,KABR,2022,4,336
valid_report,KABR,2022,5,355
valid_report,KABR,2023,1,133
valid_report,KABR,2023,2,196
valid_report,KABR,2023,3,213
valid_report,KABR,2023,4,192
valid_report,KABR,2023,5,180
valid_report,KABR,2024,1,97
valid_report,KABR,2024,2,154
valid_report,KABR,2024,3,198
valid_report,KABR,2024,4,248
valid_report,KABR,2024,5,300
valid_report,KABX,2013,1,65
valid_report,KABX,2013,2,110
valid_report,KABX,2013,3,129
valid_report,KABX,2013,4,108
valid_report,KABX,2013,5,60
valid_report,KABX,2014,1,61
valid_report,KABX,2014,2,86
valid_report,KABX,2014,3,84
valid_report,KABX,2014,4,84
valid_report,KABX,2014,5,80
valid_report,KABX,2015,1,51
valid_report,KABX,2015,2,74
valid_report,KABX,2015,3,81
valid_report,KABX,2015,4,80
valid_report,KABX,2015,5,70
valid_report,KABX,2016,1,58
valid_report,KABX,2016,2,80
valid_report,KABX,2016,3,84
valid_report,KABX,2016,4,84
valid_report,KABX,2016,5,80
valid_report,KABX,2017,1,59
valid_report,KABX,2017,2,90
valid_report,KABX,2017,3,102
valid_report,KABX,2017,4,96
valid_report,KABX,2017,5,90
valid_report,KABX,2018,1,106
valid_report,KABX,2018,2,178
valid_report,KABX,2018,3,228
valid_report,KABX,2018,4,256
valid_report,KABX,2018,5,255
valid_report,KABX,2019,1,114
valid_report,KABX,2019,2,206
valid_report,KABX,2019,3,273
valid_report,KABX,2019,4,300
valid_report,KABX,2019,5,285
valid_report,KABX,2020,1,53
valid_report,KABX,2020,2,98
valid_report,KABX,2020,3,132
valid_report,KABX,2020,4,164
valid_report,KABX,2020,5,180
valid_report,KABX,2021,1,37
valid_report,KABX,2021,2,46
valid_report,KABX,2021,3,48
valid_report,KABX,2021,4,48
valid_report,KABX,2021,5,50
valid_report,KABX,2022,1,24
valid_report,KABX,2022,2,46
valid_report,KABX,2022,3,63
valid_report,KABX,2022,4,68
valid_report,KABX,2022,5,55
valid_report,KABX,2023,1,68
valid_report,KABX,2023,2,96
valid_report,KABX,2023,3,99
valid_report,KABX,2023,4,88
valid_report,KABX,2023,5,60
valid_report,KABX,2024,1,55
valid_report,KABX,2024,2,102
valid_report,KABX,2024,3,141
valid_report,KABX,2024,4,176
valid_report,KABX,2024,5,200
valid_report,KAKQ,2013,1,153
valid_report,KAKQ,2013,2,256
valid_report,KAKQ,2013,3,309
valid_report,KAKQ,2013,4,328
valid_report,KAKQ,2013,5,340
valid_report,KAKQ,2014,1,108
valid_report,KAKQ,2014,2,162
valid_report,KAKQ,2014,3,198
valid_report,KAKQ,2014,4,228
valid_report,KAKQ,2014,5,260
valid_report,KAKQ,2015,1,231
valid_report,KAKQ,2015,2,356
valid_report,KAKQ,2015,3,417
valid_report,KAKQ,2015,4,456
valid_report,KAKQ,2015,5,520
valid_report,KAKQ,2016,1,126
valid_report,KAKQ,2016,2,226
valid_report,KAKQ,2016,3,318
valid_report,KAKQ,2016,4,384
valid_report,KAKQ,2016,5,445
valid_report,KAKQ,2017,1,41
valid_report,KAKQ,2017,2,58
valid_report,KAKQ,2017,3,75
valid_report,KAKQ,2017,4,80
valid_report,KAKQ,2017,5,80
valid_report,KAKQ,2018,1,130
valid_report,KAKQ,2018,2,198
valid_report,KAKQ,2018,3,231
valid_report,KAKQ,2018,4,248
valid_report,KAKQ,2018,5,250
valid_report,KAKQ,2019,1,112
valid_report,KAKQ,2019,2,178
valid_report,KAKQ,2019,3,219
valid_report,KAKQ,2019,4,228
valid_report,KAKQ,2019,5,215
valid_report,KAKQ,2020,1,234
valid_report,KAKQ,2020,2,350
valid_report,KAKQ,2020,3,405
valid_report,KAKQ,2020,4,436
valid_report,KAKQ,2020,5,485
valid_report,KAKQ,2021,1,170
valid_report,KAKQ,2021,2,300
valid_report,KAKQ,2021,3,405
valid_report,KAKQ,2021,4,476
valid_report,KAKQ,2021,5,515
valid_report,KAKQ,2022,1,46
valid_report,KAKQ,2022,2,42
valid_report,KAKQ,2022,3,21
valid_report,KAKQ,2022,4,4
valid_report,KAKQ,2023,1,99
valid_report,KAKQ,2023,2,166
valid_report,KAKQ,2023,3,213
valid_report,KAKQ,2023,4,236
valid_report,KAKQ,2023,5,260
valid_report,KAKQ,2024,1,162
valid_report,KAKQ,2024,2,280
valid_report,KAKQ,2024,3,348
valid_report,KAKQ,2024,4,360
valid_report,KAKQ,2024,5,330
valid_report,KAMA,2013,1,91
valid_report,KAMA,2013,2,132
valid_report,KAMA,2013,3,123
valid_report,KAMA,2013,4,100
valid_report,KAMA,2013,5,70
valid_report,KAMA,2014,1,127
valid_report,KAMA,2014,2,178
valid_report,KAMA,2014,3,207
valid_report,KAMA,2014,4,240
valid_report,KAMA,2014,5,285
valid_report,KAMA,2015,1,141
valid_report,KAMA,2015,2,188
valid_report,KAMA,2015,3,165
valid_report,KAMA,2015,4,132
valid_report,KAMA,2015,5,110
valid_report,KAMA,2016,1,97
valid_report,KAMA,2016,2,160
valid_report,KAMA,2016,3,198
valid_report,KAMA,2016,4,228
valid_report,KAMA,2016,5,255
valid_report,KAMA,2017,1,101
valid_report,KAMA,2017,2,166
valid_report,KAMA,2017,3,204
valid_report,KAMA,2017,4,204
valid_report,KAMA,2017,5,180
valid_report,KAMA,2018,1,41
valid_report,KAMA,2018,2,52
valid_report,KAMA,2018,3,51
valid_report,KAMA,2018,4,48
valid_report,KAMA,2018,5,45
valid_report,KAMA,2019,1,27
valid_report,KAMA,2019,2,20
valid_report,KAMA,2019,3,12
valid_report,KAMA,2019,4,12
valid_report,KAMA,2019,5,15
valid_report,KAMA,2020,1,64
valid_report,KAMA,2020,2,88
valid_report,KAMA,2020,3,81
valid_report,KAMA,2020,4,56
valid_report,KAMA,2020,5,40
valid_report,KAMA,2021,1,171
valid_report,KAMA,2021,2,284
valid_report,KAMA,2021,3,342
valid_report,KAMA,2021,4,364
valid_report,KAMA,2021,5,380
valid_report,KAMA,2022,1,56
valid_report,KAMA,2022,2,66
valid_report,KAMA,2022,3,66
valid_report,KAMA,2022,4,76
valid_report,KAMA,2022,5,90
valid_report,KAMA,2023,1,23
valid_report,KAMA,2023,2,30
valid_report,KAMA,2023,3,27
valid_report,KAMA,2023,4,32
valid_report,KAMA,2023,5,30
valid_report,KAMA,2024,1,73
valid_report,KAMA,2024,2,112
valid_report,KAMA,2024,3,132
valid_report,KAMA,2024,4,132
valid_report,KAMA,2024,5,115
valid_report,KAMX,2013,1,89
valid_report,KAMX,2013,2,128
valid_report,KAMX,2013,3,144
valid_report,KAMX,2013,4,144
valid_report,KAMX,2013,5,120
valid_report,KAMX,2014,1,6
valid_report,KAMX,2015,1,79
valid_report,KAMX,2015,2,126
valid_report,KAMX,2015,3,147
valid_report,KAMX,2015,4,148
valid_report,KAMX,2015,5,130
valid_report,KAMX,2016,1,32
valid_report,KAMX,2016,2,44
valid_report,KAMX,2016,3,42
valid_report,KAMX,2016,4,32
valid_report,KAMX,2016,5,20
valid_report,KAMX,2017,1,53
valid_report,KAMX,2017,2,86
valid_report,KAMX,2017,3,117
valid_report,KAMX,2017,4,136
valid_report,KAMX,2017,5,150
valid_report,KAMX,2018,1,59
valid_report,KAMX,2018,2,82
valid_report,KAMX,2018,3,87
valid_report,KAMX,2018,4,80
valid_report,KAMX,2018,5,70
valid_report,KAMX,2019,1,60
valid_report,KAMX,2019,2,98
valid_report,KAMX,2019,3,117
valid_report,KAMX,2019,4,136
valid_report,KAMX,2019,5,150
valid_report,KAMX,2020,1,117
valid_report,KAMX,2020,2,188
valid_report,KAMX,2020,3,246
valid_report,KAMX,2020,4,280
valid_report,KAMX,2020,5,280
valid_report,KAMX,2021,1,8
valid_report,KAMX,2021,2,6
valid_report,KAMX,2022,1,61
valid_report,KAMX,2022,2,82
valid_report,KAMX,2022,3,93
valid_report,KAMX,2022,4,88
valid_report,KAMX,2022,5,80
valid_report,KAMX,2023,1,63
valid_report,KAMX,2023,2,76
valid_report,KAMX,2023,3,81
valid_report,KAMX,2023,4,76
valid_report,KAMX,2023,5,60
valid_report,KAMX,2024,1,93
valid_report,KAMX,2024,2,144
valid_report,KAMX,2024,3,174
valid_report,KAMX,2024,4,184
valid_report,KAMX,2024,5,170
valid_report,KAPX,2013,1,65
valid_report,KAPX,2013,2,118
valid_report,KAPX,2013,3,165
valid_report,KAPX,2013,4,196
valid_report,KAPX,2013,5,215
valid_report,KAPX,2014,1,23
valid_report,KAPX,2014,2,44
valid_report,KAPX,2014,3,57
valid_report,KAPX,2014,4,68
valid_report,KAPX,2014,5,70
valid_report,KAPX,2015,1,37
valid_report,KAPX,2015,2,52
valid_report,KAPX,2015,3,60
valid_report,KAPX,2015,4,64
valid_report,KAPX,2015,5,55
valid_report,KAPX,2016,1,78
valid_report,KAPX,2016,2,136
valid_report,KAPX,2016,3,174
valid_report,KAPX,2016,4,196
valid_report,KAPX,2016,5,220
valid_report,KAPX,2017,1,39
valid_report,KAPX,2017,2,54
valid_report,KAPX,2017,3,60
valid_report,KAPX,2017,4,56
valid_report,KAPX,2017,5,50
valid_report,KAPX,2018,1,33
valid_report,KAPX,2018,2,46
valid_report,KAPX,2018,3,45
valid_report,KAPX,2018,4,28
valid_report,KAPX,2018,5,20
valid_report,KAPX,2019,1,115
valid_report,KAPX,2019,2,190
valid_report,KAPX,2019,3,246
valid_report,KAPX,2019,4,288
valid_report,KAPX,2019,5,295
valid_report,KAPX,2020,1,85
valid_report,KAPX,2020,2,120
valid_report,KAPX,2020,3,114
valid_report,KAPX,2020,4,84
valid_report,KAPX,2020,5,70
valid_report,KAPX,2021,1,69
valid_report,KAPX,2021,2,118
valid_report,KAPX,2021,3,147
valid_report,KAPX,2021,4,152
valid_report,KAPX,2021,5,140
valid_report,KAPX,2022,1,7
valid_report,KAPX,2022,2,4
valid_report,KAPX,2023,1,94
valid_report,KAPX,2023,2,154
valid_report,KAPX,2023,3,195
valid_report,KAPX,2023,4,200
valid_report,KAPX,2023,5,165
valid_report,KAPX,2024,1,96
valid_report,KAPX,2024,2,152
valid_report,KAPX,2024,3,201
valid_report,KAPX,2024,4,240
valid_report,KAPX,2024,5,270
valid_report,KARX,2013,1,98
valid_report,KARX,2013,2,174
valid_report,KARX,2013,3,243
valid_report,KARX,2013,4,304
valid_report,KARX,2013,5,355
valid_report,KARX,2014,1,88
valid_report,KARX,2014,2,142
valid_report,KARX,2014,3,192
valid_report,KARX,2014,4,224
valid_report,KARX,2014,5,245
valid_report,KARX,2015,1,81
valid_report,KARX,2015,2,128
valid_report,KARX,2015,3,159
valid_report,KARX,2015,4,184
valid_report,KARX,2015,5,200
valid_report,KARX,2016,1,283
valid_report,KARX,2016,2,510
valid_report,KARX,2016,3,690
valid_report,KARX,2016,4,832
valid_report,KARX,2016,5,930
valid_report,KARX,2017,1,122
valid_report,KARX,2017,2,232
valid_report,KARX,2017,3,333
valid_report,KARX,2017,4,412
valid_report,KARX,2017,5,485
valid_report,KARX,2018,1,63
valid_report,KARX,2018,2,88
valid_report,KARX,2018,3,99
valid_report,KARX,2018,4,84
valid_report,KARX,2018,5,75
valid_report,KARX,2019,1,191
valid_report,KARX,2019,2,334
valid_report,KARX,2019,3,435
valid_report,KARX,2019,4,488
valid_report,KARX,2019,5,520
valid_report,KARX,2020,1,191
valid_report,KARX,2020,2,300
valid_report,KARX,2020,3,384
valid_report,KARX,2020,4,444
valid_report,KARX,2020,5,475
valid_report,KARX,2021,1,146
valid_report,KARX,2021,2,266
valid_report,KARX,2021,3,375
valid_report,KARX,2021,4,456
valid_report,KARX,2021,5,520
valid_report,KARX,2022,1,51
valid_report,KARX,2022,2,90
valid_report,KARX,2022,3,120
valid_report,KARX,2022,4,148
valid_report,KARX,2022,5,170
valid_report,KARX,2023,1,93
valid_report,KARX,2023,2,156
valid_report,KARX,2023,3,210
valid_report,KARX,2023,4,248
valid_report,KARX,2023,5,265
valid_report,KARX,2024,1,156
valid_report,KARX,2024,2,244
valid_report,KARX,2024,3,276
valid_report,KARX,2024,4,276
valid_report,KARX,2024,5,265
valid_report,KBBX,2013,1,235
valid_report,KBBX,2013,2,442
valid_report,KBBX,2013,3,618
valid_report,KBBX,2013,4,772
valid_report,KBBX,2013,5,905
valid_report,KBBX,2014,1,326
valid_report,KBBX,2014,2,610
valid_report,KBBX,2014,3,873
valid_report,KBBX,2014,4,1116
valid_report,KBBX,2014,5,1340
valid_report,KBBX,2015,1,105
valid_report,KBBX,2015,2,162
valid_report,KBBX,2015,3,192
valid_report,KBBX,2015,4,240
valid_report,KBBX,2015,5,285
valid_report,KBBX,2016,1,211
valid_report,KBBX,2016,2,378
valid_report,KBBX,2016,3,513
valid_report,KBBX,2016,4,632
valid_report,KBBX,2016,5,725
valid_report,KBBX,2017,1,278
valid_report,KBBX,2017,2,512
valid_report,KBBX,2017,3,702
valid_report,KBBX,2017,4,844
valid_report,KBBX,2017,5,960
valid_report,KBBX,2018,1,283
valid_report,KBBX,2018,2,516
valid_report,KBBX,2018,3,705
valid_report,KBBX,2018,4,872
valid_report,KBBX,2018,5,1035
valid_report,KBBX,2019,1,230
valid_report,KBBX,2019,2,434
valid_report,KBBX,2019,3,609
valid_report,KBBX,2019,4,760
valid_report,KBBX,2019,5,885
valid_report,KBBX,2020,1,274
valid_report,KBBX,2020,2,486
valid_report,KBBX,2020,3,657
valid_report,KBBX,2020,4,808
valid_report,KBBX,2020,5,940
valid_report,KBBX,2021,1,201
valid_report,KBBX,2021,2,364
valid_report,KBBX,2021,3,498
valid_report,KBBX,2021,4,620
valid_report,KBBX,2021,5,725
valid_report,KBBX,2022,1,248
valid_report,KBBX,2022,2,464
valid_report,KBBX,2022,3,642
valid_report,KBBX,2022,4,808
valid_report,KBBX,2022,5,950
valid_report,KBBX,2023,1,176
valid_report,KBBX,2023,2,334
valid_report,KBBX,2023,3,471
valid_report,KBBX,2023,4,600
valid_report,KBBX,2023,5,695
valid_report,KBBX,2024,1,172
valid_report,KBBX,2024,2,326
valid_report,KBBX,2024,3,465
valid_report,KBBX,2024,4,588
valid_report,KBBX,2024,5,690
valid_report,KBGM,2013,1,188
valid_report,KBGM,2013,2,298
valid_report,KBGM,2013,3,342
valid_report,KBGM,2013,4,360
valid_report,KBGM,2013,5,380
valid_report,KBGM,2014,1,128
valid_report,KBGM,2014,2,192
valid_report,KBGM,2014,3,225
valid_report,KBGM,2014,4,244
valid_report,KBGM,2014,5,280
valid_report,KBGM,2015,1,62
valid_report,KBGM,2015,2,102
valid_report,KBGM,2015,3,129
valid_report,KBGM,2015,4,152
valid_report,KBGM,2015,5,170
valid_report,KBGM,2016,1,69
valid_report,KBGM,2016,2,100
valid_report,KBGM,2016,3,126
valid_report,KBGM,2016,4,148
valid_report,KBGM,2016,5,155
valid_report,KBGM,2017,1,167
valid_report,KBGM,2017,2,294
valid_report,KBGM,2017,3,378
valid_report,KBGM,2017,4,444
valid_report,KBGM,2017,5,495
valid_report,KBGM,2018,1,89
valid_report,KBGM,2018,2,122
valid_report,KBGM,2018,3,108
valid_report,KBGM,2018,4,92
valid_report,KBGM,2018,5,45
valid_report,KBGM,2019,1,99
valid_report,KBGM,2019,2,134
valid_report,KBGM,2019,3,123
valid_report,KBGM,2019,4,76
valid_report,KBGM,2019,5,45
valid_report,KBGM,2020,1,83
valid_report,KBGM,2020,2,128
valid_report,KBGM,2020,3,138
valid_report,KBGM,2020,4,144
valid_report,KBGM,2020,5,155
valid_report,KBGM,2021,1,61
valid_report,KBGM,2021,2,90
valid_report,KBGM,2021,3,105
valid_report,KBGM,2021,4,96
valid_report,KBGM,2021,5,70
valid_report,KBGM,2022,1,58
valid_report,KBGM,2022,2,96
valid_report,KBGM,2022,3,117
valid_report,KBGM,2022,4,120
valid_report,KBGM,2022,5,110
valid_report,KBGM,2023,1,125
valid_report,KBGM,2023,2,228
valid_report,KBGM,2023,3,327
valid_report,KBGM,2023,4,416
valid_report,KBGM,2023,5,490
valid_report,KBGM,2024,1,133
valid_report,KBGM,2024,2,208
valid_report,KBGM,2024,3,234
valid_report,KBGM,2024,4,232
valid_report,KBGM,2024,5,225
valid_report,KBHX,2014,1,12
valid_report,KBHX,2014,2,24
valid_report,KBHX,2014,3,36
valid_report,KBHX,2014,4,48
valid_report,KBHX,2014,5,60
valid_report,KBHX,2015,1,27
valid_report,KBHX,2015,2,44
valid_report,KBHX,2015,3,51
valid_report,KBHX,2015,4,52
valid_report,KBHX,2015,5,55
valid_report,KBHX,2016,1,1
valid_report,KBHX,2017,1,34
valid_report,KBHX,2017,2,60
valid_report,KBHX,2017,3,84
valid_report,KBHX,2017,4,108
valid_report,KBHX,2017,5,130
valid_report,KBHX,2018,1,22
valid_report,KBHX,2018,2,26
valid_report,KBHX,2018,3,27
valid_report,KBHX,2018,4,32
valid_report,KBHX,2018,5,30
valid_report,KBHX,2019,1,8
valid_report,KBHX,2019,2,14
valid_report,KBHX,2019,3,18
valid_report,KBHX,2019,4,20
valid_report,KBHX,2019,5,15
valid_report,KBHX,2021,1,12
valid_report,KBHX,2021,2,18
valid_report,KBHX,2021,3,21
valid_report,KBHX,2021,4,24
valid_report,KBHX,2021,5,30
valid_report,KBHX,2022,1,5
valid_report,KBHX,2022,2,6
valid_report,KBHX,2022,3,3
valid_report,KBHX,2023,1,19
valid_report,KBHX,2023,2,22
valid_report,KBHX,2023,3,18
valid_report,KBHX,2023,4,8
valid_report,KBHX,2024,1,9
valid_report,KBHX,2024,2,16
valid_report,KBHX,2024,3,21
valid_report,KBHX,2024,4,24
valid_report,KBHX,2024,5,30
valid_report,KBIS,2013,1,103
valid_report,KBIS,2013,2,188
valid_report,KBIS,2013,3,273
valid_report,KBIS,2013,4,348
valid_report,KBIS,2013,5,400
valid_report,KBIS,2014,1,96
valid_report,KBIS,2014,2,182
valid_report,KBIS,2014,3,267
valid_report,KBIS,2014,4,336
valid_report,KBIS,2014,5,365
valid_report,KBIS,2015,1,165
valid_report,KBIS,2015,2,292
valid_report,KBIS,2015,3,393
valid_report,KBIS,2015,4,460
valid_report,KBIS,2015,5,515
valid_report,KBIS,2016,1,146
valid_report,KBIS,2016,2,226
valid_report,KBIS,2016,3,243
valid_report,KBIS,2016,4,260
valid_report,KBIS,2016,5,255
valid_report,KBIS,2017,1,55
valid_report,KBIS,2017,2,92
valid_report,KBIS,2017,3,135
valid_report,KBIS,2017,4,168
valid_report,KBIS,2017,5,190
valid_report,KBIS,2018,1,93
valid_report,KBIS,2018,2,160
valid_report,KBIS,2018,3,213
valid_report,KBIS,2018,4,244
valid_report,KBIS,2018,5,275
valid_report,KBIS,2019,1,62
valid_report,KBIS,2019,2,112
valid_report,KBIS,2019,3,165
valid_report,KBIS,2019,4,200
valid_report,KBIS,2019,5,210
valid_report,KBIS,2020,1,120
valid_report,KBIS,2020,2,180
valid_report,KBIS,2020,3,237
valid_report,KBIS,2020,4,292
valid_report,KBIS,2020,5,340
valid_report,KBIS,2021,1,145
valid_report,KBIS,2021,2,250
valid_report,KBIS,2021,3,321
valid_report,KBIS,2021,4,388
valid_report,KBIS,2021,5,415
valid_report,KBIS,2022,1,79
valid_report,KBIS,2022,2,144
valid_report,KBIS,2022,3,192
valid_report,KBIS,2022,4,216
valid_report,KBIS,2022,5,215
valid_report,KBIS,2023,1,187
valid_report,KBIS,2023,2,356
valid_report,KBIS,2023,3,507
valid_report,KBIS,2023,4,636
valid_report,KBIS,2023,5,745
valid_report,KBIS,2024,1,42
valid_report,KBIS,2024,2,72
valid_report,KBIS,2024,3,102
valid_report,KBIS,2024,4,124
valid_report,KBIS,2024,5,145
valid_report,KBOX,2013,1,30
valid_report,KBOX,2013,2,40
valid_report,KBOX,2013,3,45
valid_report,KBOX,2013,4,40
valid_report,KBOX,2013,5,30
valid_report,KBOX,2014,1,53
valid_report,KBOX,2014,2,88
valid_report,KBOX,2014,3,117
valid_report,KBOX,2014,4,136
valid_report,KBOX,2014,5,155
valid_report,KBOX,2015,1,17
valid_report,KBOX,2015,2,16
valid_report,KBOX,2015,3,12
valid_report,KBOX,2016,1,7
valid_report,KBOX,2016,2,2
valid_report,KBOX,2017,1,54
valid_report,KBOX,2017,2,76
valid_report,KBOX,2017,3,72
valid_report,KBOX,2017,4,44
valid_report,KBOX,2017,5,45
valid_report,KBOX,2018,1,23
valid_report,KBOX,2018,2,16
valid_report,KBOX,2018,3,9
valid_report,KBOX,2018,4,4
valid_report,KBOX,2019,1,40
valid_report,KBOX,2019,2,54
valid_report,KBOX,2019,3,57
valid_report,KBOX,2019,4,60
valid_report,KBOX,2019,5,65
valid_report,KBOX,2020,1,79
valid_report,KBOX,2020,2,116
valid_report,KBOX,2020,3,144
valid_report,KBOX,2020,4,156
valid_report,KBOX,2020,5,170
valid_report,KBOX,2021,1,54
valid_report,KBOX,2021,2,66
valid_report,KBOX,2021,3,60
valid_report,KBOX,2021,4,44
valid_report,KBOX,2021,5,30
valid_report,KBOX,2022,1,48
valid_report,KBOX,2022,2,78
valid_report,KBOX,2022,3,99
valid_report,KBOX,2022,4,124
valid_report,KBOX,2022,5,150
valid_report,KBOX,2023,1,47
valid_report,KBOX,2023,2,48
valid_report,KBOX,2023,3,30
valid_report,KBOX,2023,4,12
valid_report,KBOX,2023,5,5
valid_report,KBOX,2024,1,63
valid_report,KBOX,2024,2,92
valid_report,KBOX,2024,3,114
valid_report,KBOX,2024,4,136
valid_report,KBOX,2024,5,150
valid_report,KBUF,2013,1,107
valid_report,KBUF,2013,2,180
valid_report,KBUF,2013,3,228
valid_report,KBUF,2013,4,244
valid_report,KBUF,2013,5,255
valid_report,KBUF,2014,1,72
valid_report,KBUF,2014,2,102
valid_report,KBUF,2014,3,117
valid_report,KBUF,2014,4,108
valid_report,KBUF,2014,5,85
valid_report,KBUF,2015,1,45
valid_report,KBUF,2015,2,76
valid_report,KBUF,2015,3,93
valid_report,KBUF,2015,4,100
valid_report,KBUF,2015,5,100
valid_report,KBUF,2016,1,133
valid_report,KBUF,2016,2,230
valid_report,KBUF,2016,3,297
valid_report,KBUF,2016,4,332
valid_report,KBUF,2016,5,335
valid_report,KBUF,2017,1,39
valid_report,KBUF,2017,2,68
valid_report,KBUF,2017,3,93
valid_report,KBUF,2017,4,116
valid_report,KBUF,2017,5,135
valid_report,KBUF,2018,1,40
valid_report,KBUF,2018,2,60
valid_report,KBUF,2018,3,75
valid_report,KBUF,2018,4,68
valid_report,KBUF,2018,5,55
valid_report,KBUF,2019,1,15
valid_report,KBUF,2019,2,28
valid_report,KBUF,2019,3,36
valid_report,KBUF,2019,4,36
valid_report,KBUF,2019,5,35
valid_report,KBUF,2020,1,70
valid_report,KBUF,2020,2,130
valid_report,KBUF,2020,3,183
valid_report,KBUF,2020,4,228
valid_report,KBUF,2020,5,240
valid_report,KBUF,2021,1,25
valid_report,KBUF,2021,2,26
valid_report,KBUF,2021,3,33
valid_report,KBUF,2021,4,32
valid_report,KBUF,2021,5,20
valid_report,KBUF,2022,1,101
valid_report,KBUF,2022,2,174
valid_report,KBUF,2022,3,204
valid_report,KBUF,2022,4,208
valid_report,KBUF,2022,5,180
valid_report,KBUF,2023,1,42
valid_report,KBUF,2023,2,72
valid_report,KBUF,2023,3,93
valid_report,KBUF,2023,4,112
valid_report,KBUF,2023,5,135
valid_report,KBUF,2024,1,111
valid_report,KBUF,2024,2,186
valid_report,KBUF,2024,3,228
valid_report,KBUF,2024,4,244
valid_report,KBUF,2024,5,230
valid_report,KBYX,2013,1,45
valid_report,KBYX,2013,2,74
valid_report,KBYX,2013,3,93
valid_report,KBYX,2013,4,108
valid_report,KBYX,2013,5,125
valid_report,KBYX,2014,1,71
valid_report,KBYX,2014,2,110
valid_report,KBYX,2014,3,117
valid_report,KBYX,2014,4,96
valid_report,KBYX,2014,5,75
valid_report,KBYX,2015,1,40
valid_report,KBYX,2015,2,50
valid_report,KBYX,2015,3,42
valid_report,KBYX,2015,4,20
valid_report,KBYX,2015,5,5
valid_report,KBYX,2016,1,5
valid_report,KBYX,2016,2,6
valid_report,KBYX,2016,3,3
valid_report,KBYX,2017,1,21
valid_report,KBYX,2017,2,16
valid_report,KBYX,2017,3,9
valid_report,KBYX,2017,4,8
valid_report,KBYX,2017,5,5
valid_report,KBYX,2018,1,13
valid_report,KBYX,2018,2,20
valid_report,KBYX,2018,3,27
valid_report,KBYX,2018,4,36
valid_report,KBYX,2018,5,40
valid_report,KBYX,2019,1,4
valid_report,KBYX,2019,2,6
valid_report,KBYX,2019,3,9
valid_report,KBYX,2019,4,12
valid_report,KBYX,2019,5,15
valid_report,KBYX,2021,1,5
valid_report,KBYX,2021,2,6
valid_report,KBYX,2021,3,3
valid_report,KBYX,2022,1,28
valid_report,KBYX,2022,2,46
valid_report,KBYX,2022,3,57
valid_report,KBYX,2022,4,56
valid_report,KBYX,2022,5,40
valid_report,KBYX,2023,1,16
valid_report,KBYX,2023,2,12
valid_report,KCAE,2013,1,246
valid_report,KCAE,2013,2,460
valid_report,KCAE,2013,3,651
valid_report,KCAE,2013,4,820
valid_report,KCAE,2013,5,965
valid_report,KCAE,2014,1,149
valid_report,KCAE,2014,2,222
valid_report,KCAE,2014,3,252
valid_report,KCAE,2014,4,276
valid_report,KCAE,2014,5,295
valid_report,KCAE,2015,1,243
valid_report,KCAE,2015,2,430
valid_report,KCAE,2015,3,555
valid_report,KCAE,2015,4,636
valid_report,KCAE,2015,5,690
valid_report,KCAE,2016,1,206
valid_report,KCAE,2016,2,366
valid_report,KCAE,2016,3,513
valid_report,KCAE,2016,4,640
valid_report,KCAE,2016,5,735
valid_report,KCAE,2017,1,252
valid_report,KCAE,2017,2,428
valid_report,KCAE,2017,3,567
valid_report,KCAE,2017,4,652
valid_report,KCAE,2017,5,690
valid_report,KCAE,2018,1,198
valid_report,KCAE,2018,2,338
valid_report,KCAE,2018,3,420
valid_report,KCAE,2018,4,468
valid_report,KCAE,2018,5,485
valid_report,KCAE,2019,1,392
valid_report,KCAE,2019,2,682
valid_report,KCAE,2019,3,870
valid_report,KCAE,2019,4,960
valid_report,KCAE,2019,5,995
valid_report,KCAE,2020,1,108
valid_report,KCAE,2020,2,182
valid_report,KCAE,2020,3,249
valid_report,KCAE,2020,4,304
valid_report,KCAE,2020,5,330
valid_report,KCAE,2021,1,174
valid_report,KCAE,2021,2,322
valid_report,KCAE,2021,3,444
valid_report,KCAE,2021,4,524
valid_report,KCAE,2021,5,570
valid_report,KCAE,2022,1,156
valid_report,KCAE,2022,2,258
valid_report,KCAE,2022,3,315
valid_report,KCAE,2022,4,340
valid_report,KCAE,2022,5,365
valid_report,KCAE,2023,1,199
valid_report,KCAE,2023,2,330
valid_report,KCAE,2023,3,417
valid_report,KCAE,2023,4,468
valid_report,KCAE,2023,5,470
valid_report,KCAE,2024,1,235
valid_report,KCAE,2024,2,412
valid_report,KCAE,2024,3,534
valid_report,KCAE,2024,4,624
valid_report,KCAE,2024,5,675
valid_report,KCBW,2013,1,85
valid_report,KCBW,2013,2,94
valid_report,KCBW,2013,3,75
valid_report,KCBW,2013,4,48
valid_report,KCBW,2013,5,35
valid_report,KCBW,2014,1,64
valid_report,KCBW,2014,2,102
valid_report,KCBW,2014,3,117
valid_report,KCBW,2014,4,112
valid_report,KCBW,2014,5,90
valid_report,KCBW,2015,1,63
valid_report,KCBW,2015,2,92
valid_report,KCBW,2015,3,99
valid_report,KCBW,2015,4,108
valid_report,KCBW,2015,5,105
valid_report,KCBW,2016,1,37
valid_report,KCBW,2016,2,52
valid_report,KCBW,2016,3,54
valid_report,KCBW,2016,4,56
valid_report,KCBW,2016,5,65
valid_report,KCBW,2017,1,38
valid_report,KCBW,2017,2,56
valid_report,KCBW,2017,3,63
valid_report,KCBW,2017,4,64
valid_report,KCBW,2017,5,55
valid_report,KCBW,2018,1,19
valid_report,KCBW,2018,2,10
valid_report,KCBW,2018,3,6
valid_report,KCBW,2019,1,124
valid_report,KCBW,2019,2,196
valid_report,KCBW,2019,3,234
valid_report,KCBW,2019,4,256
valid_report,KCBW,2019,5,295
valid_report,KCBW,2020,1,40
valid_report,KCBW,2020,2,46
valid_report,KCBW,2020,3,42
valid_report,KCBW,2020,4,32
valid_report,KCBW,2020,5,15
valid_report,KCBW,2021,1,61
valid_report,KCBW,2021,2,92
valid_report,KCBW,2021,3,105
valid_report,KCBW,2021,4,116
valid_report,KCBW,2021,5,115
valid_report,KCBW,2022,1,90
valid_report,KCBW,2022,2,124
valid_report,KCBW,2022,3,123
valid_report,KCBW,2022,4,112
valid_report,KCBW,2022,5,130
valid_report,KCBW,2023,1,75
valid_report,KCBW,2023,2,116
valid_report,KCBW,2023,3,120
valid_report,KCBW,2023,4,124
valid_report,KCBW,2023,5,120
valid_report,KCBW,2024,1,100
valid_report,KCBW,2024,2,132
valid_report,KCBW,2024,3,126
valid_report,KCBW,2024,4,116
valid_report,KCBW,2024,5,135
valid_report,KCBX,2013,1,28
valid_report,KCBX,2013,2,38
valid_report,KCBX,2013,3,39
valid_report,KCBX,2013,4,44
valid_report,KCBX,2013,5,50
valid_report,KCBX,2014,1,98
valid_report,KCBX,2014,2,168
valid_report,KCBX,2014,3,207
valid_report,KCBX,2014,4,224
valid_report,KCBX,2014,5,225
valid_report,KCBX,2015,1,58
valid_report,KCBX,2015,2,98
valid_report,KCBX,2015,3,120
valid_report,KCBX,2015,4,128
valid_report,KCBX,2015,5,125
valid_report,KCBX,2016,1,83
valid_report,KCBX,2016,2,158
valid_report,KCBX,2016,3,219
valid_report,KCBX,2016,4,272
valid_report,KCBX,2016,5,310
valid_report,KCBX,2017,1,84
valid_report,KCBX,2017,2,152
valid_report,KCBX,2017,3,213
valid_report,KCBX,2017,4,272
valid_report,KCBX,2017,5,325
valid_report,KCBX,2018,1,111
valid_report,KCBX,2018,2,200
valid_report,KCBX,2018,3,279
valid_report,KCBX,2018,4,348
valid_report,KCBX,2018,5,410
valid_report,KCBX,2019,1,129
valid_report,KCBX,2019,2,234
valid_report,KCBX,2019,3,318
valid_report,KCBX,2019,4,372
valid_report,KCBX,2019,5,405
valid_report,KCBX,2020,1,226
valid_report,KCBX,2020,2,408
valid_report,KCBX,2020,3,561
valid_report,KCBX,2020,4,692
valid_report,KCBX,2020,5,805
valid_report,KCBX,2021,1,119
valid_report,KCBX,2021,2,210
valid_report,KCBX,2021,3,282
valid_report,KCBX,2021,4,328
valid_report,KCBX,2021,5,345
valid_report,KCBX,2022,1,43
valid_report,KCBX,2022,2,74
valid_report,KCBX,2022,3,99
valid_report,KCBX,2022,4,120
valid_report,KCBX,2022,5,135
valid_report,KCBX,2023,1,81
valid_report,KCBX,2023,2,140
valid_report,KCBX,2023,3,183
valid_report,KCBX,2023,4,220
valid_report,KCBX,2023,5,245
valid_report,KCBX,2024,1,174
valid_report,KCBX,2024,2,322
valid_report,KCBX,2024,3,441
valid_report,KCBX,2024,4,544
valid_report,KCBX,2024,5,630
valid_report,KCCX,2013,1,105
valid_report,KCCX,2013,2,184
valid_report,KCCX,2013,3,249
valid_report,KCCX,2013,4,288
valid_report,KCCX,2013,5,305
valid_report,KCCX,2014,1,132
valid_report,KCCX,2014,2,224
valid_report,KCCX,2014,3,282
valid_report,KCCX,2014,4,292
valid_report,KCCX,2014,5,280
valid_report,KCCX,2015,1,5
valid_report,KCCX,2015,2,4
valid_report,KCCX,2015,3,3
valid_report,KCCX,2016,1,30
valid_report,KCCX,2016,2,46
valid_report,KCCX,2016,3,45
valid_report,KCCX,2016,4,40
valid_report,KCCX,2016,5,30
valid_report,KCCX,2017,1,94
valid_report,KCCX,2017,2,162
valid_report,KCCX,2017,3,201
valid_report,KCCX,2017,4,204
valid_report,KCCX,2017,5,180
valid_report,KCCX,2018,1,149
valid_report,KCCX,2018,2,246
valid_report,KCCX,2018,3,306
valid_report,KCCX,2018,4,336
valid_report,KCCX,2018,5,350
valid_report,KCCX,2019,1,146
valid_report,KCCX,2019,2,240
valid_report,KCCX,2019,3,276
valid_report,KCCX,2019,4,272
valid_report,KCCX,2019,5,280
valid_report,KCCX,2020,1,98
valid_report,KCCX,2020,2,156
valid_report,KCCX,2020,3,174
valid_report,KCCX,2020,4,172
valid_report,KCCX,2020,5,135
valid_report,KCCX,2021,1,119
valid_report,KCCX,2021,2,200
valid_report,KCCX,2021,3,249
valid_report,KCCX,2021,4,256
valid_report,KCCX,2021,5,260
valid_report,KCCX,2022,1,25
valid_report,KCCX,2022,2,44
valid_report,KCCX,2022,3,54
valid_report,KCCX,2022,4,64
valid_report,KCCX,2022,5,65
valid_report,KCCX,2023,1,115
valid_report,KCCX,2023,2,212
valid_report,KCCX,2023,3,294
valid_report,KCCX,2023,4,352
valid_report,KCCX,2023,5,410
valid_report,KCCX,2024,1,228
valid_report,KCCX,2024,2,418
valid_report,KCCX,2024,3,570
valid_report,KCCX,2024,4,692
valid_report,KCCX,2024,5,755
valid_report,KCLE,2013,1,62
valid_report,KCLE,2013,2,86
valid_report,KCLE,2013,3,102
valid_report,KCLE,2013,4,124
valid_report,KCLE,2013,5,125
valid_report,KCLE,2014,1,30
valid_report,KCLE,2014,2,48
valid_report,KCLE,2014,3,63
valid_report,KCLE,2014,4,68
valid_report,KCLE,2014,5,55
valid_report,KCLE,2015,1,140
valid_report,KCLE,2015,2,206
valid_report,KCLE,2015,3,240
valid_report,KCLE,2015,4,244
valid_report,KCLE,2015,5,215
valid_report,KCLE,2016,1,175
valid_report,KCLE,2016,2,316
valid_report,KCLE,2016,3,423
valid_report,KCLE,2016,4,476
valid_report,KCLE,2016,5,460
valid_report,KCLE,2017,1,145
valid_report,KCLE,2017,2,274
valid_report,KCLE,2017,3,387
valid_report,KCLE,2017,4,488
valid_report,KCLE,2017,5,575
valid_report,KCLE,2018,1,95
valid_report,KCLE,2018,2,154
valid_report,KCLE,2018,3,168
valid_report,KCLE,2018,4,140
valid_report,KCLE,2018,5,90
valid_report,KCLE,2019,1,54
valid_report,KCLE,2019,2,102
valid_report,KCLE,2019,3,147
valid_report,KCLE,2019,4,192
valid_report,KCLE,2019,5,240
valid_report,KCLE,2020,1,49
valid_report,KCLE,2020,2,94
valid_report,KCLE,2020,3,129
valid_report,KCLE,2020,4,148
valid_report,KCLE,2020,5,145
valid_report,KCLE,2021,1,13
valid_report,KCLE,2021,2,14
valid_report,KCLE,2021,3,12
valid_report,KCLE,2021,4,8
valid_report,KCLE,2022,1,13
valid_report,KCLE,2022,2,10
valid_report,KCLE,2023,1,42
valid_report,KCLE,2023,2,62
valid_report,KCLE,2023,3,54
valid_report,KCLE,2023,4,40
valid_report,KCLE,2023,5,30
valid_report,KCLE,2024,1,102
valid_report,KCLE,2024,2,170
valid_report,KCLE,2024,3,222
valid_report,KCLE,2024,4,244
valid_report,KCLE,2024,5,240
valid_report,KCLX,2013,1,160
valid_report,KCLX,2013,2,280
valid_report,KCLX,2013,3,387
valid_report,KCLX,2013,4,472
valid_report,KCLX,2013,5,555
valid_report,KCLX,2014,1,125
valid_report,KCLX,2014,2,216
valid_report,KCLX,2014,3,300
valid_report,KCLX,2014,4,360
valid_report,KCLX,2014,5,390
valid_report,KCLX,2015,1,89
valid_report,KCLX,2015,2,132
valid_report,KCLX,2015,3,135
valid_report,KCLX,2015,4,120
valid_report,KCLX,2015,5,85
valid_report,KCLX,2016,1,86
valid_report,KCLX,2016,2,122
valid_report,KCLX,2016,3,141
valid_report,KCLX,2016,4,164
valid_report,KCLX,2016,5,170
valid_report,KCLX,2017,1,146
valid_report,KCLX,2017,2,260
valid_report,KCLX,2017,3,360
valid_report,KCLX,2017,4,444
valid_report,KCLX,2017,5,520
valid_report,KCLX,2018,1,188
valid_report,KCLX,2018,2,300
valid_report,KCLX,2018,3,357
valid_report,KCLX,2018,4,388
valid_report,KCLX,2018,5,410
valid_report,KCLX,2019,1,99
valid_report,KCLX,2019,2,164
valid_report,KCLX,2019,3,216
valid_report,KCLX,2019,4,252
valid_report,KCLX,2019,5,275
valid_report,KCLX,2020,1,92
valid_report,KCLX,2020,2,106
valid_report,KCLX,2020,3,93
valid_report,KCLX,2020,4,60
valid_report,KCLX,2020,5,40
valid_report,KCLX,2021,1,222
valid_report,KCLX,2021,2,314
valid_report,KCLX,2021,3,360
valid_report,KCLX,2021,4,384
valid_report,KCLX,2021,5,410
valid_report,KCLX,2022,1,69
valid_report,KCLX,2022,2,112
valid_report,KCLX,2022,3,132
valid_report,KCLX,2022,4,132
valid_report,KCLX,2022,5,120
valid_report,KCLX,2023,1,115
valid_report,KCLX,2023,2,160
valid_report,KCLX,2023,3,147
valid_report,KCLX,2023,4,132
valid_report,KCLX,2023,5,120
valid_report,KCLX,2024,1,108
valid_report,KCLX,2024,2,174
valid_report,KCLX,2024,3,213
valid_report,KCLX,2024,4,228
valid_report,KCLX,2024,5,220
valid_report,KCRP,2013,1,208
valid_report,KCRP,2013,2,364
valid_report,KCRP,2013,3,489
valid_report,KCRP,2013,4,608
valid_report,KCRP,2013,5,710
valid_report,KCRP,2014,1,290
valid_report,KCRP,2014,2,506
valid_report,KCRP,2014,3,678
valid_report,KCRP,2014,4,792
valid_report,KCRP,2014,5,895
valid_report,KCRP,2015,1,185
valid_report,KCRP,2015,2,330
valid_report,KCRP,2015,3,459
valid_report,KCRP,2015,4,580
valid_report,KCRP,2015,5,685
valid_report,KCRP,2016,1,229
valid_report,KCRP,2016,2,394
valid_report,KCRP,2016,3,531
valid_report,KCRP,2016,4,640
valid_report,KCRP,2016,5,720
valid_report,KCRP,2017,1,250
valid_report,KCRP,2017,2,468
valid_report,KCRP,2017,3,666
valid_report,KCRP,2017,4,832
valid_report,KCRP,2017,5,970
valid_report,KCRP,2018,1,215
valid_report,KCRP,2018,2,396
valid_report,KCRP,2018,3,555
valid_report,KCRP,2018,4,708
valid_report,KCRP,2018,5,865
valid_report,KCRP,2019,1,258
valid_report,KCRP,2019,2,424
valid_report,KCRP,2019,3,540
valid_report,KCRP,2019,4,652
valid_report,KCRP,2019,5,755
valid_report,KCRP,2020,1,257
valid_report,KCRP,2020,2,434
valid_report,KCRP,2020,3,594
valid_report,KCRP,2020,4,724
valid_report,KCRP,2020,5,840
valid_report,KCRP,2021,1,448
valid_report,KCRP,2021,2,776
valid_report,KCRP,2021,3,1029
valid_report,KCRP,2021,4,1284
valid_report,KCRP,2021,5,1545
valid_report,KCRP,2022,1,344
valid_report,KCRP,2022,2,620
valid_report,KCRP,2022,3,843
valid_report,KCRP,2022,4,1060
valid_report,KCRP,2022,5,1305
valid_report,KCRP,2023,1,309
valid_report,KCRP,2023,2,534
valid_report,KCRP,2023,3,693
valid_report,KCRP,2023,4,832
valid_report,KCRP,2023,5,965
valid_report,KCRP,2024,1,185
valid_report,KCRP,2024,2,340
valid_report,KCRP,2024,3,486
valid_report,KCRP,2024,4,628
valid_report,KCRP,2024,5,765
valid_report,KCXX,2013,1,35
valid_report,KCXX,2013,2,60
valid_report,KCXX,2013,3,78
valid_report,KCXX,2013,4,88
valid_report,KCXX,2013,5,90
valid_report,KCXX,2014,1,51
valid_report,KCXX,2014,2,90
valid_report,KCXX,2014,3,114
valid_report,KCXX,2014,4,116
valid_report,KCXX,2014,5,105
valid_report,KCXX,2015,1,124
valid_report,KCXX,2015,2,214
valid_report,KCXX,2015,3,258
valid_report,KCXX,2015,4,284
valid_report,KCXX,2015,5,280
valid_report,KCXX,2016,1,86
valid_report,KCXX,2016,2,150
valid_report,KCXX,2016,3,195
valid_report,KCXX,2016,4,228
valid_report,KCXX,2016,5,260
valid_report,KCXX,2017,1,111
valid_report,KCXX,2017,2,194
valid_report,KCXX,2017,3,246
valid_report,KCXX,2017,4,264
valid_report,KCXX,2017,5,250
valid_report,KCXX,2018,1,59
valid_report,KCXX,2018,2,104
valid_report,KCXX,2018,3,126
valid_report,KCXX,2018,4,124
valid_report,KCXX,2018,5,100
valid_report,KCXX,2019,1,75
valid_report,KCXX,2019,2,114
valid_report,KCXX,2019,3,120
valid_report,KCXX,2019,4,108
valid_report,KCXX,2019,5,100
valid_report,KCXX,2020,1,129
valid_report,KCXX,2020,2,214
valid_report,KCXX,2020,3,267
valid_report,KCXX,2020,4,324
valid_report,KCXX,2020,5,365
valid_report,KCXX,2021,1,122
valid_report,KCXX,2021,2,226
valid_report,KCXX,2021,3,306
valid_report,KCXX,2021,4,340
valid_report,KCXX,2021,5,310
valid_report,KCXX,2022,1,77
valid_report,KCXX,2022,2,146
valid_report,KCXX,2022,3,207
valid_report,KCXX,2022,4,264
valid_report,KCXX,2022,5,310
valid_report,KCXX,2023,1,76
valid_report,KCXX,2023,2,136
valid_report,KCXX,2023,3,180
valid_report,KCXX,2023,4,232
valid_report,KCXX,2023,5,275
valid_report,KCXX,2024,1,13
valid_report,KCXX,2024,2,22
valid_report,KCXX,2024,3,30
valid_report,KCXX,2024,4,28
valid_report,KCXX,2024,5,20
valid_report,KCYS,2013,1,37
valid_report,KCYS,2013,2,58
valid_report,KCYS,2013,3,63
valid_report,KCYS,2013,4,60
valid_report,KCYS,2013,5,50
valid_report,KCYS,2014,1,22
valid_report,KCYS,2014,2,30
valid_report,KCYS,2014,3,33
valid_report,KCYS,2014,4,36
valid_report,KCYS,2014,5,35
valid_report,KCYS,2015,1,109
valid_report,KCYS,2015,2,176
valid_report,KCYS,2015,3,213
valid_report,KCYS,2015,4,232
valid_report,KCYS,2015,5,250
valid_report,KCYS,2016,1,79
valid_report,KCYS,2016,2,134
valid_report,KCYS,2016,3,171
valid_report,KCYS,2016,4,164
valid_report,KCYS,2016,5,140
valid_report,KCYS,2017,1,28
valid_report,KCYS,2017,2,40
valid_report,KCYS,2017,3,42
valid_report,KCYS,2017,4,44
valid_report,KCYS,2017,5,40
valid_report,KCYS,2019,1,23
valid_report,KCYS,2019,2,40
valid_report,KCYS,2019,3,51
valid_report,KCYS,2019,4,56
valid_report,KCYS,2019,5,50
valid_report,KCYS,2020,1,43
valid_report,KCYS,2020,2,66
valid_report,KCYS,2020,3,81
valid_report,KCYS,2020,4,80
valid_report,KCYS,2020,5,75
valid_report,KCYS,2021,1,45
valid_report,KCYS,2021,2,68
valid_report,KCYS,2021,3,66
valid_report,KCYS,2021,4,52
valid_report,KCYS,2021,5,40
valid_report,KCYS,2022,1,84
valid_report,KCYS,2022,2,140
valid_report,KCYS,2022,3,153
valid_report,KCYS,2022,4,156
valid_report,KCYS,2022,5,125
valid_report,KCYS,2023,1,137
valid_report,KCYS,2023,2,224
valid_report,KCYS,2023,3,267
valid_report,KCYS,2023,4,268
valid_report,KCYS,2023,5,245
valid_report,KCYS,2024,1,93
valid_report,KCYS,2024,2,144
valid_report,KCYS,2024,3,156
valid_report,KCYS,2024,4,132
valid_report,KCYS,2024,5,95
valid_report,KDAX,2013,1,121
valid_report,KDAX,2013,2,192
valid_report,KDAX,2013,3,225
valid_report,KDAX,2013,4,228
valid_report,KDAX,2013,5,215
valid_report,KDAX,2014,1,168
valid_report,KDAX,2014,2,224
valid_report,KDAX,2014,3,249
valid_report,KDAX,2014,4,268
valid_report,KDAX,2014,5,310
valid_report,KDAX,2015,1,134
valid_report,KDAX,2015,2,218
valid_report,KDAX,2015,3,294
valid_report,KDAX,2015,4,352
valid_report,KDAX,2015,5,420
valid_report,KDAX,2016,1,198
valid_report,KDAX,2016,2,316
valid_report,KDAX,2016,3,414
valid_report,KDAX,2016,4,480
valid_report,KDAX,2016,5,550
valid_report,KDAX,2017,1,227
valid_report,KDAX,2017,2,378
valid_report,KDAX,2017,3,495
valid_report,KDAX,2017,4,600
valid_report,KDAX,2017,5,695
valid_report,KDAX,2018,1,184
valid_report,KDAX,2018,2,282
valid_report,KDAX,2018,3,333
valid_report,KDAX,2018,4,364
valid_report,KDAX,2018,5,430
valid_report,KDAX,2019,1,238
valid_report,KDAX,2019,2,384
valid_report,KDAX,2019,3,501
valid_report,KDAX,2019,4,592
valid_report,KDAX,2019,5,655
valid_report,KDAX,2020,1,111
valid_report,KDAX,2020,2,176
valid_report,KDAX,2020,3,237
valid_report,KDAX,2020,4,284
valid_report,KDAX,2020,5,315
valid_report,KDAX,2021,1,102
valid_report,KDAX,2021,2,170
valid_report,KDAX,2021,3,210
valid_report,KDAX,2021,4,224
valid_report,KDAX,2021,5,225
valid_report,KDAX,2022,1,213
valid_report,KDAX,2022,2,382
valid_report,KDAX,2022,3,516
valid_report,KDAX,2022,4,640
valid_report,KDAX,2022,5,760
valid_report,KDAX,2023,1,185
valid_report,KDAX,2023,2,320
valid_report,KDAX,2023,3,411
valid_report,KDAX,2023,4,476
valid_report,KDAX,2023,5,525
valid_report,KDAX,2024,1,112
valid_report,KDAX,2024,2,170
valid_report,KDAX,2024,3,204
valid_report,KDAX,2024,4,220
valid_report,KDAX,2024,5,245
valid_report,KDDC,2013,1,46
valid_report,KDDC,2013,2,44
valid_report,KDDC,2013,3,39
valid_report,KDDC,2013,4,36
valid_report,KDDC,2013,5,45
valid_report,KDDC,2014,1,77
valid_report,KDDC,2014,2,122
valid_report,KDDC,2014,3,159
valid_report,KDDC,2014,4,180
valid_report,KDDC,2014,5,190
valid_report,KDDC,2015,1,112
valid_report,KDDC,2015,2,162
valid_report,KDDC,2015,3,165
valid_report,KDDC,2015,4,156
valid_report,KDDC,2015,5,160
valid_report,KDDC,2016,1,159
valid_report,KDDC,2016,2,256
valid_report,KDDC,2016,3,321
valid_report,KDDC,2016,4,392
valid_report,KDDC,2016,5,455
valid_report,KDDC,2017,1,19
valid_report,KDDC,2017,2,24
valid_report,KDDC,2017,3,15
valid_report,KDDC,2017,4,4
valid_report,KDDC,2018,1,180
valid_report,KDDC,2018,2,280
valid_report,KDDC,2018,3,321
valid_report,KDDC,2018,4,344
valid_report,KDDC,2018,5,370
valid_report,KDDC,2019,1,145
valid_report,KDDC,2019,2,196
valid_report,KDDC,2019,3,168
valid_report,KDDC,2019,4,120
valid_report,KDDC,2019,5,95
valid_report,KDDC,2020,1,153
valid_report,KDDC,2020,2,258
valid_report,KDDC,2020,3,336
valid_report,KDDC,2020,4,396
valid_report,KDDC,2020,5,445
valid_report,KDDC,2021,1,95
valid_report,KDDC,2021,2,168
valid_report,KDDC,2021,3,225
valid_report,KDDC,2021,4,276
valid_report,KDDC,2021,5,315
valid_report,KDDC,2022,1,146
valid_report,KDDC,2022,2,208
valid_report,KDDC,2022,3,240
valid_report,KDDC,2022,4,272
valid_report,KDDC,2022,5,305
valid_report,KDDC,2023,1,75
valid_report,KDDC,2023,2,72
valid_report,KDDC,2023,3,57
valid_report,KDDC,2023,4,32
valid_report,KDDC,2023,5,30
valid_report,KDDC,2024,1,150
valid_report,KDDC,2024,2,210
valid_report,KDDC,2024,3,225
valid_report,KDDC,2024,4,228
valid_report,KDDC,2024,5,220
valid_report,KDFX,2013,1,159
valid_report,KDFX,2013,2,274
valid_report,KDFX,2013,3,369
valid_report,KDFX,2013,4,452
valid_report,KDFX,2013,5,520
valid_report,KDFX,2014,1,109
valid_report,KDFX,2014,2,192
valid_report,KDFX,2014,3,264
valid_report,KDFX,2014,4,336
valid_report,KDFX,2014,5,410
valid_report,KDFX,2015,1,219
valid_report,KDFX,2015,2,398
valid_report,KDFX,2015,3,567
valid_report,KDFX,2015,4,716
valid_report,KDFX,2015,5,850
valid_report,KDFX,2016,1,205
valid_report,KDFX,2016,2,334
valid_report,KDFX,2016,3,447
valid_report,KDFX,2016,4,548
valid_report,KDFX,2016,5,645
valid_report,KDFX,2017,1,198
valid_report,KDFX,2017,2,358
valid_report,KDFX,2017,3,489
valid_report,KDFX,2017,4,600
valid_report,KDFX,2017,5,700
valid_report,KDFX,2018,1,279
valid_report,KDFX,2018,2,508
valid_report,KDFX,2018,3,717
valid_report,KDFX,2018,4,908
valid_report,KDFX,2018,5,1070
valid_report,KDFX,2019,1,243
valid_report,KDFX,2019,2,438
valid_report,KDFX,2019,3,585
valid_report,KDFX,2019,4,704
valid_report,KDFX,2019,5,795
valid_report,KDFX,2020,1,334
valid_report,KDFX,2020,2,624
valid_report,KDFX,2020,3,885
valid_report,KDFX,2020,4,1108
valid_report,KDFX,2020,5,1300
valid_report,KDFX,2021,1,94
valid_report,KDFX,2021,2,172
valid_report,KDFX,2021,3,231
valid_report,KDFX,2021,4,268
valid_report,KDFX,2021,5,295
valid_report,KDFX,2022,1,115
valid_report,KDFX,2022,2,192
valid_report,KDFX,2022,3,252
valid_report,KDFX,2022,4,288
valid_report,KDFX,2022,5,320
valid_report,KDFX,2023,1,148
valid_report,KDFX,2023,2,258
valid_report,KDFX,2023,3,348
valid_report,KDFX,2023,4,424
valid_report,KDFX,2023,5,495
valid_report,KDFX,2024,1,82
valid_report,KDFX,2024,2,156
valid_report,KDFX,2024,3,222
valid_report,KDFX,2024,4,272
valid_report,KDFX,2024,5,305
valid_report,KDGX,2013,1,263
valid_report,KDGX,2013,2,438
valid_report,KDGX,2013,3,591
valid_report,KDGX,2013,4,720
valid_report,KDGX,2013,5,825
valid_report,KDGX,2014,1,197
valid_report,KDGX,2014,2,346
valid_report,KDGX,2014,3,465
valid_report,KDGX,2014,4,568
valid_report,KDGX,2014,5,650
valid_report,KDGX,2015,1,101
valid_report,KDGX,2015,2,164
valid_report,KDGX,2015,3,201
valid_report,KDGX,2015,4,204
valid_report,KDGX,2015,5,205
valid_report,KDGX,2016,1,245
valid_report,KDGX,2016,2,420
valid_report,KDGX,2016,3,531
valid_report,KDGX,2016,4,604
valid_report,KDGX,2016,5,640
valid_report,KDGX,2017,1,263
valid_report,KDGX,2017,2,444
valid_report,KDGX,2017,3,558
valid_report,KDGX,2017,4,664
valid_report,KDGX,2017,5,730
valid_report,KDGX,2018,1,83
valid_report,KDGX,2018,2,140
valid_report,KDGX,2018,3,186
valid_report,KDGX,2018,4,220
valid_report,KDGX,2018,5,260
valid_report,KDGX,2019,1,208
valid_report,KDGX,2019,2,364
valid_report,KDGX,2019,3,489
valid_report,KDGX,2019,4,600
valid_report,KDGX,2019,5,680
valid_report,KDGX,2020,1,86
valid_report,KDGX,2020,2,146
valid_report,KDGX,2020,3,192
valid_report,KDGX,2020,4,244
valid_report,KDGX,2020,5,295
valid_report,KDGX,2021,1,107
valid_report,KDGX,2021,2,182
valid_report,KDGX,2021,3,243
valid_report,KDGX,2021,4,288
valid_report,KDGX,2021,5,315
valid_report,KDGX,2022,1,222
valid_report,KDGX,2022,2,392
valid_report,KDGX,2022,3,534
valid_report,KDGX,2022,4,632
valid_report,KDGX,2022,5,710
valid_report,KDGX,2023,1,368
valid_report,KDGX,2023,2,678
valid_report,KDGX,2023,3,930
valid_report,KDGX,2023,4,1156
valid_report,KDGX,2023,5,1350
valid_report,KDGX,2024,1,289
valid_report,KDGX,2024,2,514
valid_report,KDGX,2024,3,693
valid_report,KDGX,2024,4,848
valid_report,KDGX,2024,5,970
valid_report,KDIX,2013,1,83
valid_report,KDIX,2013,2,114
valid_report,KDIX,2013,3,117
valid_report,KDIX,2013,4,112
valid_report,KDIX,2013,5,120
valid_report,KDIX,2014,1,114
valid_report,KDIX,2014,2,170
valid_report,KDIX,2014,3,192
valid_report,KDIX,2014,4,224
valid_report,KDIX,2014,5,250
valid_report,KDIX,2015,1,60
valid_report,KDIX,2015,2,112
valid_report,KDIX,2015,3,156
valid_report,KDIX,2015,4,192
valid_report,KDIX,2015,5,225
valid_report,KDIX,2016,1,5
valid_report,KDIX,2016,2,6
valid_report,KDIX,2016,3,9
valid_report,KDIX,2016,4,12
valid_report,KDIX,2016,5,15
valid_report,KDIX,2017,1,108
valid_report,KDIX,2017,2,188
valid_report,KDIX,2017,3,246
valid_report,KDIX,2017,4,280
valid_report,KDIX,2017,5,260
valid_report,KDIX,2018,1,70
valid_report,KDIX,2018,2,112
valid_report,KDIX,2018,3,129
valid_report,KDIX,2018,4,140
valid_report,KDIX,2018,5,125
valid_report,KDIX,2019,1,108
valid_report,KDIX,2019,2,170
valid_report,KDIX,2019,3,186
valid_report,KDIX,2019,4,168
valid_report,KDIX,2019,5,145
valid_report,KDIX,2020,1,103
valid_report,KDIX,2020,2,160
valid_report,KDIX,2020,3,207
valid_report,KDIX,2020,4,228
valid_report,KDIX,2020,5,220
valid_report,KDIX,2021,1,97
valid_report,KDIX,2021,2,158
valid_report,KDIX,2021,3,207
valid_report,KDIX,2021,4,248
valid_report,KDIX,2021,5,285
valid_report,KDIX,2022,1,25
valid_report,KDIX,2022,2,44
valid_report,KDIX,2022,3,51
valid_report,KDIX,2022,4,44
valid_report,KDIX,2022,5,25
valid_report,KDIX,2023,1,171
valid_report,KDIX,2023,2,278
valid_report,KDIX,2023,3,324
valid_report,KDIX,2023,4,324
valid_report,KDIX,2023,5,310
valid_report,KDIX,2024,1,109
valid_report,KDIX,2024,2,192
valid_report,KDIX,2024,3,246
valid_report,KDIX,2024,4,288
valid_report,KDIX,2024,5,310
valid_report,KDLH,2013,1,4
valid_report,KDLH,2014,1,99
valid_report,KDLH,2014,2,158
valid_report,KDLH,2014,3,210
valid_report,KDLH,2014,4,240
valid_report,KDLH,2014,5,255
valid_report,KDLH,2015,1,123
valid_report,KDLH,2015,2,212
valid_report,KDLH,2015,3,276
valid_report,KDLH,2015,4,336
valid_report,KDLH,2015,5,385
valid_report,KDLH,2016,1,103
valid_report,KDLH,2016,2,166
valid_report,KDLH,2016,3,204
valid_report,KDLH,2016,4,204
valid_report,KDLH,2016,5,170
valid_report,KDLH,2017,1,27
valid_report,KDLH,2017,2,46
valid_report,KDLH,2017,3,63
valid_report,KDLH,2017,4,76
valid_report,KDLH,2017,5,90
valid_report,KDLH,2018,1,95
valid_report,KDLH,2018,2,160
valid_report,KDLH,2018,3,195
valid_report,KDLH,2018,4,204
valid_report,KDLH,2018,5,210
valid_report,KDLH,2019,1,161
valid_report,KDLH,2019,2,268
valid_report,KDLH,2019,3,336
valid_report,KDLH,2019,4,384
valid_report,KDLH,2019,5,410
valid_report,KDLH,2020,1,164
valid_report,KDLH,2020,2,294
valid_report,KDLH,2020,3,390
valid_report,KDLH,2020,4,468
valid_report,KDLH,2020,5,510
valid_report,KDLH,2021,1,103
valid_report,KDLH,2021,2,172
valid_report,KDLH,2021,3,213
valid_report,KDLH,2021,4,208
valid_report,KDLH,2021,5,200
valid_report,KDLH,2022,1,93
valid_report,KDLH,2022,2,146
valid_report,KDLH,2022,3,168
valid_report,KDLH,2022,4,160
valid_report,KDLH,2022,5,160
valid_report,KDLH,2023,1,55
valid_report,KDLH,2023,2,68
valid_report,KDLH,2023,3,57
valid_report,KDLH,2023,4,32
valid_report,KDLH,2023,5,20
valid_report,KDLH,2024,1,113
valid_report,KDLH,2024,2,198
valid_report,KDLH,2024,3,273
valid_report,KDLH,2024,4,336
valid_report,KDLH,2024,5,385
valid_report,KDMX,2013,1,91
valid_report,KDMX,2013,2,122
valid_report,KDMX,2013,3,129
valid_report,KDMX,2013,4,132
valid_report,KDMX,2013,5,135
valid_report,KDMX,2014,1,102
valid_report,KDMX,2014,2,180
valid_report,KDMX,2014,3,240
valid_report,KDMX,2014,4,292
valid_report,KDMX,2014,5,335
valid_report,KDMX,2015,1,234
valid_report,KDMX,2015,2,372
valid_report,KDMX,2015,3,477
valid_report,KDMX,2015,4,552
valid_report,KDMX,2015,5,605
valid_report,KDMX,2016,1,142
valid_report,KDMX,2016,2,252
valid_report,KDMX,2016,3,339
valid_report,KDMX,2016,4,420
valid_report,KDMX,2016,5,485
valid_report,KDMX,2017,1,112
valid_report,KDMX,2017,2,184
valid_report,KDMX,2017,3,222
valid_report,KDMX,2017,4,248
valid_report,KDMX,2017,5,280
valid_report,KDMX,2018,1,122
valid_report,KDMX,2018,2,216
valid_report,KDMX,2018,3,294
valid_report,KDMX,2018,4,364
valid_report,KDMX,2018,5,435
valid_report,KDMX,2019,1,70
valid_report,KDMX,2019,2,118
valid_report,KDMX,2019,3,159
valid_report,KDMX,2019,4,192
valid_report,KDMX,2019,5,225
valid_report,KDMX,2020,1,157
valid_report,KDMX,2020,2,250
valid_report,KDMX,2020,3,333
valid_report,KDMX,2020,4,424
valid_report,KDMX,2020,5,520
valid_report,KDMX,2021,1,152
valid_report,KDMX,2021,2,222
valid_report,KDMX,2021,3,240
valid_report,KDMX,2021,4,204
valid_report,KDMX,2021,5,180
valid_report,KDMX,2022,1,222
valid_report,KDMX,2022,2,410
valid_report,KDMX,2022,3,585
valid_report,KDMX,2022,4,732
valid_report,KDMX,2022,5,865
valid_report,KDMX,2023,1,103
valid_report,KDMX,2023,2,184
valid_report,KDMX,2023,3,267
valid_report,KDMX,2023,4,340
valid_report,KDMX,2023,5,400
valid_report,KDMX,2024,1,278
valid_report,KDMX,2024,2,498
valid_report,KDMX,2024,3,678
valid_report,KDMX,2024,4,824
valid_report,KDMX,2024,5,950
valid_report,KDTX,2013,1,101
valid_report,KDTX,2013,2,184
valid_report,KDTX,2013,3,237
valid_report,KDTX,2013,4,252
valid_report,KDTX,2013,5,245
valid_report,KDTX,2014,1,104
valid_report,KDTX,2014,2,164
valid_report,KDTX,2014,3,195
valid_report,KDTX,2014,4,188
valid_report,KDTX,2014,5,150
valid_report,KDTX,2015,1,84
valid_report,KDTX,2015,2,138
valid_report,KDTX,2015,3,144
valid_report,KDTX,2015,4,124
valid_report,KDTX,2015,5,95
valid_report,KDTX,2016,1,40
valid_report,KDTX,2016,2,66
valid_report,KDTX,2016,3,84
valid_report,KDTX,2016,4,100
valid_report,KDTX,2016,5,100
valid_report,KDTX,2017,1,18
valid_report,KDTX,2017,2,30
valid_report,KDTX,2017,3,27
valid_report,KDTX,2017,4,16
valid_report,KDTX,2018,1,38
valid_report,KDTX,2018,2,52
valid_report,KDTX,2018,3,54
valid_report,KDTX,2018,4,48
valid_report,KDTX,2018,5,35
valid_report,KDTX,2019,1,36
valid_report,KDTX,2019,2,54
valid_report,KDTX,2019,3,60
valid_report,KDTX,2019,4,52
valid_report,KDTX,2019,5,35
valid_report,KDTX,2020,1,26
valid_report,KDTX,2020,2,38
valid_report,KDTX,2020,3,39
valid_report,KDTX,2020,4,32
valid_report,KDTX,2020,5,25
valid_report,KDTX,2021,1,56
valid_report,KDTX,2021,2,88
valid_report,KDTX,2021,3,105
valid_report,KDTX,2021,4,92
valid_report,KDTX,2021,5,70
valid_report,KDTX,2022,1,29
valid_report,KDTX,2022,2,44
valid_report,KDTX,2022,3,57
valid_report,KDTX,2022,4,60
valid_report,KDTX,2022,5,55
valid_report,KDTX,2023,1,96
valid_report,KDTX,2023,2,160
valid_report,KDTX,2023,3,198
valid_report,KDTX,2023,4,212
valid_report,KDTX,2023,5,220
valid_report,KDTX,2024,1,123
valid_report,KDTX,2024,2,194
valid_report,KDTX,2024,3,234
valid_report,KDTX,2024,4,240
valid_report,KDTX,2024,5,245
valid_report,KDVN,2013,1,47
valid_report,KDVN,2013,2,74
valid_report,KDVN,2013,3,93
valid_report,KDVN,2013,4,104
valid_report,KDVN,2013,5,105
valid_report,KDVN,2014,1,97
valid_report,KDVN,2014,2,174
valid_report,KDVN,2014,3,237
valid_report,KDVN,2014,4,296
valid_report,KDVN,2014,5,340
valid_report,KDVN,2015,1,136
valid_report,KDVN,2015,2,194
valid_report,KDVN,2015,3,237
valid_report,KDVN,2015,4,264
valid_report,KDVN,2015,5,320
valid_report,KDVN,2016,1,141
valid_report,KDVN,2016,2,232
valid_report,KDVN,2016,3,297
valid_report,KDVN,2016,4,360
valid_report,KDVN,2016,5,410
valid_report,KDVN,2017,1,182
valid_report,KDVN,2017,2,294
valid_report,KDVN,2017,3,387
valid_report,KDVN,2017,4,464
valid_report,KDVN,2017,5,540
valid_report,KDVN,2018,1,179
valid_report,KDVN,2018,2,282
valid_report,KDVN,2018,3,366
valid_report,KDVN,2018,4,428
valid_report,KDVN,2018,5,490
valid_report,KDVN,2019,1,161
valid_report,KDVN,2019,2,264
valid_report,KDVN,2019,3,336
valid_report,KDVN,2019,4,372
valid_report,KDVN,2019,5,395
valid_report,KDVN,2020,1,140
valid_report,KDVN,2020,2,234
valid_report,KDVN,2020,3,324
valid_report,KDVN,2020,4,408
valid_report,KDVN,2020,5,475
valid_report,KDVN,2021,1,130
valid_report,KDVN,2021,2,190
valid_report,KDVN,2021,3,210
valid_report,KDVN,2021,4,248
valid_report,KDVN,2021,5,295
valid_report,KDVN,2022,1,152
valid_report,KDVN,2022,2,266
valid_report,KDVN,2022,3,354
valid_report,KDVN,2022,4,412
valid_report,KDVN,2022,5,450
valid_report,KDVN,2023,1,242
valid_report,KDVN,2023,2,430
valid_report,KDVN,2023,3,579
valid_report,KDVN,2023,4,696
valid_report,KDVN,2023,5,795
valid_report,KDVN,2024,1,158
valid_report,KDVN,2024,2,288
valid_report,KDVN,2024,3,387
valid_report,KDVN,2024,4,460
valid_report,KDVN,2024,5,535
valid_report,KDYX,2013,1,125
valid_report,KDYX,2013,2,170
valid_report,KDYX,2013,3,162
valid_report,KDYX,2013,4,160
valid_report,KDYX,2013,5,140
valid_report,KDYX,2014,1,187
valid_report,KDYX,2014,2,320
valid_report,KDYX,2014,3,411
valid_report,KDYX,2014,4,484
valid_report,KDYX,2014,5,550
valid_report,KDYX,2015,1,102
valid_report,KDYX,2015,2,190
valid_report,KDYX,2015,3,258
valid_report,KDYX,2015,4,308
valid_report,KDYX,2015,5,330
valid_report,KDYX,2016,1,183
valid_report,KDYX,2016,2,338
valid_report,KDYX,2016,3,474
valid_report,KDYX,2016,4,584
valid_report,KDYX,2016,5,655
valid_report,KDYX,2017,1,192
valid_report,KDYX,2017,2,306
valid_report,KDYX,2017,3,372
valid_report,KDYX,2017,4,416
valid_report,KDYX,2017,5,430
valid_report,KDYX,2018,1,105
valid_report,KDYX,2018,2,182
valid_report,KDYX,2018,3,255
valid_report,KDYX,2018,4,324
valid_report,KDYX,2018,5,370
valid_report,KDYX,2019,1,242
valid_report,KDYX,2019,2,430
valid_report,KDYX,2019,3,567
valid_report,KDYX,2019,4,660
valid_report,KDYX,2019,5,700
valid_report,KDYX,2020,1,118
valid_report,KDYX,2020,2,206
valid_report,KDYX,2020,3,273
valid_report,KDYX,2020,4,332
valid_report,KDYX,2020,5,385
valid_report,KDYX,2021,1,159
valid_report,KDYX,2021,2,310
valid_report,KDYX,2021,3,447
valid_report,KDYX,2021,4,564
valid_report,KDYX,2021,5,655
valid_report,KDYX,2022,1,145
valid_report,KDYX,2022,2,250
valid_report,KDYX,2022,3,345
valid_report,KDYX,2022,4,412
valid_report,KDYX,2022,5,440
valid_report,KDYX,2023,1,54
valid_report,KDYX,2023,2,78
valid_report,KDYX,2023,3,93
valid_report,KDYX,2023,4,116
valid_report,KDYX,2023,5,140
valid_report,KDYX,2024,1,203
valid_report,KDYX,2024,2,360
valid_report,KDYX,2024,3,501
valid_report,KDYX,2024,4,632
valid_report,KDYX,2024,5,745
valid_report,KENX,2013,1,120
valid_report,KENX,2013,2,224
valid_report,KENX,2013,3,306
valid_report,KENX,2013,4,376
valid_report,KENX,2013,5,435
valid_report,KENX,2014,1,53
valid_report,KENX,2014,2,80
valid_report,KENX,2014,3,90
valid_report,KENX,2014,4,96
valid_report,KENX,2014,5,90
valid_report,KENX,2015,1,107
valid_report,KENX,2015,2,176
valid_report,KENX,2015,3,219
valid_report,KENX,2015,4,228
valid_report,KENX,2015,5,200
valid_report,KENX,2016,1,23
valid_report,KENX,2016,2,42
valid_report,KENX,2016,3,60
valid_report,KENX,2016,4,76
valid_report,KENX,2016,5,80
valid_report,KENX,2017,1,52
valid_report,KENX,2017,2,86
valid_report,KENX,2017,3,111
valid_report,KENX,2017,4,136
valid_report,KENX,2017,5,160
valid_report,KENX,2018,1,58
valid_report,KENX,2018,2,80
valid_report,KENX,2018,3,81
valid_report,KENX,2018,4,72
valid_report,KENX,2018,5,65
valid_report,KENX,2019,1,34
valid_report,KENX,2019,2,60
valid_report,KENX,2019,3,84
valid_report,KENX,2019,4,104
valid_report,KENX,2019,5,120
valid_report,KENX,2020,1,88
valid_report,KENX,2020,2,148
valid_report,KENX,2020,3,192
valid_report,KENX,2020,4,216
valid_report,KENX,2020,5,235
valid_report,KENX,2021,1,89
valid_report,KENX,2021,2,162
valid_report,KENX,2021,3,219
valid_report,KENX,2021,4,248
valid_report,KENX,2021,5,250
valid_report,KENX,2022,1,61
valid_report,KENX,2022,2,100
valid_report,KENX,2022,3,126
valid_report,KENX,2022,4,152
valid_report,KENX,2022,5,170
valid_report,KENX,2023,1,39
valid_report,KENX,2023,2,56
valid_report,KENX,2023,3,54
valid_report,KENX,2023,4,48
valid_report,KENX,2023,5,40
valid_report,KENX,2024,1,60
valid_report,KENX,2024,2,112
valid_report,KENX,2024,3,153
valid_report,KENX,2024,4,188
valid_report,KENX,2024,5,210
valid_report,KEOX,2013,1,109
valid_report,KEOX,2013,2,166
valid_report,KEOX,2013,3,201
valid_report,KEOX,2013,4,244
valid_report,KEOX,2013,5,270
valid_report,KEOX,2014,1,139
valid_report,KEOX,2014,2,208
valid_report,KEOX,2014,3,246
valid_report,KEOX,2014,4,268
valid_report,KEOX,2014,5,275
valid_report,KEOX,2015,1,140
valid_report,KEOX,2015,2,214
valid_report,KEOX,2015,3,249
valid_report,KEOX,2015,4,268
valid_report,KEOX,2015,5,290
valid_report,KEOX,2016,1,119
valid_report,KEOX,2016,2,194
valid_report,KEOX,2016,3,243
valid_report,KEOX,2016,4,276
valid_report,KEOX,2016,5,310
valid_report,KEOX,2017,1,143
valid_report,KEOX,2017,2,232
valid_report,KEOX,2017,3,300
valid_report,KEOX,2017,4,336
valid_report,KEOX,2017,5,390
valid_report,KEOX,2018,1,107
valid_report,KEOX,2018,2,182
valid_report,KEOX,2018,3,228
valid_report,KEOX,2018,4,260
valid_report,KEOX,2018,5,280
valid_report,KEOX,2019,1,160
valid_report,KEOX,2019,2,232
valid_report,KEOX,2019,3,258
valid_report,KEOX,2019,4,268
valid_report,KEOX,2019,5,255
valid_report,KEOX,2020,1,136
valid_report,KEOX,2020,2,204
valid_report,KEOX,2020,3,234
valid_report,KEOX,2020,4,272
valid_report,KEOX,2020,5,305
valid_report,KEOX,2021,1,205
valid_report,KEOX,2021,2,336
valid_report,KEOX,2021,3,417
valid_report,KEOX,2021,4,480
valid_report,KEOX,2021,5,520
valid_report,KEOX,2022,1,80
valid_report,KEOX,2022,2,134
valid_report,KEOX,2022,3,180
valid_report,KEOX,2022,4,212
valid_report,KEOX,2022,5,235
valid_report,KEOX,2023,1,186
valid_report,KEOX,2023,2,318
valid_report,KEOX,2023,3,408
valid_report,KEOX,2023,4,472
valid_report,KEOX,2023,5,535
valid_report,KEOX,2024,1,93
valid_report,KEOX,2024,2,138
valid_report,KEOX,2024,3,171
valid_report,KEOX,2024,4,196
valid_report,KEOX,2024,5,225
valid_report,KESX,2013,1,76
valid_report,KESX,2013,2,128
valid_report,KESX,2013,3,153
valid_report,KESX,2013,4,148
valid_report,KESX,2013,5,130
valid_report,KESX,2015,1,31
valid_report,KESX,2015,2,56
valid_report,KESX,2015,3,69
valid_report,KESX,2015,4,68
valid_report,KESX,2015,5,60
valid_report,KESX,2016,1,35
valid_report,KESX,2016,2,58
valid_report,KESX,2016,3,66
valid_report,KESX,2016,4,76
valid_report,KESX,2016,5,80
valid_report,KESX,2017,1,31
valid_report,KESX,2017,2,48
valid_report,KESX,2017,3,51
valid_report,KESX,2017,4,48
valid_report,KESX,2017,5,35
valid_report,KESX,2018,1,5
valid_report,KESX,2018,2,4
valid_report,KESX,2019,1,61
valid_report,KESX,2019,2,86
valid_report,KESX,2019,3,75
valid_report,KESX,2019,4,44
valid_report,KESX,2019,5,20
valid_report,KESX,2021,1,37
valid_report,KESX,2021,2,68
valid_report,KESX,2021,3,93
valid_report,KESX,2021,4,108
valid_report,KESX,2021,5,115
valid_report,KESX,2022,1,62
valid_report,KESX,2022,2,78
valid_report,KESX,2022,3,75
valid_report,KESX,2022,4,68
valid_report,KESX,2022,5,75
valid_report,KESX,2023,1,4
valid_report,KESX,2023,2,2
valid_report,KESX,2024,1,16
valid_report,KESX,2024,2,24
valid_report,KESX,2024,3,27
valid_report,KESX,2024,4,28
valid_report,KESX,2024,5,25
valid_report,KEVX,2013,1,49
valid_report,KEVX,2013,2,68
valid_report,KEVX,2013,3,57
valid_report,KEVX,2013,4,40
valid_report,KEVX,2013,5,25
valid_report,KEVX,2014,1,103
valid_report,KEVX,2014,2,166
valid_report,KEVX,2014,3,201
valid_report,KEVX,2014,4,224
valid_report,KEVX,2014,5,245
valid_report,KEVX,2015,1,95
valid_report,KEVX,2015,2,146
valid_report,KEVX,2015,3,168
valid_report,KEVX,2015,4,176
valid_report,KEVX,2015,5,185
valid_report,KEVX,2016,1,310
valid_report,KEVX,2016,2,558
valid_report,KEVX,2016,3,750
valid_report,KEVX,2016,4,908
valid_report,KEVX,2016,5,1065
valid_report,KEVX,2017,1,304
valid_report,KEVX,2017,2,546
valid_report,KEVX,2017,3,735
valid_report,KEVX,2017,4,892
valid_report,KEVX,2017,5,1030
valid_report,KEVX,2018,1,143
valid_report,KEVX,2018,2,254
valid_report,KEVX,2018,3,348
valid_report,KEVX,2018,4,424
valid_report,KEVX,2018,5,495
valid_report,KEVX,2019,1,285
valid_report,KEVX,2019,2,468
valid_report,KEVX,2019,3,588
valid_report,KEVX,2019,4,676
valid_report,KEVX,2019,5,780
valid_report,KEVX,2020,1,34
valid_report,KEVX,2020,2,58
valid_report,KEVX,2020,3,72
valid_report,KEVX,2020,4,84
valid_report,KEVX,2020,5,105
valid_report,KEVX,2021,1,117
valid_report,KEVX,2021,2,190
valid_report,KEVX,2021,3,243
valid_report,KEVX,2021,4,272
valid_report,KEVX,2021,5,295
valid_report,KEVX,2022,1,65
valid_report,KEVX,2022,2,118
valid_report,KEVX,2022,3,153
valid_report,KEVX,2022,4,172
valid_report,KEVX,2022,5,180
valid_report,KEVX,2023,1,240
valid_report,KEVX,2023,2,440
valid_report,KEVX,2023,3,612
valid_report,KEVX,2023,4,756
valid_report,KEVX,2023,5,855
valid_report,KEVX,2024,1,139
valid_report,KEVX,2024,2,228
valid_report,KEVX,2024,3,282
valid_report,KEVX,2024,4,320
valid_report,KEVX,2024,5,340
valid_report,KEWX,2013,1,364
valid_report,KEWX,2013,2,622
valid_report,KEWX,2013,3,837
valid_report,KEWX,2013,4,1024
valid_report,KEWX,2013,5,1195
valid_report,KEWX,2014,1,237
valid_report,KEWX,2014,2,410
valid_report,KEWX,2014,3,531
valid_report,KEWX,2014,4,640
valid_report,KEWX,2014,5,725
valid_report,KEWX,2015,1,388
valid_report,KEWX,2015,2,700
valid_report,KEWX,2015,3,954
valid_report,KEWX,2015,4,1204
valid_report,KEWX,2015,5,1425
valid_report,KEWX,2016,1,249
valid_report,KEWX,2016,2,458
valid_report,KEWX,2016,3,630
valid_report,KEWX,2016,4,780
valid_report,KEWX,2016,5,920
valid_report,KEWX,2017,1,248
valid_report,KEWX,2017,2,464
valid_report,KEWX,2017,3,657
valid_report,KEWX,2017,4,832
valid_report,KEWX,2017,5,1000
valid_report,KEWX,2018,1,226
valid_report,KEWX,2018,2,402
valid_report,KEWX,2018,3,537
valid_report,KEWX,2018,4,676
valid_report,KEWX,2018,5,815
valid_report,KEWX,2019,1,198
valid_report,KEWX,2019,2,378
valid_report,KEWX,2019,3,537
valid_report,KEWX,2019,4,684
valid_report,KEWX,2019,5,825
valid_report,KEWX,2020,1,203
valid_report,KEWX,2020,2,354
valid_report,KEWX,2020,3,465
valid_report,KEWX,2020,4,560
valid_report,KEWX,2020,5,625
valid_report,KEWX,2021,1,232
valid_report,KEWX,2021,2,444
valid_report,KEWX,2021,3,636
valid_report,KEWX,2021,4,832
valid_report,KEWX,2021,5,1015
valid_report,KEWX,2022,1,258
valid_report,KEWX,2022,2,488
valid_report,KEWX,2022,3,702
valid_report,KEWX,2022,4,900
valid_report,KEWX,2022,5,1075
valid_report,KEWX,2023,1,244
valid_report,KEWX,2023,2,436
valid_report,KEWX,2023,3,591
valid_report,KEWX,2023,4,708
valid_report,KEWX,2023,5,805
valid_report,KEWX,2024,1,246
valid_report,KEWX,2024,2,442
valid_report,KEWX,2024,3,615
valid_report,KEWX,2024,4,764
valid_report,KEWX,2024,5,910
valid_report,KEYX,2013,1,24
valid_report,KEYX,2013,2,30
valid_report,KEYX,2013,3,30
valid_report,KEYX,2013,4,28
valid_report,KEYX,2013,5,25
valid_report,KEYX,2014,1,25
valid_report,KEYX,2014,2,46
valid_report,KEYX,2014,3,66
valid_report,KEYX,2014,4,80
valid_report,KEYX,2014,5,85
valid_report,KEYX,2015,1,71
valid_report,KEYX,2015,2,122
valid_report,KEYX,2015,3,162
valid_report,KEYX,2015,4,188
valid_report,KEYX,2015,5,215
valid_report,KEYX,2016,1,95
valid_report,KEYX,2016,2,170
valid_report,KEYX,2016,3,222
valid_report,KEYX,2016,4,256
valid_report,KEYX,2016,5,265
valid_report,KEYX,2017,1,109
valid_report,KEYX,2017,2,178
valid_report,KEYX,2017,3,210
valid_report,KEYX,2017,4,220
valid_report,KEYX,2017,5,220
valid_report,KEYX,2018,1,109
valid_report,KEYX,2018,2,166
valid_report,KEYX,2018,3,213
valid_report,KEYX,2018,4,252
valid_report,KEYX,2018,5,250
valid_report,KEYX,2019,1,149
valid_report,KEYX,2019,2,236
valid_report,KEYX,2019,3,306
valid_report,KEYX,2019,4,380
valid_report,KEYX,2019,5,445
valid_report,KEYX,2020,1,30
valid_report,KEYX,2020,2,38
valid_report,KEYX,2020,3,39
valid_report,KEYX,2020,4,36
valid_report,KEYX,2020,5,30
valid_report,KEYX,2021,1,51
valid_report,KEYX,2021,2,82
valid_report,KEYX,2021,3,102
valid_report,KEYX,2021,4,108
valid_report,KEYX,2021,5,100
valid_report,KEYX,2022,1,32
valid_report,KEYX,2022,2,54
valid_report,KEYX,2022,3,66
valid_report,KEYX,2022,4,64
valid_report,KEYX,2022,5,60
valid_report,KEYX,2023,1,97
valid_report,KEYX,2023,2,170
valid_report,KEYX,2023,3,204
valid_report,KEYX,2023,4,220
valid_report,KEYX,2023,5,215
valid_report,KEYX,2024,1,49
valid_report,KEYX,2024,2,82
valid_report,KEYX,2024,3,96
valid_report,KEYX,2024,4,92
valid_report,KEYX,2024,5,70
valid_report,KFCX,2013,1,116
valid_report,KFCX,2013,2,182
valid_report,KFCX,2013,3,207
valid_report,KFCX,2013,4,212
valid_report,KFCX,2013,5,225
valid_report,KFCX,2014,1,53
valid_report,KFCX,2014,2,80
valid_report,KFCX,2014,3,102
valid_report,KFCX,2014,4,116
valid_report,KFCX,2014,5,110
valid_report,KFCX,2015,1,179
valid_report,KFCX,2015,2,302
valid_report,KFCX,2015,3,396
valid_report,KFCX,2015,4,464
valid_report,KFCX,2015,5,505
valid_report,KFCX,2016,1,101
valid_report,KFCX,2016,2,156
valid_report,KFCX,2016,3,180
valid_report,KFCX,2016,4,176
valid_report,KFCX,2016,5,140
valid_report,KFCX,2017,1,188
valid_report,KFCX,2017,2,340
valid_report,KFCX,2017,3,459
valid_report,KFCX,2017,4,560
valid_report,KFCX,2017,5,645
valid_report,KFCX,2018,1,69
valid_report,KFCX,2018,2,112
valid_report,KFCX,2018,3,120
valid_report,KFCX,2018,4,96
valid_report,KFCX,2018,5,60
valid_report,KFCX,2019,1,72
valid_report,KFCX,2019,2,120
valid_report,KFCX,2019,3,147
valid_report,KFCX,2019,4,148
valid_report,KFCX,2019,5,125
valid_report,KFCX,2020,1,104
valid_report,KFCX,2020,2,172
valid_report,KFCX,2020,3,210
valid_report,KFCX,2020,4,224
valid_report,KFCX,2020,5,220
valid_report,KFCX,2021,1,115
valid_report,KFCX,2021,2,190
valid_report,KFCX,2021,3,231
valid_report,KFCX,2021,4,252
valid_report,KFCX,2021,5,265
valid_report,KFCX,2022,1,207
valid_report,KFCX,2022,2,346
valid_report,KFCX,2022,3,390
valid_report,KFCX,2022,4,332
valid_report,KFCX,2022,5,255
valid_report,KFCX,2023,1,101
valid_report,KFCX,2023,2,156
valid_report,KFCX,2023,3,171
valid_report,KFCX,2023,4,144
valid_report,KFCX,2023,5,120
valid_report,KFCX,2024,1,171
valid_report,KFCX,2024,2,320
valid_report,KFCX,2024,3,441
valid_report,KFCX,2024,4,524
valid_report,KFCX,2024,5,585
valid_report,KFDR,2013,1,260
valid_report,KFDR,2013,2,460
valid_report,KFDR,2013,3,615
valid_report,KFDR,2013,4,728
valid_report,KFDR,2013,5,805
valid_report,KFDR,2014,1,129
valid_report,KFDR,2014,2,218
valid_report,KFDR,2014,3,291
valid_report,KFDR,2014,4,352
valid_report,KFDR,2014,5,365
valid_report,KFDR,2015,1,279
valid_report,KFDR,2015,2,488
valid_report,KFDR,2015,3,642
valid_report,KFDR,2015,4,724
valid_report,KFDR,2015,5,785
valid_report,KFDR,2016,1,166
valid_report,KFDR,2016,2,276
valid_report,KFDR,2016,3,327
valid_report,KFDR,2016,4,324
valid_report,KFDR,2016,5,320
valid_report,KFDR,2017,1,206
valid_report,KFDR,2017,2,352
valid_report,KFDR,2017,3,471
valid_report,KFDR,2017,4,560
valid_report,KFDR,2017,5,625
valid_report,KFDR,2018,1,289
valid_report,KFDR,2018,2,490
valid_report,KFDR,2018,3,651
valid_report,KFDR,2018,4,764
valid_report,KFDR,2018,5,860
valid_report,KFDR,2019,1,108
valid_report,KFDR,2019,2,172
valid_report,KFDR,2019,3,216
valid_report,KFDR,2019,4,236
valid_report,KFDR,2019,5,240
valid_report,KFDR,2020,1,82
valid_report,KFDR,2020,2,142
valid_report,KFDR,2020,3,192
valid_report,KFDR,2020,4,240
valid_report,KFDR,2020,5,275
valid_report,KFDR,2021,1,180
valid_report,KFDR,2021,2,298
valid_report,KFDR,2021,3,372
valid_report,KFDR,2021,4,440
valid_report,KFDR,2021,5,480
valid_report,KFDR,2022,1,132
valid_report,KFDR,2022,2,238
valid_report,KFDR,2022,3,330
valid_report,KFDR,2022,4,416
valid_report,KFDR,2022,5,490
valid_report,KFDR,2023,1,189
valid_report,KFDR,2023,2,338
valid_report,KFDR,2023,3,462
valid_report,KFDR,2023,4,576
valid_report,KFDR,2023,5,680
valid_report,KFDR,2024,1,224
valid_report,KFDR,2024,2,324
valid_report,KFDR,2024,3,354
valid_report,KFDR,2024,4,376
valid_report,KFDR,2024,5,400
valid_report,KFDX,2013,1,79
valid_report,KFDX,2013,2,130
valid_report,KFDX,2013,3,168
valid_report,KFDX,2013,4,212
valid_report,KFDX,2013,5,255
valid_report,KFDX,2014,1,59
valid_report,KFDX,2014,2,92
valid_report,KFDX,2014,3,117
valid_report,KFDX,2014,4,132
valid_report,KFDX,2014,5,140
valid_report,KFDX,2015,1,32
valid_report,KFDX,2015,2,42
valid_report,KFDX,2015,3,39
valid_report,KFDX,2015,4,36
valid_report,KFDX,2015,5,35
valid_report,KFDX,2016,1,63
valid_report,KFDX,2016,2,106
valid_report,KFDX,2016,3,132
valid_report,KFDX,2016,4,140
valid_report,KFDX,2016,5,140
valid_report,KFDX,2017,1,96
valid_report,KFDX,2017,2,132
valid_report,KFDX,2017,3,141
valid_report,KFDX,2017,4,132
valid_report,KFDX,2017,5,125
valid_report,KFDX,2018,1,57
valid_report,KFDX,2018,2,86
valid_report,KFDX,2018,3,105
valid_report,KFDX,2018,4,116
valid_report,KFDX,2018,5,105
valid_report,KFDX,2019,1,29
valid_report,KFDX,2019,2,38
valid_report,KFDX,2019,3,36
valid_report,KFDX,2019,4,24
valid_report,KFDX,2019,5,15
valid_report,KFDX,2020,1,28
valid_report,KFDX,2020,2,24
valid_report,KFDX,2020,3,6
valid_report,KFDX,2020,4,4
valid_report,KFDX,2021,1,65
valid_report,KFDX,2021,2,98
valid_report,KFDX,2021,3,99
valid_report,KFDX,2021,4,76
valid_report,KFDX,2021,5,50
valid_report,KFDX,2022,1,29
valid_report,KFDX,2022,2,44
valid_report,KFDX,2022,3,57
valid_report,KFDX,2022,4,60
valid_report,KFDX,2022,5,45
valid_report,KFDX,2023,1,15
valid_report,KFDX,2023,2,18
valid_report,KFDX,2023,3,12
valid_report,KFDX,2023,4,12
valid_report,KFDX,2023,5,15
valid_report,KFDX,2024,1,57
valid_report,KFDX,2024,2,92
valid_report,KFDX,2024,3,111
valid_report,KFDX,2024,4,108
valid_report,KFDX,2024,5,100
valid_report,KFSD,2013,1,49
valid_report,KFSD,2013,2,90
valid_report,KFSD,2013,3,126
valid_report,KFSD,2013,4,156
valid_report,KFSD,2013,5,185
valid_report,KFSD,2014,1,81
valid_report,KFSD,2014,2,146
valid_report,KFSD,2014,3,207
valid_report,KFSD,2014,4,260
valid_report,KFSD,2014,5,310
valid_report,KFSD,2016,1,65
valid_report,KFSD,2016,2,110
valid_report,KFSD,2016,3,138
valid_report,KFSD,2016,4,156
valid_report,KFSD,2016,5,155
valid_report,KFSD,2017,1,109
valid_report,KFSD,2017,2,174
valid_report,KFSD,2017,3,216
valid_report,KFSD,2017,4,248
valid_report,KFSD,2017,5,225
valid_report,KFSD,2018,1,131
valid_report,KFSD,2018,2,214
valid_report,KFSD,2018,3,267
valid_report,KFSD,2018,4,300
valid_report,KFSD,2018,5,320
valid_report,KFSD,2019,1,86
valid_report,KFSD,2019,2,148
valid_report,KFSD,2019,3,201
valid_report,KFSD,2019,4,232
valid_report,KFSD,2019,5,240
valid_report,KFSD,2020,1,57
valid_report,KFSD,2020,2,94
valid_report,KFSD,2020,3,123
valid_report,KFSD,2020,4,132
valid_report,KFSD,2020,5,135
valid_report,KFSD,2021,1,56
valid_report,KFSD,2021,2,96
valid_report,KFSD,2021,3,123
valid_report,KFSD,2021,4,132
valid_report,KFSD,2021,5,120
valid_report,KFSD,2022,1,106
valid_report,KFSD,2022,2,188
valid_report,KFSD,2022,3,255
valid_report,KFSD,2022,4,296
valid_report,KFSD,2022,5,315
valid_report,KFSD,2023,1,100
valid_report,KFSD,2023,2,180
valid_report,KFSD,2023,3,240
valid_report,KFSD,2023,4,284
valid_report,KFSD,2023,5,300
valid_report,KFSD,2024,1,88
valid_report,KFSD,2024,2,168
valid_report,KFSD,2024,3,225
valid_report,KFSD,2024,4,272
valid_report,KFSD,2024,5,290
valid_report,KFSX,2013,1,27
valid_report,KFSX,2013,2,38
valid_report,KFSX,2013,3,33
valid_report,KFSX,2013,4,16
valid_report,KFSX,2013,5,5
valid_report,KFSX,2014,1,51
valid_report,KFSX,2014,2,56
valid_report,KFSX,2014,3,39
valid_report,KFSX,2014,4,28
valid_report,KFSX,2014,5,10
valid_report,KFSX,2015,1,83
valid_report,KFSX,2015,2,104
valid_report,KFSX,2015,3,87
valid_report,KFSX,2015,4,48
valid_report,KFSX,2015,5,15
valid_report,KFSX,2016,1,53
valid_report,KFSX,2016,2,66
valid_report,KFSX,2016,3,60
valid_report,KFSX,2016,4,40
valid_report,KFSX,2016,5,15
valid_report,KFSX,2017,1,6
valid_report,KFSX,2018,1,46
valid_report,KFSX,2018,2,54
valid_report,KFSX,2018,3,30
valid_report,KFSX,2018,4,8
valid_report,KFSX,2019,1,19
valid_report,KFSX,2019,2,30
valid_report,KFSX,2019,3,33
valid_report,KFSX,2019,4,24
valid_report,KFSX,2019,5,10
valid_report,KFSX,2020,1,41
valid_report,KFSX,2020,2,40
valid_report,KFSX,2020,3,27
valid_report,KFSX,2020,4,12
valid_report,KFSX,2020,5,5
valid_report,KFSX,2021,1,16
valid_report,KFSX,2021,2,18
valid_report,KFSX,2021,3,12
valid_report,KFSX,2022,1,7
valid_report,KFSX,2022,2,10
valid_report,KFSX,2022,3,9
valid_report,KFSX,2022,4,4
valid_report,KFSX,2023,1,62
valid_report,KFSX,2023,2,70
valid_report,KFSX,2023,3,45
valid_report,KFSX,2023,4,20
valid_report,KFSX,2023,5,10
valid_report,KFSX,2024,1,19
valid_report,KFSX,2024,2,10
valid_report,KFSX,2024,3,3
valid_report,KFTG,2013,1,110
valid_report,KFTG,2013,2,166
valid_report,KFTG,2013,3,159
valid_report,KFTG,2013,4,116
valid_report,KFTG,2013,5,75
valid_report,KFTG,2014,1,8
valid_report,KFTG,2014,2,10
valid_report,KFTG,2014,3,9
valid_report,KFTG,2014,4,8
valid_report,KFTG,2014,5,5
valid_report,KFTG,2015,1,100
valid_report,KFTG,2015,2,162
valid_report,KFTG,2015,3,198
valid_report,KFTG,2015,4,216
valid_report,KFTG,2015,5,220
valid_report,KFTG,2016,1,21
valid_report,KFTG,2016,2,16
valid_report,KFTG,2017,1,66
valid_report,KFTG,2017,2,114
valid_report,KFTG,2017,3,138
valid_report,KFTG,2017,4,144
valid_report,KFTG,2017,5,125
valid_report,KFTG,2018,1,42
valid_report,KFTG,2018,2,54
valid_report,KFTG,2018,3,48
valid_report,KFTG,2018,4,48
valid_report,KFTG,2018,5,45
valid_report,KFTG,2019,1,34
valid_report,KFTG,2019,2,48
valid_report,KFTG,2019,3,39
valid_report,KFTG,2019,4,28
valid_report,KFTG,2019,5,10
valid_report,KFTG,2020,1,27
valid_report,KFTG,2020,2,48
valid_report,KFTG,2020,3,57
valid_report,KFTG,2020,4,56
valid_report,KFTG,2020,5,55
valid_report,KFTG,2021,1,97
valid_report,KFTG,2021,2,150
valid_report,KFTG,2021,3,177
valid_report,KFTG,2021,4,188
valid_report,KFTG,2021,5,165
valid_report,KFTG,2022,1,54
valid_report,KFTG,2022,2,76
valid_report,KFTG,2022,3,60
valid_report,KFTG,2022,4,24
valid_report,KFTG,2023,1,160
valid_report,KFTG,2023,2,284
valid_report,KFTG,2023,3,366
valid_report,KFTG,2023,4,400
valid_report,KFTG,2023,5,380
valid_report,KFTG,2024,1,47
valid_report,KFTG,2024,2,78
valid_report,KFTG,2024,3,93
valid_report,KFTG,2024,4,108
valid_report,KFTG,2024,5,120
valid_report,KFWS,2013,1,200
valid_report,KFWS,2013,2,358
valid_report,KFWS,2013,3,489
valid_report,KFWS,2013,4,596
valid_report,KFWS,2013,5,670
valid_report,KFWS,2014,1,309
valid_report,KFWS,2014,2,586
valid_report,KFWS,2014,3,831
valid_report,KFWS,2014,4,1052
valid_report,KFWS,2014,5,1195
valid_report,KFWS,2015,1,238
valid_report,KFWS,2015,2,432
valid_report,KFWS,2015,3,603
valid_report,KFWS,2015,4,756
valid_report,KFWS,2015,5,905
valid_report,KFWS,2016,1,179
valid_report,KFWS,2016,2,344
valid_report,KFWS,2016,3,510
valid_report,KFWS,2016,4,672
valid_report,KFWS,2016,5,830
valid_report,KFWS,2017,1,165
valid_report,KFWS,2017,2,292
valid_report,KFWS,2017,3,381
valid_report,KFWS,2017,4,424
valid_report,KFWS,2017,5,470
valid_report,KFWS,2018,1,47
valid_report,KFWS,2018,2,88
valid_report,KFWS,2018,3,120
valid_report,KFWS,2018,4,148
valid_report,KFWS,2018,5,155
valid_report,KFWS,2019,1,166
valid_report,KFWS,2019,2,298
valid_report,KFWS,2019,3,405
valid_report,KFWS,2019,4,500
valid_report,KFWS,2019,5,600
valid_report,KFWS,2020,1,67
valid_report,KFWS,2020,2,100
valid_report,KFWS,2020,3,117
valid_report,KFWS,2020,4,136
valid_report,KFWS,2020,5,155
valid_report,KFWS,2021,1,244
valid_report,KFWS,2021,2,438
valid_report,KFWS,2021,3,606
valid_report,KFWS,2021,4,768
valid_report,KFWS,2021,5,915
valid_report,KFWS,2022,1,120
valid_report,KFWS,2022,2,232
valid_report,KFWS,2022,3,333
valid_report,KFWS,2022,4,424
valid_report,KFWS,2022,5,520
valid_report,KFWS,2023,1,176
valid_report,KFWS,2023,2,314
valid_report,KFWS,2023,3,429
valid_report,KFWS,2023,4,536
valid_report,KFWS,2023,5,625
valid_report,KFWS,2024,1,209
valid_report,KFWS,2024,2,384
valid_report,KFWS,2024,3,546
valid_report,KFWS,2024,4,704
valid_report,KFWS,2024,5,865
valid_report,KGGW,2013,1,18
valid_report,KGGW,2013,2,26
valid_report,KGGW,2013,3,21
valid_report,KGGW,2013,4,8
valid_report,KGGW,2014,1,75
valid_report,KGGW,2014,2,124
valid_report,KGGW,2014,3,144
valid_report,KGGW,2014,4,136
valid_report,KGGW,2014,5,100
valid_report,KGGW,2015,1,46
valid_report,KGGW,2015,2,72
valid_report,KGGW,2015,3,90
valid_report,KGGW,2015,4,112
valid_report,KGGW,2015,5,130
valid_report,KGGW,2016,1,56
valid_report,KGGW,2016,2,74
valid_report,KGGW,2016,3,66
valid_report,KGGW,2016,4,52
valid_report,KGGW,2016,5,25
valid_report,KGGW,2017,1,33
valid_report,KGGW,2017,2,54
valid_report,KGGW,2017,3,72
valid_report,KGGW,2017,4,84
valid_report,KGGW,2017,5,80
valid_report,KGGW,2018,1,37
valid_report,KGGW,2018,2,44
valid_report,KGGW,2018,3,57
valid_report,KGGW,2018,4,72
valid_report,KGGW,2018,5,85
valid_report,KGGW,2019,1,96
valid_report,KGGW,2019,2,182
valid_report,KGGW,2019,3,243
valid_report,KGGW,2019,4,284
valid_report,KGGW,2019,5,270
valid_report,KGGW,2020,1,32
valid_report,KGGW,2020,2,46
valid_report,KGGW,2020,3,54
valid_report,KGGW,2020,4,56
valid_report,KGGW,2020,5,50
valid_report,KGGW,2021,1,60
valid_report,KGGW,2021,2,94
valid_report,KGGW,2021,3,99
valid_report,KGGW,2021,4,100
valid_report,KGGW,2021,5,85
valid_report,KGGW,2022,1,8
valid_report,KGGW,2022,2,6
valid_report,KGGW,2023,1,4
valid_report,KGGW,2024,1,71
valid_report,KGGW,2024,2,124
valid_report,KGGW,2024,3,156
valid_report,KGGW,2024,4,164
valid_report,KGGW,2024,5,175
valid_report,KGRB,2013,1,63
valid_report,KGRB,2013,2,110
valid_report,KGRB,2013,3,153
valid_report,KGRB,2013,4,180
valid_report,KGRB,2013,5,190
valid_report,KGRB,2014,1,8
valid_report,KGRB,2015,1,86
valid_report,KGRB,2015,2,138
valid_report,KGRB,2015,3,180
valid_report,KGRB,2015,4,212
valid_report,KGRB,2015,5,245
valid_report,KGRB,2016,1,125
valid_report,KGRB,2016,2,204
valid_report,KGRB,2016,3,273
valid_report,KGRB,2016,4,324
valid_report,KGRB,2016,5,335
valid_report,KGRB,2017,1,96
valid_report,KGRB,2017,2,170
valid_report,KGRB,2017,3,237
valid_report,KGRB,2017,4,296
valid_report,KGRB,2017,5,335
valid_report,KGRB,2018,1,209
valid_report,KGRB,2018,2,328
valid_report,KGRB,2018,3,411
valid_report,KGRB,2018,4,460
valid_report,KGRB,2018,5,455
valid_report,KGRB,2019,1,39
valid_report,KGRB,2019,2,66
valid_report,KGRB,2019,3,84
valid_report,KGRB,2019,4,88
valid_report,KGRB,2019,5,85
valid_report,KGRB,2020,1,122
valid_report,KGRB,2020,2,200
valid_report,KGRB,2020,3,258
valid_report,KGRB,2020,4,312
valid_report,KGRB,2020,5,350
valid_report,KGRB,2021,1,64
valid_report,KGRB,2021,2,108
valid_report,KGRB,2021,3,129
valid_report,KGRB,2021,4,128
valid_report,KGRB,2021,5,130
valid_report,KGRB,2022,1,185
valid_report,KGRB,2022,2,328
valid_report,KGRB,2022,3,432
valid_report,KGRB,2022,4,492
valid_report,KGRB,2022,5,505
valid_report,KGRB,2023,1,168
valid_report,KGRB,2023,2,274
valid_report,KGRB,2023,3,348
valid_report,KGRB,2023,4,408
valid_report,KGRB,2023,5,445
valid_report,KGRB,2024,1,117
valid_report,KGRB,2024,2,184
valid_report,KGRB,2024,3,216
valid_report,KGRB,2024,4,240
valid_report,KGRB,2024,5,235
valid_report,KGRK,2013,1,256
valid_report,KGRK,2013,2,476
valid_report,KGRK,2013,3,672
valid_report,KGRK,2013,4,848
valid_report,KGRK,2013,5,1015
valid_report,KGRK,2014,1,68
valid_report,KGRK,2014,2,122
valid_report,KGRK,2014,3,174
valid_report,KGRK,2014,4,228
valid_report,KGRK,2014,5,280
valid_report,KGRK,2015,1,350
valid_report,KGRK,2015,2,600
valid_report,KGRK,2015,3,819
valid_report,KGRK,2015,4,1032
valid_report,KGRK,2015,5,1230
valid_report,KGRK,2016,1,398
valid_report,KGRK,2016,2,718
valid_report,KGRK,2016,3,1017
valid_report,KGRK,2016,4,1312
valid_report,KGRK,2016,5,1585
valid_report,KGRK,2017,1,67
valid_report,KGRK,2017,2,116
valid_report,KGRK,2017,3,150
valid_report,KGRK,2017,4,176
valid_report,KGRK,2017,5,195
valid_report,KGRK,2018,1,229
valid_report,KGRK,2018,2,412
valid_report,KGRK,2018,3,567
valid_report,KGRK,2018,4,696
valid_report,KGRK,2018,5,785
valid_report,KGRK,2019,1,224
valid_report,KGRK,2019,2,396
valid_report,KGRK,2019,3,528
valid_report,KGRK,2019,4,632
valid_report,KGRK,2019,5,725
valid_report,KGRK,2020,1,119
valid_report,KGRK,2020,2,186
valid_report,KGRK,2020,3,222
valid_report,KGRK,2020,4,264
valid_report,KGRK,2020,5,310
valid_report,KGRK,2021,1,188
valid_report,KGRK,2021,2,356
valid_report,KGRK,2021,3,489
valid_report,KGRK,2021,4,604
valid_report,KGRK,2021,5,685
valid_report,KGRK,2022,1,123
valid_report,KGRK,2022,2,226
valid_report,KGRK,2022,3,315
valid_report,KGRK,2022,4,396
valid_report,KGRK,2022,5,460
valid_report,KGRK,2023,1,171
valid_report,KGRK,2023,2,322
valid_report,KGRK,2023,3,450
valid_report,KGRK,2023,4,544
valid_report,KGRK,2023,5,605
valid_report,KGRK,2024,1,261
valid_report,KGRK,2024,2,460
valid_report,KGRK,2024,3,582
valid_report,KGRK,2024,4,676
valid_report,KGRK,2024,5,715
valid_report,KGRR,2013,1,114
valid_report,KGRR,2013,2,182
valid_report,KGRR,2013,3,210
valid_report,KGRR,2013,4,220
valid_report,KGRR,2013,5,215
valid_report,KGRR,2014,1,106
valid_report,KGRR,2014,2,184
valid_report,KGRR,2014,3,237
valid_report,KGRR,2014,4,276
valid_report,KGRR,2014,5,310
valid_report,KGRR,2015,1,102
valid_report,KGRR,2015,2,154
valid_report,KGRR,2015,3,189
valid_report,KGRR,2015,4,200
valid_report,KGRR,2015,5,200
valid_report,KGRR,2016,1,101
valid_report,KGRR,2016,2,176
valid_report,KGRR,2016,3,231
valid_report,KGRR,2016,4,284
valid_report,KGRR,2016,5,310
valid_report,KGRR,2017,1,153
valid_report,KGRR,2017,2,266
valid_report,KGRR,2017,3,348
valid_report,KGRR,2017,4,416
valid_report,KGRR,2017,5,460
valid_report,KGRR,2018,1,141
valid_report,KGRR,2018,2,240
valid_report,KGRR,2018,3,312
valid_report,KGRR,2018,4,368
valid_report,KGRR,2018,5,420
valid_report,KGRR,2019,1,130
valid_report,KGRR,2019,2,212
valid_report,KGRR,2019,3,276
valid_report,KGRR,2019,4,316
valid_report,KGRR,2019,5,340
valid_report,KGRR,2020,1,114
valid_report,KGRR,2020,2,192
valid_report,KGRR,2020,3,255
valid_report,KGRR,2020,4,308
valid_report,KGRR,2020,5,335
valid_report,KGRR,2021,1,171
valid_report,KGRR,2021,2,268
valid_report,KGRR,2021,3,306
valid_report,KGRR,2021,4,316
valid_report,KGRR,2021,5,325
valid_report,KGRR,2022,1,109
valid_report,KGRR,2022,2,182
valid_report,KGRR,2022,3,228
valid_report,KGRR,2022,4,252
valid_report,KGRR,2022,5,260
valid_report,KGRR,2023,1,97
valid_report,KGRR,2023,2,180
valid_report,KGRR,2023,3,240
valid_report,KGRR,2023,4,272
valid_report,KGRR,2023,5,295
valid_report,KGRR,2024,1,180
valid_report,KGRR,2024,2,348
valid_report,KGRR,2024,3,486
valid_report,KGRR,2024,4,600
valid_report,KGRR,2024,5,655
valid_report,KGSP,2013,1,331
valid_report,KGSP,2013,2,614
valid_report,KGSP,2013,3,852
valid_report,KGSP,2013,4,1048
valid_report,KGSP,2013,5,1220
valid_report,KGSP,2014,1,199
valid_report,KGSP,2014,2,346
valid_report,KGSP,2014,3,456
valid_report,KGSP,2014,4,532
valid_report,KGSP,2014,5,570
valid_report,KGSP,2015,1,149
valid_report,KGSP,2015,2,248
valid_report,KGSP,2015,3,321
valid_report,KGSP,2015,4,376
valid_report,KGSP,2015,5,420
valid_report,KGSP,2016,1,143
valid_report,KGSP,2016,2,236
valid_report,KGSP,2016,3,309
valid_report,KGSP,2016,4,368
valid_report,KGSP,2016,5,390
valid_report,KGSP,2017,1,61
valid_report,KGSP,2017,2,114
valid_report,KGSP,2017,3,162
valid_report,KGSP,2017,4,180
valid_report,KGSP,2017,5,160
valid_report,KGSP,2018,1,289
valid_report,KGSP,2018,2,528
valid_report,KGSP,2018,3,732
valid_report,KGSP,2018,4,904
valid_report,KGSP,2018,5,1055
valid_report,KGSP,2019,1,263
valid_report,KGSP,2019,2,458
valid_report,KGSP,2019,3,588
valid_report,KGSP,2019,4,700
valid_report,KGSP,2019,5,775
valid_report,KGSP,2020,1,230
valid_report,KGSP,2020,2,386
valid_report,KGSP,2020,3,489
valid_report,KGSP,2020,4,568
valid_report,KGSP,2020,5,625
valid_report,KGSP,2021,1,179
valid_report,KGSP,2021,2,318
valid_report,KGSP,2021,3,417
valid_report,KGSP,2021,4,476
valid_report,KGSP,2021,5,505
valid_report,KGSP,2022,1,218
valid_report,KGSP,2022,2,386
valid_report,KGSP,2022,3,516
valid_report,KGSP,2022,4,604
valid_report,KGSP,2022,5,635
valid_report,KGSP,2023,1,175
valid_report,KGSP,2023,2,318
valid_report,KGSP,2023,3,438
valid_report,KGSP,2023,4,544
valid_report,KGSP,2023,5,625
valid_report,KGSP,2024,1,221
valid_report,KGSP,2024,2,390
valid_report,KGSP,2024,3,495
valid_report,KGSP,2024,4,532
valid_report,KGSP,2024,5,520
valid_report,KGWX,2013,1,104
valid_report,KGWX,2013,2,154
valid_report,KGWX,2013,3,174
valid_report,KGWX,2013,4,200
valid_report,KGWX,2013,5,215
valid_report,KGWX,2014,1,232
valid_report,KGWX,2014,2,390
valid_report,KGWX,2014,3,507
valid_report,KGWX,2014,4,596
valid_report,KGWX,2014,5,665
valid_report,KGWX,2015,1,109
valid_report,KGWX,2015,2,206
valid_report,KGWX,2015,3,300
valid_report,KGWX,2015,4,392
valid_report,KGWX,2015,5,475
valid_report,KGWX,2016,1,348
valid_report,KGWX,2016,2,642
valid_report,KGWX,2016,3,882
valid_report,KGWX,2016,4,1088
valid_report,KGWX,2016,5,1245
valid_report,KGWX,2017,1,345
valid_report,KGWX,2017,2,566
valid_report,KGWX,2017,3,675
valid_report,KGWX,2017,4,692
valid_report,KGWX,2017,5,670
valid_report,KGWX,2018,1,278
valid_report,KGWX,2018,2,452
valid_report,KGWX,2018,3,534
valid_report,KGWX,2018,4,572
valid_report,KGWX,2018,5,610
valid_report,KGWX,2019,1,142
valid_report,KGWX,2019,2,248
valid_report,KGWX,2019,3,333
valid_report,KGWX,2019,4,404
valid_report,KGWX,2019,5,475
valid_report,KGWX,2020,1,175
valid_report,KGWX,2020,2,272
valid_report,KGWX,2020,3,345
valid_report,KGWX,2020,4,388
valid_report,KGWX,2020,5,415
valid_report,KGWX,2021,1,147
valid_report,KGWX,2021,2,252
valid_report,KGWX,2021,3,333
valid_report,KGWX,2021,4,380
valid_report,KGWX,2021,5,415
valid_report,KGWX,2022,1,193
valid_report,KGWX,2022,2,346
valid_report,KGWX,2022,3,471
valid_report,KGWX,2022,4,576
valid_report,KGWX,2022,5,690
valid_report,KGWX,2023,1,182
valid_report,KGWX,2023,2,318
valid_report,KGWX,2023,3,426
valid_report,KGWX,2023,4,512
valid_report,KGWX,2023,5,580
valid_report,KGWX,2024,1,211
valid_report,KGWX,2024,2,386
valid_report,KGWX,2024,3,531
valid_report,KGWX,2024,4,644
valid_report,KGWX,2024,5,740
valid_report,KHDX,2013,1,27
valid_report,KHDX,2013,2,38
valid_report,KHDX,2013,3,42
valid_report,KHDX,2013,4,40
valid_report,KHDX,2013,5,35
valid_report,KHDX,2014,1,17
valid_report,KHDX,2014,2,12
valid_report,KHDX,2014,3,6
valid_report,KHDX,2015,1,166
valid_report,KHDX,2015,2,302
valid_report,KHDX,2015,3,411
valid_report,KHDX,2015,4,476
valid_report,KHDX,2015,5,515
valid_report,KHDX,2016,1,117
valid_report,KHDX,2016,2,188
valid_report,KHDX,2016,3,228
valid_report,KHDX,2016,4,260
valid_report,KHDX,2016,5,285
valid_report,KHDX,2017,1,166
valid_report,KHDX,2017,2,290
valid_report,KHDX,2017,3,390
valid_report,KHDX,2017,4,476
valid_report,KHDX,2017,5,535
valid_report,KHDX,2018,1,67
valid_report,KHDX,2018,2,102
valid_report,KHDX,2018,3,126
valid_report,KHDX,2018,4,148
valid_report,KHDX,2018,5,145
valid_report,KHDX,2019,1,128
valid_report,KHDX,2019,2,226
valid_report,KHDX,2019,3,285
valid_report,KHDX,2019,4,320
valid_report,KHDX,2019,5,345
valid_report,KHDX,2020,1,99
valid_report,KHDX,2020,2,182
valid_report,KHDX,2020,3,237
valid_report,KHDX,2020,4,260
valid_report,KHDX,2020,5,265
valid_report,KHDX,2021,1,31
valid_report,KHDX,2021,2,58
valid_report,KHDX,2021,3,78
valid_report,KHDX,2021,4,72
valid_report,KHDX,2021,5,50
valid_report,KHDX,2022,1,82
valid_report,KHDX,2022,2,134
valid_report,KHDX,2022,3,171
valid_report,KHDX,2022,4,168
valid_report,KHDX,2022,5,135
valid_report,KHDX,2023,1,89
valid_report,KHDX,2023,2,156
valid_report,KHDX,2023,3,207
valid_report,KHDX,2023,4,228
valid_report,KHDX,2023,5,220
valid_report,KHDX,2024,1,106
valid_report,KHDX,2024,2,180
valid_report,KHDX,2024,3,228
valid_report,KHDX,2024,4,272
valid_report,KHDX,2024,5,300
valid_report,KHGX,2013,1,148
valid_report,KHGX,2013,2,218
valid_report,KHGX,2013,3,246
valid_report,KHGX,2013,4,236
valid_report,KHGX,2013,5,235
valid_report,KHGX,2014,1,246
valid_report,KHGX,2014,2,436
valid_report,KHGX,2014,3,594
valid_report,KHGX,2014,4,724
valid_report,KHGX,2014,5,840
valid_report,KHGX,2015,1,252
valid_report,KHGX,2015,2,464
valid_report,KHGX,2015,3,657
valid_report,KHGX,2015,4,840
valid_report,KHGX,2015,5,1020
valid_report,KHGX,2016,1,145
valid_report,KHGX,2016,2,246
valid_report,KHGX,2016,3,339
valid_report,KHGX,2016,4,440
valid_report,KHGX,2016,5,535
valid_report,KHGX,2017,1,218
valid_report,KHGX,2017,2,350
valid_report,KHGX,2017,3,453
valid_report,KHGX,2017,4,544
valid_report,KHGX,2017,5,630
valid_report,KHGX,2018,1,190
valid_report,KHGX,2018,2,322
valid_report,KHGX,2018,3,441
valid_report,KHGX,2018,4,552
valid_report,KHGX,2018,5,655
valid_report,KHGX,2019,1,166
valid_report,KHGX,2019,2,268
valid_report,KHGX,2019,3,336
valid_report,KHGX,2019,4,400
valid_report,KHGX,2019,5,450
valid_report,KHGX,2020,1,268
valid_report,KHGX,2020,2,456
valid_report,KHGX,2020,3,612
valid_report,KHGX,2020,4,736
valid_report,KHGX,2020,5,855
valid_report,KHGX,2021,1,270
valid_report,KHGX,2021,2,488
valid_report,KHGX,2021,3,669
valid_report,KHGX,2021,4,828
valid_report,KHGX,2021,5,955
valid_report,KHGX,2022,1,258
valid_report,KHGX,2022,2,466
valid_report,KHGX,2022,3,651
valid_report,KHGX,2022,4,824
valid_report,KHGX,2022,5,1000
valid_report,KHGX,2023,1,228
valid_report,KHGX,2023,2,402
valid_report,KHGX,2023,3,543
valid_report,KHGX,2023,4,648
valid_report,KHGX,2023,5,725
valid_report,KHGX,2024,1,135
valid_report,KHGX,2024,2,240
valid_report,KHGX,2024,3,330
valid_report,KHGX,2024,4,412
valid_report,KHGX,2024,5,480
valid_report,KHNX,2013,1,97
valid_report,KHNX,2013,2,156
valid_report,KHNX,2013,3,216
valid_report,KHNX,2013,4,272
valid_report,KHNX,2013,5,310
valid_report,KHNX,2014,1,21
valid_report,KHNX,2014,2,24
valid_report,KHNX,2014,3,27
valid_report,KHNX,2014,4,36
valid_report,KHNX,2014,5,45
valid_report,KHNX,2015,1,156
valid_report,KHNX,2015,2,260
valid_report,KHNX,2015,3,351
valid_report,KHNX,2015,4,440
valid_report,KHNX,2015,5,540
valid_report,KHNX,2016,1,149
valid_report,KHNX,2016,2,226
valid_report,KHNX,2016,3,270
valid_report,KHNX,2016,4,292
valid_report,KHNX,2016,5,325
valid_report,KHNX,2017,1,166
valid_report,KHNX,2017,2,266
valid_report,KHNX,2017,3,342
valid_report,KHNX,2017,4,404
valid_report,KHNX,2017,5,470
valid_report,KHNX,2018,1,136
valid_report,KHNX,2018,2,208
valid_report,KHNX,2018,3,252
valid_report,KHNX,2018,4,288
valid_report,KHNX,2018,5,330
valid_report,KHNX,2019,1,189
valid_report,KHNX,2019,2,344
valid_report,KHNX,2019,3,462
valid_report,KHNX,2019,4,560
valid_report,KHNX,2019,5,645
valid_report,KHNX,2020,1,126
valid_report,KHNX,2020,2,168
valid_report,KHNX,2020,3,174
valid_report,KHNX,2020,4,168
valid_report,KHNX,2020,5,175
valid_report,KHNX,2021,1,161
valid_report,KHNX,2021,2,240
valid_report,KHNX,2021,3,291
valid_report,KHNX,2021,4,348
valid_report,KHNX,2021,5,400
valid_report,KHNX,2022,1,131
valid_report,KHNX,2022,2,228
valid_report,KHNX,2022,3,309
valid_report,KHNX,2022,4,380
valid_report,KHNX,2022,5,435
valid_report,KHNX,2023,1,134
valid_report,KHNX,2023,2,226
valid_report,KHNX,2023,3,285
valid_report,KHNX,2023,4,348
valid_report,KHNX,2023,5,420
valid_report,KHNX,2024,1,162
valid_report,KHNX,2024,2,270
valid_report,KHNX,2024,3,360
valid_report,KHNX,2024,4,440
valid_report,KHNX,2024,5,530
valid_report,KHPX,2013,1,54
valid_report,KHPX,2013,2,82
valid_report,KHPX,2013,3,90
valid_report,KHPX,2013,4,92
valid_report,KHPX,2013,5,95
valid_report,KHPX,2014,1,182
valid_report,KHPX,2014,2,304
valid_report,KHPX,2014,3,396
valid_report,KHPX,2014,4,452
valid_report,KHPX,2014,5,490
valid_report,KHPX,2015,1,115
valid_report,KHPX,2015,2,208
valid_report,KHPX,2015,3,288
valid_report,KHPX,2015,4,344
valid_report,KHPX,2015,5,375
valid_report,KHPX,2016,1,242
valid_report,KHPX,2016,2,406
valid_report,KHPX,2016,3,504
valid_report,KHPX,2016,4,560
valid_report,KHPX,2016,5,635
valid_report,KHPX,2017,1,84
valid_report,KHPX,2017,2,140
valid_report,KHPX,2017,3,192
valid_report,KHPX,2017,4,236
valid_report,KHPX,2017,5,280
valid_report,KHPX,2018,1,217
valid_report,KHPX,2018,2,392
valid_report,KHPX,2018,3,543
valid_report,KHPX,2018,4,668
valid_report,KHPX,2018,5,755
valid_report,KHPX,2019,1,373
valid_report,KHPX,2019,2,672
valid_report,KHPX,2019,3,912
valid_report,KHPX,2019,4,1092
valid_report,KHPX,2019,5,1210
valid_report,KHPX,2020,1,132
valid_report,KHPX,2020,2,226
valid_report,KHPX,2020,3,309
valid_report,KHPX,2020,4,396
valid_report,KHPX,2020,5,440
valid_report,KHPX,2021,1,230
valid_report,KHPX,2021,2,418
valid_report,KHPX,2021,3,582
valid_report,KHPX,2021,4,708
valid_report,KHPX,2021,5,810
valid_report,KHPX,2022,1,118
valid_report,KHPX,2022,2,198
valid_report,KHPX,2022,3,252
valid_report,KHPX,2022,4,300
valid_report,KHPX,2022,5,335
valid_report,KHPX,2023,1,175
valid_report,KHPX,2023,2,310
valid_report,KHPX,2023,3,429
valid_report,KHPX,2023,4,508
valid_report,KHPX,2023,5,550
valid_report,KHPX,2024,1,191
valid_report,KHPX,2024,2,356
valid_report,KHPX,2024,3,510
valid_report,KHPX,2024,4,632
valid_report,KHPX,2024,5,720
valid_report,KILN,2013,1,95
valid_report,KILN,2013,2,152
valid_report,KILN,2013,3,201
valid_report,KILN,2013,4,240
valid_report,KILN,2013,5,250
valid_report,KILN,2014,1,78
valid_report,KILN,2014,2,130
valid_report,KILN,2014,3,168
valid_report,KILN,2014,4,200
valid_report,KILN,2014,5,230
valid_report,KILN,2015,1,155
valid_report,KILN,2015,2,266
valid_report,KILN,2015,3,372
valid_report,KILN,2015,4,448
valid_report,KILN,2015,5,525
valid_report,KILN,2016,1,234
valid_report,KILN,2016,2,368
valid_report,KILN,2016,3,459
valid_report,KILN,2016,4,504
valid_report,KILN,2016,5,525
valid_report,KILN,2017,1,29
valid_report,KILN,2017,2,38
valid_report,KILN,2017,3,39
valid_report,KILN,2017,4,40
valid_report,KILN,2017,5,30
valid_report,KILN,2018,1,148
valid_report,KILN,2018,2,240
valid_report,KILN,2018,3,285
valid_report,KILN,2018,4,296
valid_report,KILN,2018,5,320
valid_report,KILN,2019,1,191
valid_report,KILN,2019,2,346
valid_report,KILN,2019,3,471
valid_report,KILN,2019,4,564
valid_report,KILN,2019,5,635
valid_report,KILN,2020,1,231
valid_report,KILN,2020,2,414
valid_report,KILN,2020,3,558
valid_report,KILN,2020,4,644
valid_report,KILN,2020,5,645
valid_report,KILN,2021,1,194
valid_report,KILN,2021,2,318
valid_report,KILN,2021,3,402
valid_report,KILN,2021,4,464
valid_report,KILN,2021,5,520
valid_report,KILN,2022,1,220
valid_report,KILN,2022,2,384
valid_report,KILN,2022,3,489
valid_report,KILN,2022,4,552
valid_report,KILN,2022,5,620
valid_report,KILN,2023,1,207
valid_report,KILN,2023,2,382
valid_report,KILN,2023,3,528
valid_report,KILN,2023,4,624
valid_report,KILN,2023,5,655
valid_report,KILN,2024,1,86
valid_report,KILN,2024,2,128
valid_report,KILN,2024,3,123
valid_report,KILN,2024,4,84
valid_report,KILN,2024,5,50
valid_report,KILX,2013,1,138
valid_report,KILX,2013,2,240
valid_report,KILX,2013,3,315
valid_report,KILX,2013,4,368
valid_report,KILX,2013,5,415
valid_report,KILX,2014,1,36
valid_report,KILX,2014,2,54
valid_report,KILX,2014,3,72
valid_report,KILX,2014,4,84
valid_report,KILX,2014,5,85
valid_report,KILX,2015,1,99
valid_report,KILX,2015,2,154
valid_report,KILX,2015,3,180
valid_report,KILX,2015,4,192
valid_report,KILX,2015,5,180
valid_report,KILX,2016,1,206
valid_report,KILX,2016,2,352
valid_report,KILX,2016,3,450
valid_report,KILX,2016,4,520
valid_report,KILX,2016,5,545
valid_report,KILX,2017,1,178
valid_report,KILX,2017,2,294
valid_report,KILX,2017,3,378
valid_report,KILX,2017,4,448
valid_report,KILX,2017,5,515
valid_report,KILX,2018,1,159
valid_report,KILX,2018,2,274
valid_report,KILX,2018,3,357
valid_report,KILX,2018,4,412
valid_report,KILX,2018,5,420
valid_report,KILX,2019,1,83
valid_report,KILX,2019,2,130
valid_report,KILX,2019,3,159
valid_report,KILX,2019,4,184
valid_report,KILX,2019,5,220
valid_report,KILX,2020,1,186
valid_report,KILX,2020,2,312
valid_report,KILX,2020,3,420
valid_report,KILX,2020,4,508
valid_report,KILX,2020,5,590
valid_report,KILX,2021,1,72
valid_report,KILX,2021,2,102
valid_report,KILX,2021,3,129
valid_report,KILX,2021,4,152
valid_report,KILX,2021,5,165
valid_report,KILX,2022,1,138
valid_report,KILX,2022,2,238
valid_report,KILX,2022,3,312
valid_report,KILX,2022,4,340
valid_report,KILX,2022,5,340
valid_report,KILX,2023,1,155
valid_report,KILX,2023,2,270
valid_report,KILX,2023,3,363
valid_report,KILX,2023,4,444
valid_report,KILX,2023,5,530
valid_report,KILX,2024,1,350
valid_report,KILX,2024,2,606
valid_report,KILX,2024,3,777
valid_report,KILX,2024,4,900
valid_report,KILX,2024,5,1035
valid_report,KINX,2013,1,153
valid_report,KINX,2013,2,246
valid_report,KINX,2013,3,300
valid_report,KINX,2013,4,376
valid_report,KINX,2013,5,445
valid_report,KINX,2014,1,268
valid_report,KINX,2014,2,466
valid_report,KINX,2014,3,612
valid_report,KINX,2014,4,768
valid_report,KINX,2014,5,905
valid_report,KINX,2015,1,126
valid_report,KINX,2015,2,236
valid_report,KINX,2015,3,333
valid_report,KINX,2015,4,408
valid_report,KINX,2015,5,465
valid_report,KINX,2016,1,176
valid_report,KINX,2016,2,312
valid_report,KINX,2016,3,429
valid_report,KINX,2016,4,532
valid_report,KINX,2016,5,580
valid_report,KINX,2017,1,179
valid_report,KINX,2017,2,296
valid_report,KINX,2017,3,381
valid_report,KINX,2017,4,432
valid_report,KINX,2017,5,465
valid_report,KINX,2018,1,219
valid_report,KINX,2018,2,374
valid_report,KINX,2018,3,495
valid_report,KINX,2018,4,572
valid_report,KINX,2018,5,605
valid_report,KINX,2019,1,154
valid_report,KINX,2019,2,268
valid_report,KINX,2019,3,363
valid_report,KINX,2019,4,448
valid_report,KINX,2019,5,530
valid_report,KINX,2020,1,31
valid_report,KINX,2020,2,50
valid_report,KINX,2020,3,72
valid_report,KINX,2020,4,88
valid_report,KINX,2020,5,100
valid_report,KINX,2021,1,190
valid_report,KINX,2021,2,332
valid_report,KINX,2021,3,423
valid_report,KINX,2021,4,456
valid_report,KINX,2021,5,500
valid_report,KINX,2022,1,145
valid_report,KINX,2022,2,270
valid_report,KINX,2022,3,390
valid_report,KINX,2022,4,504
valid_report,KINX,2022,5,615
valid_report,KINX,2023,1,178
valid_report,KINX,2023,2,324
valid_report,KINX,2023,3,432
valid_report,KINX,2023,4,524
valid_report,KINX,2023,5,595
valid_report,KINX,2024,1,69
valid_report,KINX,2024,2,128
valid_report,KINX,2024,3,177
valid_report,KINX,2024,4,216
valid_report,KINX,2024,5,245
valid_report,KIWA,2013,1,177
valid_report,KIWA,2013,2,336
valid_report,KIWA,2013,3,489
valid_report,KIWA,2013,4,632
valid_report,KIWA,2013,5,755
valid_report,KIWA,2014,1,120
valid_report,KIWA,2014,2,208
valid_report,KIWA,2014,3,270
valid_report,KIWA,2014,4,324
valid_report,KIWA,2014,5,350
valid_report,KIWA,2015,1,282
valid_report,KIWA,2015,2,500
valid_report,KIWA,2015,3,666
valid_report,KIWA,2015,4,804
valid_report,KIWA,2015,5,910
valid_report,KIWA,2016,1,272
valid_report,KIWA,2016,2,506
valid_report,KIWA,2016,3,714
valid_report,KIWA,2016,4,896
valid_report,KIWA,2016,5,1050
valid_report,KIWA,2017,1,173
valid_report,KIWA,2017,2,320
valid_report,KIWA,2017,3,456
valid_report,KIWA,2017,4,580
valid_report,KIWA,2017,5,680
valid_report,KIWA,2018,1,228
valid_report,KIWA,2018,2,422
valid_report,KIWA,2018,3,597
valid_report,KIWA,2018,4,764
valid_report,KIWA,2018,5,915
valid_report,KIWA,2019,1,412
valid_report,KIWA,2019,2,744
valid_report,KIWA,2019,3,1041
valid_report,KIWA,2019,4,1312
valid_report,KIWA,2019,5,1540
valid_report,KIWA,2020,1,148
valid_report,KIWA,2020,2,270
valid_report,KIWA,2020,3,372
valid_report,KIWA,2020,4,452
valid_report,KIWA,2020,5,525
valid_report,KIWA,2021,1,301
valid_report,KIWA,2021,2,558
valid_report,KIWA,2021,3,786
valid_report,KIWA,2021,4,992
valid_report,KIWA,2021,5,1155
valid_report,KIWA,2022,1,253
valid_report,KIWA,2022,2,476
valid_report,KIWA,2022,3,678
valid_report,KIWA,2022,4,864
valid_report,KIWA,2022,5,1020
valid_report,KIWA,2023,1,311
valid_report,KIWA,2023,2,580
valid_report,KIWA,2023,3,834
valid_report,KIWA,2023,4,1064
valid_report,KIWA,2023,5,1240
valid_report,KIWA,2024,1,143
valid_report,KIWA,2024,2,278
valid_report,KIWA,2024,3,408
valid_report,KIWA,2024,4,520
valid_report,KIWA,2024,5,620
valid_report,KIWX,2013,1,77
valid_report,KIWX,2013,2,124
valid_report,KIWX,2013,3,150
valid_report,KIWX,2013,4,164
valid_report,KIWX,2013,5,185
valid_report,KIWX,2014,1,78
valid_report,KIWX,2014,2,114
valid_report,KIWX,2014,3,123
valid_report,KIWX,2014,4,128
valid_report,KIWX,2014,5,140
valid_report,KIWX,2015,1,71
valid_report,KIWX,2015,2,110
valid_report,KIWX,2015,3,141
valid_report,KIWX,2015,4,164
valid_report,KIWX,2015,5,185
valid_report,KIWX,2016,1,7
valid_report,KIWX,2016,2,8
valid_report,KIWX,2016,3,9
valid_report,KIWX,2016,4,12
valid_report,KIWX,2016,5,15
valid_report,KIWX,2017,1,40
valid_report,KIWX,2017,2,50
valid_report,KIWX,2017,3,54
valid_report,KIWX,2017,4,68
valid_report,KIWX,2017,5,75
valid_report,KIWX,2018,1,98
valid_report,KIWX,2018,2,156
valid_report,KIWX,2018,3,177
valid_report,KIWX,2018,4,180
valid_report,KIWX,2018,5,175
valid_report,KIWX,2019,1,98
valid_report,KIWX,2019,2,144
valid_report,KIWX,2019,3,174
valid_report,KIWX,2019,4,172
valid_report,KIWX,2019,5,170
valid_report,KIWX,2020,1,86
valid_report,KIWX,2020,2,130
valid_report,KIWX,2020,3,141
valid_report,KIWX,2020,4,132
valid_report,KIWX,2020,5,130
valid_report,KIWX,2021,1,78
valid_report,KIWX,2021,2,142
valid_report,KIWX,2021,3,195
valid_report,KIWX,2021,4,252
valid_report,KIWX,2021,5,280
valid_report,KIWX,2022,1,110
valid_report,KIWX,2022,2,184
valid_report,KIWX,2022,3,219
valid_report,KIWX,2022,4,252
valid_report,KIWX,2022,5,280
valid_report,KIWX,2023,1,77
valid_report,KIWX,2023,2,120
valid_report,KIWX,2023,3,141
valid_report,KIWX,2023,4,136
valid_report,KIWX,2023,5,100
valid_report,KIWX,2024,1,48
valid_report,KIWX,2024,2,86
valid_report,KIWX,2024,3,117
valid_report,KIWX,2024,4,148
valid_report,KIWX,2024,5,165
valid_report,KJAX,2013,1,359
valid_report,KJAX,2013,2,658
valid_report,KJAX,2013,3,948
valid_report,KJAX,2013,4,1224
valid_report,KJAX,2013,5,1430
valid_report,KJAX,2014,1,288
valid_report,KJAX,2014,2,494
valid_report,KJAX,2014,3,621
valid_report,KJAX,2014,4,680
valid_report,KJAX,2014,5,685
valid_report,KJAX,2015,1,177
valid_report,KJAX,2015,2,272
valid_report,KJAX,2015,3,327
valid_report,KJAX,2015,4,388
valid_report,KJAX,2015,5,470
valid_report,KJAX,2016,1,290
valid_report,KJAX,2016,2,484
valid_report,KJAX,2016,3,621
valid_report,KJAX,2016,4,752
valid_report,KJAX,2016,5,860
valid_report,KJAX,2017,1,170
valid_report,KJAX,2017,2,256
valid_report,KJAX,2017,3,261
valid_report,KJAX,2017,4,244
valid_report,KJAX,2017,5,235
valid_report,KJAX,2018,1,183
valid_report,KJAX,2018,2,282
valid_report,KJAX,2018,3,333
valid_report,KJAX,2018,4,372
valid_report,KJAX,2018,5,390
valid_report,KJAX,2019,1,152
valid_report,KJAX,2019,2,246
valid_report,KJAX,2019,3,300
valid_report,KJAX,2019,4,368
valid_report,KJAX,2019,5,440
valid_report,KJAX,2020,1,159
valid_report,KJAX,2020,2,224
valid_report,KJAX,2020,3,240
valid_report,KJAX,2020,4,220
valid_report,KJAX,2020,5,215
valid_report,KJAX,2021,1,192
valid_report,KJAX,2021,2,304
valid_report,KJAX,2021,3,402
valid_report,KJAX,2021,4,472
valid_report,KJAX,2021,5,510
valid_report,KJAX,2022,1,192
valid_report,KJAX,2022,2,330
valid_report,KJAX,2022,3,429
valid_report,KJAX,2022,4,492
valid_report,KJAX,2022,5,550
valid_report,KJAX,2023,1,129
valid_report,KJAX,2023,2,196
valid_report,KJAX,2023,3,219
valid_report,KJAX,2023,4,240
valid_report,KJAX,2023,5,255
valid_report,KJAX,2024,1,183
valid_report,KJAX,2024,2,318
valid_report,KJAX,2024,3,429
valid_report,KJAX,2024,4,500
valid_report,KJAX,2024,5,525
valid_report,KJKL,2013,1,128
valid_report,KJKL,2013,2,214
valid_report,KJKL,2013,3,270
valid_report,KJKL,2013,4,332
valid_report,KJKL,2013,5,370
valid_report,KJKL,2014,1,149
valid_report,KJKL,2014,2,242
valid_report,KJKL,2014,3,291
valid_report,KJKL,2014,4,272
valid_report,KJKL,2014,5,260
valid_report,KJKL,2015,1,265
valid_report,KJKL,2015,2,490
valid_report,KJKL,2015,3,675
valid_report,KJKL,2015,4,776
valid_report,KJKL,2015,5,790
valid_report,KJKL,2016,1,55
valid_report,KJKL,2016,2,84
valid_report,KJKL,2016,3,87
valid_report,KJKL,2016,4,84
valid_report,KJKL,2016,5,90
valid_report,KJKL,2017,1,80
valid_report,KJKL,2017,2,142
valid_report,KJKL,2017,3,189
valid_report,KJKL,2017,4,236
valid_report,KJKL,2017,5,275
valid_report,KJKL,2018,1,128
valid_report,KJKL,2018,2,198
valid_report,KJKL,2018,3,228
valid_report,KJKL,2018,4,244
valid_report,KJKL,2018,5,235
valid_report,KJKL,2019,1,112
valid_report,KJKL,2019,2,200
valid_report,KJKL,2019,3,270
valid_report,KJKL,2019,4,332
valid_report,KJKL,2019,5,375
valid_report,KJKL,2020,1,62
valid_report,KJKL,2020,2,80
valid_report,KJKL,2020,3,84
valid_report,KJKL,2020,4,80
valid_report,KJKL,2020,5,70
valid_report,KJKL,2021,1,199
valid_report,KJKL,2021,2,370
valid_report,KJKL,2021,3,513
valid_report,KJKL,2021,4,528
valid_report,KJKL,2021,5,470
valid_report,KJKL,2022,1,115
valid_report,KJKL,2022,2,184
valid_report,KJKL,2022,3,219
valid_report,KJKL,2022,4,236
valid_report,KJKL,2022,5,285
valid_report,KJKL,2023,1,124
valid_report,KJKL,2023,2,218
valid_report,KJKL,2023,3,300
valid_report,KJKL,2023,4,380
valid_report,KJKL,2023,5,445
valid_report,KJKL,2024,1,230
valid_report,KJKL,2024,2,432
valid_report,KJKL,2024,3,606
valid_report,KJKL,2024,4,744
valid_report,KJKL,2024,5,820
valid_report,KLBB,2013,1,21
valid_report,KLBB,2013,2,26
valid_report,KLBB,2013,3,21
valid_report,KLBB,2013,4,12
valid_report,KLBB,2014,1,203
valid_report,KLBB,2014,2,308
valid_report,KLBB,2014,3,372
valid_report,KLBB,2014,4,400
valid_report,KLBB,2014,5,440
valid_report,KLBB,2015,1,89
valid_report,KLBB,2015,2,122
valid_report,KLBB,2015,3,123
valid_report,KLBB,2015,4,124
valid_report,KLBB,2015,5,125
valid_report,KLBB,2016,1,51
valid_report,KLBB,2016,2,60
valid_report,KLBB,2016,3,51
valid_report,KLBB,2016,4,48
valid_report,KLBB,2016,5,50
valid_report,KLBB,2017,1,126
valid_report,KLBB,2017,2,188
valid_report,KLBB,2017,3,219
valid_report,KLBB,2017,4,248
valid_report,KLBB,2017,5,280
valid_report,KLBB,2018,1,69
valid_report,KLBB,2018,2,112
valid_report,KLBB,2018,3,147
valid_report,KLBB,2018,4,164
valid_report,KLBB,2018,5,170
valid_report,KLBB,2019,1,100
valid_report,KLBB,2019,2,148
valid_report,KLBB,2019,3,177
valid_report,KLBB,2019,4,164
valid_report,KLBB,2019,5,145
valid_report,KLBB,2020,1,144
valid_report,KLBB,2020,2,190
valid_report,KLBB,2020,3,216
valid_report,KLBB,2020,4,224
valid_report,KLBB,2020,5,235
valid_report,KLBB,2021,1,146
valid_report,KLBB,2021,2,244
valid_report,KLBB,2021,3,300
valid_report,KLBB,2021,4,320
valid_report,KLBB,2021,5,320
valid_report,KLBB,2022,1,36
valid_report,KLBB,2022,2,66
valid_report,KLBB,2022,3,87
valid_report,KLBB,2022,4,100
valid_report,KLBB,2022,5,105
valid_report,KLBB,2023,1,135
valid_report,KLBB,2023,2,224
valid_report,KLBB,2023,3,276
valid_report,KLBB,2023,4,300
valid_report,KLBB,2023,5,310
valid_report,KLBB,2024,1,113
valid_report,KLBB,2024,2,188
valid_report,KLBB,2024,3,240
valid_report,KLBB,2024,4,264
valid_report,KLBB,2024,5,275
valid_report,KLCH,2013,1,180
valid_report,KLCH,2013,2,290
valid_report,KLCH,2013,3,363
valid_report,KLCH,2013,4,436
valid_report,KLCH,2013,5,505
valid_report,KLCH,2014,1,159
valid_report,KLCH,2014,2,234
valid_report,KLCH,2014,3,270
valid_report,KLCH,2014,4,292
valid_report,KLCH,2014,5,295
valid_report,KLCH,2015,1,190
valid_report,KLCH,2015,2,292
valid_report,KLCH,2015,3,351
valid_report,KLCH,2015,4,392
valid_report,KLCH,2015,5,430
valid_report,KLCH,2016,1,268
valid_report,KLCH,2016,2,426
valid_report,KLCH,2016,3,513
valid_report,KLCH,2016,4,568
valid_report,KLCH,2016,5,630
valid_report,KLCH,2017,1,169
valid_report,KLCH,2017,2,256
valid_report,KLCH,2017,3,300
valid_report,KLCH,2017,4,320
valid_report,KLCH,2017,5,345
valid_report,KLCH,2018,1,237
valid_report,KLCH,2018,2,352
valid_report,KLCH,2018,3,390
valid_report,KLCH,2018,4,404
valid_report,KLCH,2018,5,415
valid_report,KLCH,2019,1,105
valid_report,KLCH,2019,2,176
valid_report,KLCH,2019,3,225
valid_report,KLCH,2019,4,260
valid_report,KLCH,2019,5,290
valid_report,KLCH,2020,1,4
valid_report,KLCH,2021,1,253
valid_report,KLCH,2021,2,404
valid_report,KLCH,2021,3,510
valid_report,KLCH,2021,4,588
valid_report,KLCH,2021,5,670
valid_report,KLCH,2022,1,79
valid_report,KLCH,2022,2,126
valid_report,KLCH,2022,3,159
valid_report,KLCH,2022,4,180
valid_report,KLCH,2022,5,185
valid_report,KLCH,2023,1,165
valid_report,KLCH,2023,2,260
valid_report,KLCH,2023,3,315
valid_report,KLCH,2023,4,352
valid_report,KLCH,2023,5,380
valid_report,KLCH,2024,1,145
valid_report,KLCH,2024,2,224
valid_report,KLCH,2024,3,282
valid_report,KLCH,2024,4,320
valid_report,KLCH,2024,5,345
valid_report,KLGX,2013,1,68
valid_report,KLGX,2013,2,132
valid_report,KLGX,2013,3,198
valid_report,KLGX,2013,4,260
valid_report,KLGX,2013,5,315
valid_report,KLGX,2014,1,151
valid_report,KLGX,2014,2,264
valid_report,KLGX,2014,3,354
valid_report,KLGX,2014,4,428
valid_report,KLGX,2014,5,505
valid_report,KLGX,2015,1,73
valid_report,KLGX,2015,2,134
valid_report,KLGX,2015,3,189
valid_report,KLGX,2015,4,228
valid_report,KLGX,2015,5,265
valid_report,KLGX,2016,1,50
valid_report,KLGX,2016,2,90
valid_report,KLGX,2016,3,120
valid_report,KLGX,2016,4,144
valid_report,KLGX,2016,5,165
valid_report,KLGX,2017,1,92
valid_report,KLGX,2017,2,150
valid_report,KLGX,2017,3,192
valid_report,KLGX,2017,4,228
valid_report,KLGX,2017,5,255
valid_report,KLGX,2018,1,88
valid_report,KLGX,2018,2,148
valid_report,KLGX,2018,3,198
valid_report,KLGX,2018,4,236
valid_report,KLGX,2018,5,260
valid_report,KLGX,2019,1,170
valid_report,KLGX,2019,2,274
valid_report,KLGX,2019,3,324
valid_report,KLGX,2019,4,344
valid_report,KLGX,2019,5,370
valid_report,KLGX,2020,1,144
valid_report,KLGX,2020,2,260
valid_report,KLGX,2020,3,366
valid_report,KLGX,2020,4,464
valid_report,KLGX,2020,5,545
valid_report,KLGX,2021,1,65
valid_report,KLGX,2021,2,118
valid_report,KLGX,2021,3,165
valid_report,KLGX,2021,4,204
valid_report,KLGX,2021,5,225
valid_report,KLGX,2022,1,64
valid_report,KLGX,2022,2,90
valid_report,KLGX,2022,3,84
valid_report,KLGX,2022,4,60
valid_report,KLGX,2022,5,35
valid_report,KLGX,2023,1,110
valid_report,KLGX,2023,2,178
valid_report,KLGX,2023,3,219
valid_report,KLGX,2023,4,256
valid_report,KLGX,2023,5,310
valid_report,KLGX,2024,1,120
valid_report,KLGX,2024,2,218
valid_report,KLGX,2024,3,297
valid_report,KLGX,2024,4,348
valid_report,KLGX,2024,5,375
valid_report,KLIX,2013,1,82
valid_report,KLIX,2013,2,130
valid_report,KLIX,2013,3,177
valid_report,KLIX,2013,4,220
valid_report,KLIX,2013,5,260
valid_report,KLIX,2014,1,122
valid_report,KLIX,2014,2,180
valid_report,KLIX,2014,3,219
valid_report,KLIX,2014,4,236
valid_report,KLIX,2014,5,250
valid_report,KLIX,2015,1,99
valid_report,KLIX,2015,2,156
valid_report,KLIX,2015,3,189
valid_report,KLIX,2015,4,220
valid_report,KLIX,2015,5,245
valid_report,KLIX,2016,1,69
valid_report,KLIX,2016,2,116
valid_report,KLIX,2016,3,141
valid_report,KLIX,2016,4,160
valid_report,KLIX,2016,5,170
valid_report,KLIX,2017,1,212
valid_report,KLIX,2017,2,316
valid_report,KLIX,2017,3,384
valid_report,KLIX,2017,4,436
valid_report,KLIX,2017,5,470
valid_report,KLIX,2018,1,100
valid_report,KLIX,2018,2,152
valid_report,KLIX,2018,3,180
valid_report,KLIX,2018,4,200
valid_report,KLIX,2018,5,225
valid_report,KLIX,2019,1,73
valid_report,KLIX,2019,2,100
valid_report,KLIX,2019,3,108
valid_report,KLIX,2019,4,124
valid_report,KLIX,2019,5,145
valid_report,KLIX,2020,1,229
valid_report,KLIX,2020,2,352
valid_report,KLIX,2020,3,399
valid_report,KLIX,2020,4,416
valid_report,KLIX,2020,5,440
valid_report,KLIX,2021,1,12
valid_report,KLIX,2021,2,18
valid_report,KLIX,2021,3,18
valid_report,KLIX,2021,4,20
valid_report,KLIX,2021,5,20
valid_report,KLIX,2022,1,143
valid_report,KLIX,2022,2,218
valid_report,KLIX,2022,3,249
valid_report,KLIX,2022,4,240
valid_report,KLIX,2022,5,215
valid_report,KLIX,2023,1,54
valid_report,KLIX,2023,2,56
valid_report,KLIX,2023,3,60
valid_report,KLIX,2023,4,68
valid_report,KLIX,2023,5,70
valid_report,KLNX,2013,1,86
valid_report,KLNX,2013,2,156
valid_report,KLNX,2013,3,219
valid_report,KLNX,2013,4,264
valid_report,KLNX,2013,5,290
valid_report,KLNX,2014,1,142
valid_report,KLNX,2014,2,260
valid_report,KLNX,2014,3,351
valid_report,KLNX,2014,4,420
valid_report,KLNX,2014,5,440
valid_report,KLNX,2015,1,155
valid_report,KLNX,2015,2,274
valid_report,KLNX,2015,3,360
valid_report,KLNX,2015,4,432
valid_report,KLNX,2015,5,485
valid_report,KLNX,2016,1,108
valid_report,KLNX,2016,2,168
valid_report,KLNX,2016,3,165
valid_report,KLNX,2016,4,128
valid_report,KLNX,2016,5,95
valid_report,KLNX,2017,1,95
valid_report,KLNX,2017,2,168
valid_report,KLNX,2017,3,198
valid_report,KLNX,2017,4,212
valid_report,KLNX,2017,5,205
valid_report,KLNX,2018,1,31
valid_report,KLNX,2018,2,52
valid_report,KLNX,2018,3,69
valid_report,KLNX,2018,4,88
valid_report,KLNX,2018,5,105
valid_report,KLNX,2019,1,116
valid_report,KLNX,2019,2,216
valid_report,KLNX,2019,3,303
valid_report,KLNX,2019,4,380
valid_report,KLNX,2019,5,425
valid_report,KLNX,2020,1,53
valid_report,KLNX,2020,2,78
valid_report,KLNX,2020,3,90
valid_report,KLNX,2020,4,92
valid_report,KLNX,2020,5,75
valid_report,KLNX,2021,1,51
valid_report,KLNX,2021,2,72
valid_report,KLNX,2021,3,69
valid_report,KLNX,2021,4,52
valid_report,KLNX,2021,5,50
valid_report,KLNX,2022,1,28
valid_report,KLNX,2022,2,50
valid_report,KLNX,2022,3,69
valid_report,KLNX,2022,4,84
valid_report,KLNX,2022,5,95
valid_report,KLNX,2023,1,94
valid_report,KLNX,2023,2,150
valid_report,KLNX,2023,3,180
valid_report,KLNX,2023,4,208
valid_report,KLNX,2023,5,240
valid_report,KLNX,2024,1,23
valid_report,KLNX,2024,2,42
valid_report,KLNX,2024,3,63
valid_report,KLNX,2024,4,80
valid_report,KLNX,2024,5,95
valid_report,KLOT,2013,1,200
valid_report,KLOT,2013,2,350
valid_report,KLOT,2013,3,468
valid_report,KLOT,2013,4,560
valid_report,KLOT,2013,5,640
valid_report,KLOT,2014,1,105
valid_report,KLOT,2014,2,186
valid_report,KLOT,2014,3,252
valid_report,KLOT,2014,4,292
valid_report,KLOT,2014,5,320
valid_report,KLOT,2015,1,87
valid_report,KLOT,2015,2,128
valid_report,KLOT,2015,3,150
valid_report,KLOT,2015,4,176
valid_report,KLOT,2015,5,190
valid_report,KLOT,2016,1,123
valid_report,KLOT,2016,2,200
valid_report,KLOT,2016,3,267
valid_report,KLOT,2016,4,312
valid_report,KLOT,2016,5,345
valid_report,KLOT,2017,1,109
valid_report,KLOT,2017,2,182
valid_report,KLOT,2017,3,231
valid_report,KLOT,2017,4,256
valid_report,KLOT,2017,5,275
valid_report,KLOT,2018,1,332
valid_report,KLOT,2018,2,546
valid_report,KLOT,2018,3,690
valid_report,KLOT,2018,4,792
valid_report,KLOT,2018,5,840
valid_report,KLOT,2019,1,182
valid_report,KLOT,2019,2,300
valid_report,KLOT,2019,3,372
valid_report,KLOT,2019,4,436
valid_report,KLOT,2019,5,475
valid_report,KLOT,2020,1,182
valid_report,KLOT,2020,2,290
valid_report,KLOT,2020,3,348
valid_report,KLOT,2020,4,376
valid_report,KLOT,2020,5,400
valid_report,KLOT,2021,1,102
valid_report,KLOT,2021,2,166
valid_report,KLOT,2021,3,207
valid_report,KLOT,2021,4,236
valid_report,KLOT,2021,5,260
valid_report,KLOT,2022,1,193
valid_report,KLOT,2022,2,340
valid_report,KLOT,2022,3,429
valid_report,KLOT,2022,4,484
valid_report,KLOT,2022,5,500
valid_report,KLOT,2023,1,222
valid_report,KLOT,2023,2,404
valid_report,KLOT,2023,3,561
valid_report,KLOT,2023,4,696
valid_report,KLOT,2023,5,810
valid_report,KLOT,2024,1,116
valid_report,KLOT,2024,2,216
valid_report,KLOT,2024,3,303
valid_report,KLOT,2024,4,364
valid_report,KLOT,2024,5,405
valid_report,KLRX,2014,1,4
valid_report,KLRX,2014,2,4
valid_report,KLRX,2017,1,3
valid_report,KLRX,2019,1,2
valid_report,KLRX,2020,1,1
valid_report,KLRX,2024,1,17
valid_report,KLRX,2024,2,18
valid_report,KLRX,2024,3,6
valid_report,KLSX,2013,1,158
valid_report,KLSX,2013,2,248
valid_report,KLSX,2013,3,342
valid_report,KLSX,2013,4,420
valid_report,KLSX,2013,5,480
valid_report,KLSX,2014,1,291
valid_report,KLSX,2014,2,508
valid_report,KLSX,2014,3,681
valid_report,KLSX,2014,4,824
valid_report,KLSX,2014,5,950
valid_report,KLSX,2015,1,171
valid_report,KLSX,2015,2,282
valid_report,KLSX,2015,3,372
valid_report,KLSX,2015,4,432
valid_report,KLSX,2015,5,470
valid_report,KLSX,2016,1,80
valid_report,KLSX,2016,2,126
valid_report,KLSX,2016,3,159
valid_report,KLSX,2016,4,168
valid_report,KLSX,2016,5,160
valid_report,KLSX,2017,1,283
valid_report,KLSX,2017,2,460
valid_report,KLSX,2017,3,567
valid_report,KLSX,2017,4,620
valid_report,KLSX,2017,5,665
valid_report,KLSX,2018,1,129
valid_report,KLSX,2018,2,218
valid_report,KLSX,2018,3,273
valid_report,KLSX,2018,4,324
valid_report,KLSX,2018,5,375
valid_report,KLSX,2019,1,258
valid_report,KLSX,2019,2,446
valid_report,KLSX,2019,3,582
valid_report,KLSX,2019,4,668
valid_report,KLSX,2019,5,720
valid_report,KLSX,2020,1,132
valid_report,KLSX,2020,2,222
valid_report,KLSX,2020,3,291
valid_report,KLSX,2020,4,336
valid_report,KLSX,2020,5,385
valid_report,KLSX,2021,1,197
valid_report,KLSX,2021,2,338
valid_report,KLSX,2021,3,453
valid_report,KLSX,2021,4,556
valid_report,KLSX,2021,5,650
valid_report,KLSX,2022,1,319
valid_report,KLSX,2022,2,564
valid_report,KLSX,2022,3,750
valid_report,KLSX,2022,4,880
valid_report,KLSX,2022,5,985
valid_report,KLSX,2023,1,241
valid_report,KLSX,2023,2,450
valid_report,KLSX,2023,3,642
valid_report,KLSX,2023,4,812
valid_report,KLSX,2023,5,960
valid_report,KLSX,2024,1,224
valid_report,KLSX,2024,2,406
valid_report,KLSX,2024,3,546
valid_report,KLSX,2024,4,652
valid_report,KLSX,2024,5,730
valid_report,KLTX,2013,1,126
valid_report,KLTX,2013,2,198
valid_report,KLTX,2013,3,231
valid_report,KLTX,2013,4,248
valid_report,KLTX,2013,5,260
valid_report,KLTX,2014,1,187
valid_report,KLTX,2014,2,294
valid_report,KLTX,2014,3,366
valid_report,KLTX,2014,4,388
valid_report,KLTX,2014,5,405
valid_report,KLTX,2015,1,91
valid_report,KLTX,2015,2,148
valid_report,KLTX,2015,3,171
valid_report,KLTX,2015,4,180
valid_report,KLTX,2015,5,195
valid_report,KLTX,2016,1,175
valid_report,KLTX,2016,2,292
valid_report,KLTX,2016,3,369
valid_report,KLTX,2016,4,424
valid_report,KLTX,2016,5,480
valid_report,KLTX,2017,1,133
valid_report,KLTX,2017,2,244
valid_report,KLTX,2017,3,330
valid_report,KLTX,2017,4,388
valid_report,KLTX,2017,5,435
valid_report,KLTX,2018,1,56
valid_report,KLTX,2018,2,96
valid_report,KLTX,2018,3,129
valid_report,KLTX,2018,4,152
valid_report,KLTX,2018,5,160
valid_report,KLTX,2019,1,165
valid_report,KLTX,2019,2,270
valid_report,KLTX,2019,3,333
valid_report,KLTX,2019,4,384
valid_report,KLTX,2019,5,420
valid_report,KLTX,2020,1,175
valid_report,KLTX,2020,2,268
valid_report,KLTX,2020,3,288
valid_report,KLTX,2020,4,272
valid_report,KLTX,2020,5,230
valid_report,KLTX,2021,1,33
valid_report,KLTX,2021,2,26
valid_report,KLTX,2021,3,9
valid_report,KLTX,2022,1,50
valid_report,KLTX,2022,2,80
valid_report,KLTX,2022,3,96
valid_report,KLTX,2022,4,104
valid_report,KLTX,2022,5,95
valid_report,KLTX,2023,1,100
valid_report,KLTX,2023,2,172
valid_report,KLTX,2023,3,216
valid_report,KLTX,2023,4,248
valid_report,KLTX,2023,5,270
valid_report,KLTX,2024,1,128
valid_report,KLTX,2024,2,210
valid_report,KLTX,2024,3,246
valid_report,KLTX,2024,4,240
valid_report,KLTX,2024,5,225
valid_report,KLVX,2013,1,180
valid_report,KLVX,2013,2,288
valid_report,KLVX,2013,3,375
valid_report,KLVX,2013,4,452
valid_report,KLVX,2013,5,530
valid_report,KLVX,2014,1,137
valid_report,KLVX,2014,2,238
valid_report,KLVX,2014,3,318
valid_report,KLVX,2014,4,384
valid_report,KLVX,2014,5,410
valid_report,KLVX,2015,1,103
valid_report,KLVX,2015,2,176
valid_report,KLVX,2015,3,255
valid_report,KLVX,2015,4,336
valid_report,KLVX,2015,5,410
valid_report,KLVX,2016,1,150
valid_report,KLVX,2016,2,252
valid_report,KLVX,2016,3,312
valid_report,KLVX,2016,4,356
valid_report,KLVX,2016,5,410
valid_report,KLVX,2017,1,111
valid_report,KLVX,2017,2,208
valid_report,KLVX,2017,3,291
valid_report,KLVX,2017,4,368
valid_report,KLVX,2017,5,410
valid_report,KLVX,2018,1,42
valid_report,KLVX,2018,2,64
valid_report,KLVX,2018,3,66
valid_report,KLVX,2018,4,64
valid_report,KLVX,2018,5,65
valid_report,KLVX,2019,1,98
valid_report,KLVX,2019,2,174
valid_report,KLVX,2019,3,237
valid_report,KLVX,2019,4,296
valid_report,KLVX,2019,5,350
valid_report,KLVX,2020,1,194
valid_report,KLVX,2020,2,352
valid_report,KLVX,2020,3,477
valid_report,KLVX,2020,4,568
valid_report,KLVX,2020,5,580
valid_report,KLVX,2021,1,157
valid_report,KLVX,2021,2,264
valid_report,KLVX,2021,3,345
valid_report,KLVX,2021,4,420
valid_report,KLVX,2021,5,480
valid_report,KLVX,2022,1,82
valid_report,KLVX,2022,2,140
valid_report,KLVX,2022,3,165
valid_report,KLVX,2022,4,164
valid_report,KLVX,2022,5,160
valid_report,KLVX,2023,1,153
valid_report,KLVX,2023,2,274
valid_report,KLVX,2023,3,366
valid_report,KLVX,2023,4,428
valid_report,KLVX,2023,5,450
valid_report,KLVX,2024,1,174
valid_report,KLVX,2024,2,322
valid_report,KLVX,2024,3,441
valid_report,KLVX,2024,4,516
valid_report,KLVX,2024,5,570
valid_report,KLWX,2013,1,104
valid_report,KLWX,2013,2,200
valid_report,KLWX,2013,3,285
valid_report,KLWX,2013,4,340
valid_report,KLWX,2013,5,375
valid_report,KLWX,2014,1,126
valid_report,KLWX,2014,2,222
valid_report,KLWX,2014,3,297
valid_report,KLWX,2014,4,372
valid_report,KLWX,2014,5,430
valid_report,KLWX,2015,1,145
valid_report,KLWX,2015,2,248
valid_report,KLWX,2015,3,306
valid_report,KLWX,2015,4,348
valid_report,KLWX,2015,5,380
valid_report,KLWX,2016,1,129
valid_report,KLWX,2016,2,226
valid_report,KLWX,2016,3,309
valid_report,KLWX,2016,4,376
valid_report,KLWX,2016,5,430
valid_report,KLWX,2017,1,128
valid_report,KLWX,2017,2,228
valid_report,KLWX,2017,3,300
valid_report,KLWX,2017,4,356
valid_report,KLWX,2017,5,390
valid_report,KLWX,2018,1,100
valid_report,KLWX,2018,2,162
valid_report,KLWX,2018,3,192
valid_report,KLWX,2018,4,220
valid_report,KLWX,2018,5,235
valid_report,KLWX,2019,1,120
valid_report,KLWX,2019,2,176
valid_report,KLWX,2019,3,237
valid_report,KLWX,2019,4,268
valid_report,KLWX,2019,5,275
valid_report,KLWX,2020,1,186
valid_report,KLWX,2020,2,334
valid_report,KLWX,2020,3,456
valid_report,KLWX,2020,4,564
valid_report,KLWX,2020,5,670
valid_report,KLWX,2021,1,159
valid_report,KLWX,2021,2,292
valid_report,KLWX,2021,3,399
valid_report,KLWX,2021,4,488
valid_report,KLWX,2021,5,540
valid_report,KLWX,2022,1,136
valid_report,KLWX,2022,2,248
valid_report,KLWX,2022,3,342
valid_report,KLWX,2022,4,428
valid_report,KLWX,2022,5,515
valid_report,KLWX,2023,1,188
valid_report,KLWX,2023,2,356
valid_report,KLWX,2023,3,516
valid_report,KLWX,2023,4,660
valid_report,KLWX,2023,5,775
valid_report,KLWX,2024,1,125
valid_report,KLWX,2024,2,226
valid_report,KLWX,2024,3,297
valid_report,KLWX,2024,4,344
valid_report,KLWX,2024,5,365
valid_report,KLZK,2013,1,194
valid_report,KLZK,2013,2,300
valid_report,KLZK,2013,3,354
valid_report,KLZK,2013,4,372
valid_report,KLZK,2013,5,355
valid_report,KLZK,2014,1,229
valid_report,KLZK,2014,2,406
valid_report,KLZK,2014,3,540
valid_report,KLZK,2014,4,656
valid_report,KLZK,2014,5,765
valid_report,KLZK,2015,1,145
valid_report,KLZK,2015,2,254
valid_report,KLZK,2015,3,339
valid_report,KLZK,2015,4,396
valid_report,KLZK,2015,5,435
valid_report,KLZK,2016,1,258
valid_report,KLZK,2016,2,444
valid_report,KLZK,2016,3,579
valid_report,KLZK,2016,4,648
valid_report,KLZK,2016,5,690
valid_report,KLZK,2017,1,356
valid_report,KLZK,2017,2,622
valid_report,KLZK,2017,3,834
valid_report,KLZK,2017,4,1008
valid_report,KLZK,2017,5,1140
valid_report,KLZK,2018,1,129
valid_report,KLZK,2018,2,196
valid_report,KLZK,2018,3,234
valid_report,KLZK,2018,4,272
valid_report,KLZK,2018,5,315
valid_report,KLZK,2019,1,230
valid_report,KLZK,2019,2,384
valid_report,KLZK,2019,3,501
valid_report,KLZK,2019,4,592
valid_report,KLZK,2019,5,620
valid_report,KLZK,2020,1,223
valid_report,KLZK,2020,2,386
valid_report,KLZK,2020,3,471
valid_report,KLZK,2020,4,532
valid_report,KLZK,2020,5,535
valid_report,KLZK,2021,1,155
valid_report,KLZK,2021,2,272
valid_report,KLZK,2021,3,348
valid_report,KLZK,2021,4,400
valid_report,KLZK,2021,5,435
valid_report,KLZK,2022,1,123
valid_report,KLZK,2022,2,224
valid_report,KLZK,2022,3,309
valid_report,KLZK,2022,4,356
valid_report,KLZK,2022,5,370
valid_report,KLZK,2023,1,252
valid_report,KLZK,2023,2,458
valid_report,KLZK,2023,3,606
valid_report,KLZK,2023,4,704
valid_report,KLZK,2023,5,775
valid_report,KLZK,2024,1,237
valid_report,KLZK,2024,2,416
valid_report,KLZK,2024,3,525
valid_report,KLZK,2024,4,596
valid_report,KLZK,2024,5,660
valid_report,KMAF,2013,1,66
valid_report,KMAF,2013,2,110
valid_report,KMAF,2013,3,135
valid_report,KMAF,2013,4,164
valid_report,KMAF,2013,5,190
valid_report,KMAF,2014,1,105
valid_report,KMAF,2014,2,182
valid_report,KMAF,2014,3,237
valid_report,KMAF,2014,4,268
valid_report,KMAF,2014,5,270
valid_report,KMAF,2015,1,181
valid_report,KMAF,2015,2,318
valid_report,KMAF,2015,3,420
valid_report,KMAF,2015,4,492
valid_report,KMAF,2015,5,545
valid_report,KMAF,2016,1,41
valid_report,KMAF,2016,2,56
valid_report,KMAF,2016,3,51
valid_report,KMAF,2016,4,40
valid_report,KMAF,2016,5,40
valid_report,KMAF,2017,1,127
valid_report,KMAF,2017,2,208
valid_report,KMAF,2017,3,270
valid_report,KMAF,2017,4,312
valid_report,KMAF,2017,5,330
valid_report,KMAF,2018,1,75
valid_report,KMAF,2018,2,82
valid_report,KMAF,2018,3,60
valid_report,KMAF,2018,4,36
valid_report,KMAF,2018,5,25
valid_report,KMAF,2019,1,178
valid_report,KMAF,2019,2,242
valid_report,KMAF,2019,3,258
valid_report,KMAF,2019,4,284
valid_report,KMAF,2019,5,305
valid_report,KMAF,2020,1,37
valid_report,KMAF,2020,2,46
valid_report,KMAF,2020,3,54
valid_report,KMAF,2020,4,56
valid_report,KMAF,2020,5,55
valid_report,KMAF,2021,1,130
valid_report,KMAF,2021,2,208
valid_report,KMAF,2021,3,255
valid_report,KMAF,2021,4,276
valid_report,KMAF,2021,5,270
valid_report,KMAF,2022,1,199
valid_report,KMAF,2022,2,326
valid_report,KMAF,2022,3,396
valid_report,KMAF,2022,4,428
valid_report,KMAF,2022,5,450
valid_report,KMAF,2023,1,98
valid_report,KMAF,2023,2,164
valid_report,KMAF,2023,3,216
valid_report,KMAF,2023,4,256
valid_report,KMAF,2023,5,285
valid_report,KMAF,2024,1,54
valid_report,KMAF,2024,2,96
valid_report,KMAF,2024,3,132
valid_report,KMAF,2024,4,168
valid_report,KMAF,2024,5,200
valid_report,KMAX,2013,1,8
valid_report,KMAX,2013,2,6
valid_report,KMAX,2015,1,45
valid_report,KMAX,2015,2,88
valid_report,KMAX,2015,3,105
valid_report,KMAX,2015,4,80
valid_report,KMAX,2015,5,30
valid_report,KMAX,2016,1,13
valid_report,KMAX,2016,2,14
valid_report,KMAX,2016,3,9
valid_report,KMAX,2016,4,4
valid_report,KMAX,2017,1,15
valid_report,KMAX,2017,2,16
valid_report,KMAX,2017,3,9
valid_report,KMAX,2017,4,4
valid_report,KMAX,2018,1,19
valid_report,KMAX,2018,2,24
valid_report,KMAX,2018,3,18
valid_report,KMAX,2018,4,4
valid_report,KMAX,2019,1,35
valid_report,KMAX,2019,2,44
valid_report,KMAX,2019,3,27
valid_report,KMAX,2019,4,8
valid_report,KMAX,2020,1,13
valid_report,KMAX,2020,2,18
valid_report,KMAX,2020,3,15
valid_report,KMAX,2020,4,8
valid_report,KMAX,2021,1,29
valid_report,KMAX,2021,2,30
valid_report,KMAX,2021,3,18
valid_report,KMAX,2021,4,4
valid_report,KMAX,2023,1,54
valid_report,KMAX,2023,2,90
valid_report,KMAX,2023,3,111
valid_report,KMAX,2023,4,92
valid_report,KMAX,2023,5,55
valid_report,KMAX,2024,1,12
valid_report,KMAX,2024,2,10
valid_report,KMAX,2024,3,3
valid_report,KMBX,2013,1,105
valid_report,KMBX,2013,2,186
valid_report,KMBX,2013,3,261
valid_report,KMBX,2013,4,340
valid_report,KMBX,2013,5,420
valid_report,KMBX,2014,1,79
valid_report,KMBX,2014,2,130
valid_report,KMBX,2014,3,141
valid_report,KMBX,2014,4,140
valid_report,KMBX,2014,5,110
valid_report,KMBX,2015,1,34
valid_report,KMBX,2015,2,48
valid_report,KMBX,2015,3,60
valid_report,KMBX,2015,4,72
valid_report,KMBX,2015,5,80
valid_report,KMBX,2016,1,79
valid_report,KMBX,2016,2,124
valid_report,KMBX,2016,3,141
valid_report,KMBX,2016,4,168
valid_report,KMBX,2016,5,180
valid_report,KMBX,2017,1,16
valid_report,KMBX,2017,2,8
valid_report,KMBX,2017,3,3
valid_report,KMBX,2018,1,151
valid_report,KMBX,2018,2,262
valid_report,KMBX,2018,3,339
valid_report,KMBX,2018,4,404
valid_report,KMBX,2018,5,465
valid_report,KMBX,2019,1,91
valid_report,KMBX,2019,2,154
valid_report,KMBX,2019,3,192
valid_report,KMBX,2019,4,204
valid_report,KMBX,2019,5,200
valid_report,KMBX,2020,1,43
valid_report,KMBX,2020,2,42
valid_report,KMBX,2020,3,27
valid_report,KMBX,2020,4,24
valid_report,KMBX,2020,5,25
valid_report,KMBX,2021,1,43
valid_report,KMBX,2021,2,72
valid_report,KMBX,2021,3,90
valid_report,KMBX,2021,4,100
valid_report,KMBX,2021,5,90
valid_report,KMBX,2022,1,85
valid_report,KMBX,2022,2,134
valid_report,KMBX,2022,3,153
valid_report,KMBX,2022,4,172
valid_report,KMBX,2022,5,180
valid_report,KMBX,2023,1,55
valid_report,KMBX,2023,2,84
valid_report,KMBX,2023,3,108
valid_report,KMBX,2023,4,116
valid_report,KMBX,2023,5,105
valid_report,KMBX,2024,1,30
valid_report,KMBX,2024,2,54
valid_report,KMBX,2024,3,72
valid_report,KMBX,2024,4,84
valid_report,KMBX,2024,5,105
valid_report,KMHX,2013,1,96
valid_report,KMHX,2013,2,136
valid_report,KMHX,2013,3,138
valid_report,KMHX,2013,4,136
valid_report,KMHX,2013,5,110
valid_report,KMHX,2014,1,130
valid_report,KMHX,2014,2,182
valid_report,KMHX,2014,3,180
valid_report,KMHX,2014,4,160
valid_report,KMHX,2014,5,145
valid_report,KMHX,2015,1,37
valid_report,KMHX,2015,2,36
valid_report,KMHX,2015,3,39
valid_report,KMHX,2015,4,40
valid_report,KMHX,2015,5,40
valid_report,KMHX,2016,1,113
valid_report,KMHX,2016,2,160
valid_report,KMHX,2016,3,186
valid_report,KMHX,2016,4,216
valid_report,KMHX,2016,5,240
valid_report,KMHX,2017,1,7
valid_report,KMHX,2018,1,43
valid_report,KMHX,2018,2,36
valid_report,KMHX,2018,3,24
valid_report,KMHX,2018,4,24
valid_report,KMHX,2018,5,30
valid_report,KMHX,2019,1,93
valid_report,KMHX,2019,2,146
valid_report,KMHX,2019,3,162
valid_report,KMHX,2019,4,152
valid_report,KMHX,2019,5,145
valid_report,KMHX,2020,1,141
valid_report,KMHX,2020,2,224
valid_report,KMHX,2020,3,264
valid_report,KMHX,2020,4,280
valid_report,KMHX,2020,5,305
valid_report,KMHX,2021,1,41
valid_report,KMHX,2021,2,54
valid_report,KMHX,2021,3,51
valid_report,KMHX,2021,4,40
valid_report,KMHX,2021,5,40
valid_report,KMHX,2022,1,75
valid_report,KMHX,2022,2,128
valid_report,KMHX,2022,3,165
valid_report,KMHX,2022,4,192
valid_report,KMHX,2022,5,210
valid_report,KMHX,2023,1,50
valid_report,KMHX,2023,2,52
valid_report,KMHX,2023,3,33
valid_report,KMHX,2023,4,12
valid_report,KMHX,2023,5,5
valid_report,KMHX,2024,1,113
valid_report,KMHX,2024,2,194
valid_report,KMHX,2024,3,228
valid_report,KMHX,2024,4,224
valid_report,KMHX,2024,5,195
valid_report,KMLB,2013,1,38
valid_report,KMLB,2013,2,40
valid_report,KMLB,2013,3,42
valid_report,KMLB,2013,4,32
valid_report,KMLB,2013,5,20
valid_report,KMLB,2014,1,18
valid_report,KMLB,2014,2,12
valid_report,KMLB,2014,3,9
valid_report,KMLB,2014,4,4
valid_report,KMLB,2015,1,71
valid_report,KMLB,2015,2,106
valid_report,KMLB,2015,3,114
valid_report,KMLB,2015,4,116
valid_report,KMLB,2015,5,125
valid_report,KMLB,2016,1,69
valid_report,KMLB,2016,2,100
valid_report,KMLB,2016,3,123
valid_report,KMLB,2016,4,120
valid_report,KMLB,2016,5,115
valid_report,KMLB,2017,1,27
valid_report,KMLB,2017,2,14
valid_report,KMLB,2017,3,9
valid_report,KMLB,2017,4,4
valid_report,KMLB,2018,1,108
valid_report,KMLB,2018,2,150
valid_report,KMLB,2018,3,171
valid_report,KMLB,2018,4,176
valid_report,KMLB,2018,5,175
valid_report,KMLB,2019,1,77
valid_report,KMLB,2019,2,62
valid_report,KMLB,2019,3,42
valid_report,KMLB,2019,4,32
valid_report,KMLB,2019,5,30
valid_report,KMLB,2020,1,73
valid_report,KMLB,2020,2,76
valid_report,KMLB,2020,3,66
valid_report,KMLB,2020,4,64
valid_report,KMLB,2020,5,70
valid_report,KMLB,2021,1,73
valid_report,KMLB,2021,2,106
valid_report,KMLB,2021,3,111
valid_report,KMLB,2021,4,104
valid_report,KMLB,2021,5,90
valid_report,KMLB,2022,1,99
valid_report,KMLB,2022,2,142
valid_report,KMLB,2022,3,147
valid_report,KMLB,2022,4,116
valid_report,KMLB,2022,5,85
valid_report,KMLB,2023,1,103
valid_report,KMLB,2023,2,148
valid_report,KMLB,2023,3,162
valid_report,KMLB,2023,4,148
valid_report,KMLB,2023,5,105
valid_report,KMLB,2024,1,126
valid_report,KMLB,2024,2,186
valid_report,KMLB,2024,3,204
valid_report,KMLB,2024,4,200
valid_report,KMLB,2024,5,195
valid_report,KMOB,2013,1,172
valid_report,KMOB,2013,2,278
valid_report,KMOB,2013,3,351
valid_report,KMOB,2013,4,404
valid_report,KMOB,2013,5,430
valid_report,KMOB,2014,1,78
valid_report,KMOB,2014,2,126
valid_report,KMOB,2014,3,150
valid_report,KMOB,2014,4,168
valid_report,KMOB,2014,5,160
valid_report,KMOB,2015,1,117
valid_report,KMOB,2015,2,196
valid_report,KMOB,2015,3,255
valid_report,KMOB,2015,4,292
valid_report,KMOB,2015,5,335
valid_report,KMOB,2016,1,351
valid_report,KMOB,2016,2,594
valid_report,KMOB,2016,3,777
valid_report,KMOB,2016,4,920
valid_report,KMOB,2016,5,1040
valid_report,KMOB,2017,1,98
valid_report,KMOB,2017,2,166
valid_report,KMOB,2017,3,225
valid_report,KMOB,2017,4,268
valid_report,KMOB,2017,5,285
valid_report,KMOB,2018,1,118
valid_report,KMOB,2018,2,194
valid_report,KMOB,2018,3,231
valid_report,KMOB,2018,4,252
valid_report,KMOB,2018,5,275
valid_report,KMOB,2019,1,160
valid_report,KMOB,2019,2,266
valid_report,KMOB,2019,3,324
valid_report,KMOB,2019,4,348
valid_report,KMOB,2019,5,335
valid_report,KMOB,2020,1,124
valid_report,KMOB,2020,2,218
valid_report,KMOB,2020,3,285
valid_report,KMOB,2020,4,332
valid_report,KMOB,2020,5,360
valid_report,KMOB,2021,1,46
valid_report,KMOB,2021,2,68
valid_report,KMOB,2021,3,81
valid_report,KMOB,2021,4,76
valid_report,KMOB,2021,5,65
valid_report,KMOB,2022,1,94
valid_report,KMOB,2022,2,142
valid_report,KMOB,2022,3,165
valid_report,KMOB,2022,4,168
valid_report,KMOB,2022,5,150
valid_report,KMOB,2023,1,94
valid_report,KMOB,2023,2,152
valid_report,KMOB,2023,3,183
valid_report,KMOB,2023,4,200
valid_report,KMOB,2023,5,205
valid_report,KMOB,2024,1,79
valid_report,KMOB,2024,2,138
valid_report,KMOB,2024,3,174
valid_report,KMOB,2024,4,192
valid_report,KMOB,2024,5,195
valid_report,KMPX,2013,1,45
valid_report,KMPX,2013,2,62
valid_report,KMPX,2013,3,81
valid_report,KMPX,2013,4,92
valid_report,KMPX,2013,5,90
valid_report,KMPX,2014,1,133
valid_report,KMPX,2014,2,224
valid_report,KMPX,2014,3,312
valid_report,KMPX,2014,4,392
valid_report,KMPX,2014,5,465
valid_report,KMPX,2015,1,98
valid_report,KMPX,2015,2,172
valid_report,KMPX,2015,3,234
valid_report,KMPX,2015,4,276
valid_report,KMPX,2015,5,310
valid_report,KMPX,2016,1,86
valid_report,KMPX,2016,2,130
valid_report,KMPX,2016,3,144
valid_report,KMPX,2016,4,152
valid_report,KMPX,2016,5,170
valid_report,KMPX,2017,1,19
valid_report,KMPX,2017,2,22
valid_report,KMPX,2017,3,12
valid_report,KMPX,2017,4,4
valid_report,KMPX,2018,1,154
valid_report,KMPX,2018,2,264
valid_report,KMPX,2018,3,342
valid_report,KMPX,2018,4,404
valid_report,KMPX,2018,5,455
valid_report,KMPX,2019,1,173
valid_report,KMPX,2019,2,318
valid_report,KMPX,2019,3,438
valid_report,KMPX,2019,4,540
valid_report,KMPX,2019,5,615
valid_report,KMPX,2020,1,98
valid_report,KMPX,2020,2,190
valid_report,KMPX,2020,3,273
valid_report,KMPX,2020,4,344
valid_report,KMPX,2020,5,395
valid_report,KMPX,2021,1,77
valid_report,KMPX,2021,2,140
valid_report,KMPX,2021,3,198
valid_report,KMPX,2021,4,244
valid_report,KMPX,2021,5,295
valid_report,KMPX,2022,1,143
valid_report,KMPX,2022,2,240
valid_report,KMPX,2022,3,303
valid_report,KMPX,2022,4,364
valid_report,KMPX,2022,5,410
valid_report,KMPX,2023,1,182
valid_report,KMPX,2023,2,284
valid_report,KMPX,2023,3,348
valid_report,KMPX,2023,4,384
valid_report,KMPX,2023,5,420
valid_report,KMPX,2024,1,175
valid_report,KMPX,2024,2,322
valid_report,KMPX,2024,3,444
valid_report,KMPX,2024,4,528
valid_report,KMPX,2024,5,590
valid_report,KMQT,2013,1,84
valid_report,KMQT,2013,2,148
valid_report,KMQT,2013,3,195
valid_report,KMQT,2013,4,204
valid_report,KMQT,2013,5,195
valid_report,KMQT,2014,1,50
valid_report,KMQT,2014,2,92
valid_report,KMQT,2014,3,126
valid_report,KMQT,2014,4,132
valid_report,KMQT,2014,5,120
valid_report,KMQT,2015,1,8
valid_report,KMQT,2015,2,4
valid_report,KMQT,2016,1,58
valid_report,KMQT,2016,2,88
valid_report,KMQT,2016,3,108
valid_report,KMQT,2016,4,120
valid_report,KMQT,2016,5,125
valid_report,KMQT,2017,1,12
valid_report,KMQT,2017,2,12
valid_report,KMQT,2018,1,23
valid_report,KMQT,2018,2,40
valid_report,KMQT,2018,3,51
valid_report,KMQT,2018,4,52
valid_report,KMQT,2018,5,45
valid_report,KMQT,2019,1,105
valid_report,KMQT,2019,2,190
valid_report,KMQT,2019,3,255
valid_report,KMQT,2019,4,284
valid_report,KMQT,2019,5,280
valid_report,KMQT,2020,1,29
valid_report,KMQT,2020,2,48
valid_report,KMQT,2020,3,60
valid_report,KMQT,2020,4,76
valid_report,KMQT,2020,5,80
valid_report,KMQT,2021,1,56
valid_report,KMQT,2021,2,94
valid_report,KMQT,2021,3,111
valid_report,KMQT,2021,4,108
valid_report,KMQT,2021,5,85
valid_report,KMQT,2022,1,77
valid_report,KMQT,2022,2,146
valid_report,KMQT,2022,3,204
valid_report,KMQT,2022,4,256
valid_report,KMQT,2022,5,310
valid_report,KMQT,2023,1,41
valid_report,KMQT,2023,2,44
valid_report,KMQT,2023,3,30
valid_report,KMQT,2023,4,24
valid_report,KMQT,2023,5,25
valid_report,KMQT,2024,1,31
valid_report,KMQT,2024,2,52
valid_report,KMQT,2024,3,63
valid_report,KMQT,2024,4,68
valid_report,KMQT,2024,5,65
valid_report,KMRX,2013,1,111
valid_report,KMRX,2013,2,212
valid_report,KMRX,2013,3,300
valid_report,KMRX,2013,4,364
valid_report,KMRX,2013,5,415
valid_report,KMRX,2014,1,134
valid_report,KMRX,2014,2,240
valid_report,KMRX,2014,3,327
valid_report,KMRX,2014,4,396
valid_report,KMRX,2014,5,455
valid_report,KMRX,2015,1,176
valid_report,KMRX,2015,2,338
valid_report,KMRX,2015,3,492
valid_report,KMRX,2015,4,628
valid_report,KMRX,2015,5,715
valid_report,KMRX,2016,1,40
valid_report,KMRX,2016,2,68
valid_report,KMRX,2016,3,90
valid_report,KMRX,2016,4,100
valid_report,KMRX,2016,5,110
valid_report,KMRX,2017,1,267
valid_report,KMRX,2017,2,478
valid_report,KMRX,2017,3,660
valid_report,KMRX,2017,4,812
valid_report,KMRX,2017,5,940
valid_report,KMRX,2018,1,200
valid_report,KMRX,2018,2,370
valid_report,KMRX,2018,3,519
valid_report,KMRX,2018,4,648
valid_report,KMRX,2018,5,765
valid_report,KMRX,2019,1,96
valid_report,KMRX,2019,2,180
valid_report,KMRX,2019,3,255
valid_report,KMRX,2019,4,320
valid_report,KMRX,2019,5,350
valid_report,KMRX,2020,1,132
valid_report,KMRX,2020,2,248
valid_report,KMRX,2020,3,351
valid_report,KMRX,2020,4,440
valid_report,KMRX,2020,5,505
valid_report,KMRX,2021,1,141
valid_report,KMRX,2021,2,230
valid_report,KMRX,2021,3,282
valid_report,KMRX,2021,4,276
valid_report,KMRX,2021,5,230
valid_report,KMRX,2022,1,113
valid_report,KMRX,2022,2,210
valid_report,KMRX,2022,3,291
valid_report,KMRX,2022,4,356
valid_report,KMRX,2022,5,380
valid_report,KMRX,2023,1,118
valid_report,KMRX,2023,2,222
valid_report,KMRX,2023,3,312
valid_report,KMRX,2023,4,392
valid_report,KMRX,2023,5,475
valid_report,KMRX,2024,1,329
valid_report,KMRX,2024,2,618
valid_report,KMRX,2024,3,873
valid_report,KMRX,2024,4,1092
valid_report,KMRX,2024,5,1225
valid_report,KMSX,2014,1,28
valid_report,KMSX,2014,2,36
valid_report,KMSX,2014,3,27
valid_report,KMSX,2014,4,8
valid_report,KMSX,2015,1,7
valid_report,KMSX,2015,2,8
valid_report,KMSX,2015,3,3
valid_report,KMSX,2016,1,1
valid_report,KMSX,2017,1,6
valid_report,KMSX,2017,2,4
valid_report,KMSX,2018,1,4
valid_report,KMSX,2018,2,2
valid_report,KMSX,2019,1,30
valid_report,KMSX,2019,2,40
valid_report,KMSX,2019,3,30
valid_report,KMSX,2019,4,8
valid_report,KMSX,2020,1,12
valid_report,KMSX,2020,2,14
valid_report,KMSX,2020,3,9
valid_report,KMSX,2020,4,4
valid_report,KMSX,2021,1,10
valid_report,KMSX,2021,2,8
valid_report,KMSX,2021,3,3
valid_report,KMSX,2022,1,19
valid_report,KMSX,2022,2,16
valid_report,KMSX,2022,3,3
valid_report,KMSX,2023,1,60
valid_report,KMSX,2023,2,80
valid_report,KMSX,2023,3,57
valid_report,KMSX,2023,4,12
valid_report,KMTX,2013,1,19
valid_report,KMTX,2013,2,28
valid_report,KMTX,2013,3,30
valid_report,KMTX,2013,4,28
valid_report,KMTX,2013,5,20
valid_report,KMTX,2014,1,77
valid_report,KMTX,2014,2,128
valid_report,KMTX,2014,3,156
valid_report,KMTX,2014,4,160
valid_report,KMTX,2014,5,145
valid_report,KMTX,2015,1,31
valid_report,KMTX,2015,2,54
valid_report,KMTX,2015,3,72
valid_report,KMTX,2015,4,76
valid_report,KMTX,2015,5,70
valid_report,KMTX,2016,1,12
valid_report,KMTX,2016,2,22
valid_report,KMTX,2016,3,24
valid_report,KMTX,2016,4,20
valid_report,KMTX,2016,5,10
valid_report,KMTX,2017,1,21
valid_report,KMTX,2017,2,38
valid_report,KMTX,2017,3,51
valid_report,KMTX,2017,4,64
valid_report,KMTX,2017,5,65
valid_report,KMTX,2018,1,44
valid_report,KMTX,2018,2,72
valid_report,KMTX,2018,3,75
valid_report,KMTX,2018,4,64
valid_report,KMTX,2018,5,40
valid_report,KMTX,2019,1,6
valid_report,KMTX,2019,2,8
valid_report,KMTX,2019,3,9
valid_report,KMTX,2019,4,8
valid_report,KMTX,2019,5,5
valid_report,KMTX,2020,1,22
valid_report,KMTX,2020,2,32
valid_report,KMTX,2020,3,36
valid_report,KMTX,2020,4,32
valid_report,KMTX,2020,5,35
valid_report,KMTX,2021,1,20
valid_report,KMTX,2021,2,12
valid_report,KMTX,2021,3,6
valid_report,KMTX,2023,1,10
valid_report,KMTX,2023,2,18
valid_report,KMTX,2023,3,21
valid_report,KMTX,2023,4,16
valid_report,KMTX,2023,5,5
valid_report,KMTX,2024,1,32
valid_report,KMTX,2024,2,46
valid_report,KMTX,2024,3,39
valid_report,KMTX,2024,4,28
valid_report,KMTX,2024,5,30
valid_report,KMUX,2013,1,4
valid_report,KMUX,2013,2,4
valid_report,KMUX,2015,1,39
valid_report,KMUX,2015,2,76
valid_report,KMUX,2015,3,105
valid_report,KMUX,2015,4,124
valid_report,KMUX,2015,5,140
valid_report,KMUX,2016,1,79
valid_report,KMUX,2016,2,140
valid_report,KMUX,2016,3,192
valid_report,KMUX,2016,4,240
valid_report,KMUX,2016,5,295
valid_report,KMUX,2017,1,22
valid_report,KMUX,2017,2,38
valid_report,KMUX,2017,3,54
valid_report,KMUX,2017,4,72
valid_report,KMUX,2017,5,90
valid_report,KMUX,2018,1,18
valid_report,KMUX,2018,2,32
valid_report,KMUX,2018,3,45
valid_report,KMUX,2018,4,60
valid_report,KMUX,2018,5,70
valid_report,KMUX,2019,1,33
valid_report,KMUX,2019,2,54
valid_report,KMUX,2019,3,69
valid_report,KMUX,2019,4,84
valid_report,KMUX,2019,5,100
valid_report,KMUX,2020,1,8
valid_report,KMUX,2020,2,10
valid_report,KMUX,2020,3,6
valid_report,KMUX,2021,1,62
valid_report,KMUX,2021,2,112
valid_report,KMUX,2021,3,150
valid_report,KMUX,2021,4,180
valid_report,KMUX,2021,5,195
valid_report,KMUX,2022,1,65
valid_report,KMUX,2022,2,120
valid_report,KMUX,2022,3,162
valid_report,KMUX,2022,4,184
valid_report,KMUX,2022,5,200
valid_report,KMUX,2023,1,37
valid_report,KMUX,2023,2,72
valid_report,KMUX,2023,3,108
valid_report,KMUX,2023,4,144
valid_report,KMUX,2023,5,175
valid_report,KMUX,2024,1,60
valid_report,KMUX,2024,2,106
valid_report,KMUX,2024,3,144
valid_report,KMUX,2024,4,180
valid_report,KMUX,2024,5,200
valid_report,KMVX,2013,1,138
valid_report,KMVX,2013,2,254
valid_report,KMVX,2013,3,342
valid_report,KMVX,2013,4,400
valid_report,KMVX,2013,5,430
valid_report,KMVX,2014,1,160
valid_report,KMVX,2014,2,264
valid_report,KMVX,2014,3,303
valid_report,KMVX,2014,4,296
valid_report,KMVX,2014,5,245
valid_report,KMVX,2015,1,37
valid_report,KMVX,2015,2,48
valid_report,KMVX,2015,3,33
valid_report,KMVX,2015,4,8
valid_report,KMVX,2016,1,146
valid_report,KMVX,2016,2,256
valid_report,KMVX,2016,3,321
valid_report,KMVX,2016,4,344
valid_report,KMVX,2016,5,350
valid_report,KMVX,2017,1,134
valid_report,KMVX,2017,2,242
valid_report,KMVX,2017,3,330
valid_report,KMVX,2017,4,392
valid_report,KMVX,2017,5,455
valid_report,KMVX,2018,1,131
valid_report,KMVX,2018,2,208
valid_report,KMVX,2018,3,258
valid_report,KMVX,2018,4,276
valid_report,KMVX,2018,5,290
valid_report,KMVX,2019,1,53
valid_report,KMVX,2019,2,92
valid_report,KMVX,2019,3,120
valid_report,KMVX,2019,4,136
valid_report,KMVX,2019,5,140
valid_report,KMVX,2020,1,85
valid_report,KMVX,2020,2,150
valid_report,KMVX,2020,3,186
valid_report,KMVX,2020,4,188
valid_report,KMVX,2020,5,145
valid_report,KMVX,2021,1,73
valid_report,KMVX,2021,2,140
valid_report,KMVX,2021,3,204
valid_report,KMVX,2021,4,236
valid_report,KMVX,2021,5,230
valid_report,KMVX,2022,1,103
valid_report,KMVX,2022,2,176
valid_report,KMVX,2022,3,216
valid_report,KMVX,2022,4,232
valid_report,KMVX,2022,5,240
valid_report,KMVX,2023,1,126
valid_report,KMVX,2023,2,230
valid_report,KMVX,2023,3,315
valid_report,KMVX,2023,4,364
valid_report,KMVX,2023,5,385
valid_report,KMVX,2024,1,107
valid_report,KMVX,2024,2,188
valid_report,KMVX,2024,3,231
valid_report,KMVX,2024,4,228
valid_report,KMVX,2024,5,210
valid_report,KMXX,2013,1,206
valid_report,KMXX,2013,2,338
valid_report,KMXX,2013,3,438
valid_report,KMXX,2013,4,520
valid_report,KMXX,2013,5,610
valid_report,KMXX,2014,1,244
valid_report,KMXX,2014,2,384
valid_report,KMXX,2014,3,462
valid_report,KMXX,2014,4,516
valid_report,KMXX,2014,5,555
valid_report,KMXX,2015,1,146
valid_report,KMXX,2015,2,254
valid_report,KMXX,2015,3,348
valid_report,KMXX,2015,4,436
valid_report,KMXX,2015,5,505
valid_report,KMXX,2016,1,231
valid_report,KMXX,2016,2,384
valid_report,KMXX,2016,3,498
valid_report,KMXX,2016,4,584
valid_report,KMXX,2016,5,640
valid_report,KMXX,2017,1,280
valid_report,KMXX,2017,2,502
valid_report,KMXX,2017,3,684
valid_report,KMXX,2017,4,800
valid_report,KMXX,2017,5,880
valid_report,KMXX,2018,1,141
valid_report,KMXX,2018,2,220
valid_report,KMXX,2018,3,252
valid_report,KMXX,2018,4,264
valid_report,KMXX,2018,5,290
valid_report,KMXX,2019,1,77
valid_report,KMXX,2019,2,128
valid_report,KMXX,2019,3,171
valid_report,KMXX,2019,4,196
valid_report,KMXX,2019,5,215
valid_report,KMXX,2020,1,100
valid_report,KMXX,2020,2,120
valid_report,KMXX,2020,3,141
valid_report,KMXX,2020,4,144
valid_report,KMXX,2020,5,155
valid_report,KMXX,2021,1,156
valid_report,KMXX,2021,2,258
valid_report,KMXX,2021,3,324
valid_report,KMXX,2021,4,352
valid_report,KMXX,2021,5,375
valid_report,KMXX,2022,1,153
valid_report,KMXX,2022,2,272
valid_report,KMXX,2022,3,360
valid_report,KMXX,2022,4,428
valid_report,KMXX,2022,5,480
valid_report,KMXX,2023,1,191
valid_report,KMXX,2023,2,332
valid_report,KMXX,2023,3,432
valid_report,KMXX,2023,4,496
valid_report,KMXX,2023,5,540
valid_report,KMXX,2024,1,99
valid_report,KMXX,2024,2,162
valid_report,KMXX,2024,3,195
valid_report,KMXX,2024,4,224
valid_report,KMXX,2024,5,235
valid_report,KNKX,2013,1,118
valid_report,KNKX,2013,2,212
valid_report,KNKX,2013,3,270
valid_report,KNKX,2013,4,308
valid_report,KNKX,2013,5,335
valid_report,KNKX,2014,1,139
valid_report,KNKX,2014,2,242
valid_report,KNKX,2014,3,321
valid_report,KNKX,2014,4,384
valid_report,KNKX,2014,5,445
valid_report,KNKX,2015,1,61
valid_report,KNKX,2015,2,102
valid_report,KNKX,2015,3,147
valid_report,KNKX,2015,4,188
valid_report,KNKX,2015,5,205
valid_report,KNKX,2016,1,82
valid_report,KNKX,2016,2,136
valid_report,KNKX,2016,3,165
valid_report,KNKX,2016,4,192
valid_report,KNKX,2016,5,200
valid_report,KNKX,2017,1,204
valid_report,KNKX,2017,2,372
valid_report,KNKX,2017,3,501
valid_report,KNKX,2017,4,608
valid_report,KNKX,2017,5,650
valid_report,KNKX,2018,1,76
valid_report,KNKX,2018,2,134
valid_report,KNKX,2018,3,177
valid_report,KNKX,2018,4,212
valid_report,KNKX,2018,5,255
valid_report,KNKX,2019,1,178
valid_report,KNKX,2019,2,342
valid_report,KNKX,2019,3,483
valid_report,KNKX,2019,4,624
valid_report,KNKX,2019,5,740
valid_report,KNKX,2020,1,120
valid_report,KNKX,2020,2,226
valid_report,KNKX,2020,3,318
valid_report,KNKX,2020,4,396
valid_report,KNKX,2020,5,470
valid_report,KNKX,2021,1,115
valid_report,KNKX,2021,2,218
valid_report,KNKX,2021,3,312
valid_report,KNKX,2021,4,392
valid_report,KNKX,2021,5,435
valid_report,KNKX,2022,1,138
valid_report,KNKX,2022,2,248
valid_report,KNKX,2022,3,345
valid_report,KNKX,2022,4,424
valid_report,KNKX,2022,5,480
valid_report,KNKX,2023,1,97
valid_report,KNKX,2023,2,150
valid_report,KNKX,2023,3,183
valid_report,KNKX,2023,4,204
valid_report,KNKX,2023,5,220
valid_report,KNKX,2024,1,88
valid_report,KNKX,2024,2,174
valid_report,KNKX,2024,3,258
valid_report,KNKX,2024,4,340
valid_report,KNKX,2024,5,395
valid_report,KNQA,2013,1,112
valid_report,KNQA,2013,2,180
valid_report,KNQA,2013,3,222
valid_report,KNQA,2013,4,240
valid_report,KNQA,2013,5,235
valid_report,KNQA,2014,1,272
valid_report,KNQA,2014,2,500
valid_report,KNQA,2014,3,684
valid_report,KNQA,2014,4,836
valid_report,KNQA,2014,5,910
valid_report,KNQA,2015,1,181
valid_report,KNQA,2015,2,328
valid_report,KNQA,2015,3,438
valid_report,KNQA,2015,4,532
valid_report,KNQA,2015,5,610
valid_report,KNQA,2016,1,160
valid_report,KNQA,2016,2,296
valid_report,KNQA,2016,3,417
valid_report,KNQA,2016,4,516
valid_report,KNQA,2016,5,570
valid_report,KNQA,2017,1,277
valid_report,KNQA,2017,2,508
valid_report,KNQA,2017,3,714
valid_report,KNQA,2017,4,912
valid_report,KNQA,2017,5,1075
valid_report,KNQA,2018,1,165
valid_report,KNQA,2018,2,294
valid_report,KNQA,2018,3,405
valid_report,KNQA,2018,4,500
valid_report,KNQA,2018,5,585
valid_report,KNQA,2019,1,72
valid_report,KNQA,2019,2,126
valid_report,KNQA,2019,3,171
valid_report,KNQA,2019,4,204
valid_report,KNQA,2019,5,215
valid_report,KNQA,2020,1,130
valid_report,KNQA,2020,2,238
valid_report,KNQA,2020,3,327
valid_report,KNQA,2020,4,400
valid_report,KNQA,2020,5,440
valid_report,KNQA,2021,1,298
valid_report,KNQA,2021,2,542
valid_report,KNQA,2021,3,759
valid_report,KNQA,2021,4,940
valid_report,KNQA,2021,5,1090
valid_report,KNQA,2022,1,305
valid_report,KNQA,2022,2,572
valid_report,KNQA,2022,3,813
valid_report,KNQA,2022,4,1024
valid_report,KNQA,2022,5,1185
valid_report,KNQA,2023,1,160
valid_report,KNQA,2023,2,302
valid_report,KNQA,2023,3,423
valid_report,KNQA,2023,4,524
valid_report,KNQA,2023,5,605
valid_report,KNQA,2024,1,86
valid_report,KNQA,2024,2,138
valid_report,KNQA,2024,3,150
valid_report,KNQA,2024,4,148
valid_report,KNQA,2024,5,150
valid_report,KOAX,2013,1,223
valid_report,KOAX,2013,2,392
valid_report,KOAX,2013,3,516
valid_report,KOAX,2013,4,612
valid_report,KOAX,2013,5,700
valid_report,KOAX,2014,1,175
valid_report,KOAX,2014,2,256
valid_report,KOAX,2014,3,303
valid_report,KOAX,2014,4,328
valid_report,KOAX,2014,5,335
valid_report,KOAX,2015,1,153
valid_report,KOAX,2015,2,230
valid_report,KOAX,2015,3,285
valid_report,KOAX,2015,4,348
valid_report,KOAX,2015,5,395
valid_report,KOAX,2016,1,194
valid_report,KOAX,2016,2,348
valid_report,KOAX,2016,3,468
valid_report,KOAX,2016,4,564
valid_report,KOAX,2016,5,640
valid_report,KOAX,2017,1,172
valid_report,KOAX,2017,2,288
valid_report,KOAX,2017,3,396
valid_report,KOAX,2017,4,492
valid_report,KOAX,2017,5,555
valid_report,KOAX,2018,1,155
valid_report,KOAX,2018,2,288
valid_report,KOAX,2018,3,411
valid_report,KOAX,2018,4,528
valid_report,KOAX,2018,5,630
valid_report,KOAX,2019,1,259
valid_report,KOAX,2019,2,444
valid_report,KOAX,2019,3,600
valid_report,KOAX,2019,4,716
valid_report,KOAX,2019,5,800
valid_report,KOAX,2020,1,122
valid_report,KOAX,2020,2,190
valid_report,KOAX,2020,3,255
valid_report,KOAX,2020,4,316
valid_report,KOAX,2020,5,375
valid_report,KOAX,2021,1,205
valid_report,KOAX,2021,2,336
valid_report,KOAX,2021,3,444
valid_report,KOAX,2021,4,532
valid_report,KOAX,2021,5,600
valid_report,KOAX,2022,1,106
valid_report,KOAX,2022,2,190
valid_report,KOAX,2022,3,264
valid_report,KOAX,2022,4,308
valid_report,KOAX,2022,5,340
valid_report,KOAX,2023,1,225
valid_report,KOAX,2023,2,402
valid_report,KOAX,2023,3,525
valid_report,KOAX,2023,4,620
valid_report,KOAX,2023,5,670
valid_report,KOAX,2024,1,168
valid_report,KOAX,2024,2,306
valid_report,KOAX,2024,3,423
valid_report,KOAX,2024,4,524
valid_report,KOAX,2024,5,595
valid_report,KOHX,2013,1,298
valid_report,KOHX,2013,2,526
valid_report,KOHX,2013,3,708
valid_report,KOHX,2013,4,844
valid_report,KOHX,2013,5,970
valid_report,KOHX,2014,1,65
valid_report,KOHX,2014,2,106
valid_report,KOHX,2014,3,126
valid_report,KOHX,2014,4,132
valid_report,KOHX,2014,5,125
valid_report,KOHX,2015,1,333
valid_report,KOHX,2015,2,628
valid_report,KOHX,2015,3,870
valid_report,KOHX,2015,4,1060
valid_report,KOHX,2015,5,1165
valid_report,KOHX,2016,1,247
valid_report,KOHX,2016,2,418
valid_report,KOHX,2016,3,537
valid_report,KOHX,2016,4,624
valid_report,KOHX,2016,5,700
valid_report,KOHX,2017,1,206
valid_report,KOHX,2017,2,344
valid_report,KOHX,2017,3,438
valid_report,KOHX,2017,4,532
valid_report,KOHX,2017,5,625
valid_report,KOHX,2018,1,290
valid_report,KOHX,2018,2,530
valid_report,KOHX,2018,3,735
valid_report,KOHX,2018,4,908
valid_report,KOHX,2018,5,1040
valid_report,KOHX,2019,1,186
valid_report,KOHX,2019,2,306
valid_report,KOHX,2019,3,387
valid_report,KOHX,2019,4,420
valid_report,KOHX,2019,5,430
valid_report,KOHX,2020,1,311
valid_report,KOHX,2020,2,546
valid_report,KOHX,2020,3,708
valid_report,KOHX,2020,4,820
valid_report,KOHX,2020,5,925
valid_report,KOHX,2021,1,199
valid_report,KOHX,2021,2,360
valid_report,KOHX,2021,3,501
valid_report,KOHX,2021,4,616
valid_report,KOHX,2021,5,710
valid_report,KOHX,2022,1,312
valid_report,KOHX,2022,2,588
valid_report,KOHX,2022,3,843
valid_report,KOHX,2022,4,1060
valid_report,KOHX,2022,5,1225
valid_report,KOHX,2023,1,150
valid_report,KOHX,2023,2,284
valid_report,KOHX,2023,3,414
valid_report,KOHX,2023,4,524
valid_report,KOHX,2023,5,610
valid_report,KOHX,2024,1,174
valid_report,KOHX,2024,2,316
valid_report,KOHX,2024,3,441
valid_report,KOHX,2024,4,536
valid_report,KOHX,2024,5,595
valid_report,KOKX,2013,1,99
valid_report,KOKX,2013,2,144
valid_report,KOKX,2013,3,165
valid_report,KOKX,2013,4,196
valid_report,KOKX,2013,5,215
valid_report,KOKX,2015,1,27
valid_report,KOKX,2015,2,38
valid_report,KOKX,2015,3,48
valid_report,KOKX,2015,4,48
valid_report,KOKX,2015,5,50
valid_report,KOKX,2016,1,35
valid_report,KOKX,2016,2,44
valid_report,KOKX,2016,3,48
valid_report,KOKX,2016,4,48
valid_report,KOKX,2016,5,40
valid_report,KOKX,2017,1,108
valid_report,KOKX,2017,2,144
valid_report,KOKX,2017,3,168
valid_report,KOKX,2017,4,188
valid_report,KOKX,2017,5,195
valid_report,KOKX,2018,1,62
valid_report,KOKX,2018,2,90
valid_report,KOKX,2018,3,120
valid_report,KOKX,2018,4,128
valid_report,KOKX,2018,5,110
valid_report,KOKX,2019,1,43
valid_report,KOKX,2019,2,44
valid_report,KOKX,2019,3,54
valid_report,KOKX,2019,4,56
valid_report,KOKX,2019,5,65
valid_report,KOKX,2020,1,51
valid_report,KOKX,2020,2,84
valid_report,KOKX,2020,3,114
valid_report,KOKX,2020,4,116
valid_report,KOKX,2020,5,110
valid_report,KOKX,2021,1,24
valid_report,KOKX,2021,2,22
valid_report,KOKX,2021,3,15
valid_report,KOKX,2021,4,12
valid_report,KOKX,2021,5,10
valid_report,KOKX,2022,1,99
valid_report,KOKX,2022,2,162
valid_report,KOKX,2022,3,198
valid_report,KOKX,2022,4,204
valid_report,KOKX,2022,5,200
valid_report,KOKX,2024,1,18
valid_report,KOKX,2024,2,18
valid_report,KOKX,2024,3,12
valid_report,KOKX,2024,4,8
valid_report,KOKX,2024,5,5
valid_report,KOTX,2013,1,86
valid_report,KOTX,2013,2,134
valid_report,KOTX,2013,3,171
valid_report,KOTX,2013,4,196
valid_report,KOTX,2013,5,200
valid_report,KOTX,2015,1,48
valid_report,KOTX,2015,2,80
valid_report,KOTX,2015,3,114
valid_report,KOTX,2015,4,132
valid_report,KOTX,2015,5,140
valid_report,KOTX,2016,1,56
valid_report,KOTX,2016,2,108
valid_report,KOTX,2016,3,159
valid_report,KOTX,2016,4,200
valid_report,KOTX,2016,5,235
valid_report,KOTX,2017,1,62
valid_report,KOTX,2017,2,110
valid_report,KOTX,2017,3,162
valid_report,KOTX,2017,4,208
valid_report,KOTX,2017,5,240
valid_report,KOTX,2018,1,85
valid_report,KOTX,2018,2,152
valid_report,KOTX,2018,3,207
valid_report,KOTX,2018,4,248
valid_report,KOTX,2018,5,280
valid_report,KOTX,2019,1,11
valid_report,KOTX,2019,2,12
valid_report,KOTX,2019,3,12
valid_report,KOTX,2019,4,8
valid_report,KOTX,2019,5,5
valid_report,KOTX,2020,1,41
valid_report,KOTX,2020,2,66
valid_report,KOTX,2020,3,87
valid_report,KOTX,2020,4,100
valid_report,KOTX,2020,5,110
valid_report,KOTX,2022,1,90
valid_report,KOTX,2022,2,154
valid_report,KOTX,2022,3,177
valid_report,KOTX,2022,4,172
valid_report,KOTX,2022,5,145
valid_report,KOTX,2023,1,107
valid_report,KOTX,2023,2,172
valid_report,KOTX,2023,3,213
valid_report,KOTX,2023,4,236
valid_report,KOTX,2023,5,235
valid_report,KOTX,2024,1,88
valid_report,KOTX,2024,2,168
valid_report,KOTX,2024,3,243
valid_report,KOTX,2024,4,312
valid_report,KOTX,2024,5,370
valid_report,KPAH,2013,1,297
valid_report,KPAH,2013,2,532
valid_report,KPAH,2013,3,735
valid_report,KPAH,2013,4,904
valid_report,KPAH,2013,5,1045
valid_report,KPAH,2014,1,139
valid_report,KPAH,2014,2,226
valid_report,KPAH,2014,3,282
valid_report,KPAH,2014,4,312
valid_report,KPAH,2014,5,310
valid_report,KPAH,2015,1,341
valid_report,KPAH,2015,2,612
valid_report,KPAH,2015,3,840
valid_report,KPAH,2015,4,1040
valid_report,KPAH,2015,5,1230
valid_report,KPAH,2016,1,286
valid_report,KPAH,2016,2,502
valid_report,KPAH,2016,3,687
valid_report,KPAH,2016,4,856
valid_report,KPAH,2016,5,1000
valid_report,KPAH,2017,1,142
valid_report,KPAH,2017,2,258
valid_report,KPAH,2017,3,363
valid_report,KPAH,2017,4,464
valid_report,KPAH,2017,5,550
valid_report,KPAH,2018,1,273
valid_report,KPAH,2018,2,486
valid_report,KPAH,2018,3,648
valid_report,KPAH,2018,4,804
valid_report,KPAH,2018,5,955
valid_report,KPAH,2019,1,183
valid_report,KPAH,2019,2,306
valid_report,KPAH,2019,3,369
valid_report,KPAH,2019,4,416
valid_report,KPAH,2019,5,455
valid_report,KPAH,2020,1,192
valid_report,KPAH,2020,2,338
valid_report,KPAH,2020,3,462
valid_report,KPAH,2020,4,596
valid_report,KPAH,2020,5,710
valid_report,KPAH,2021,1,248
valid_report,KPAH,2021,2,436
valid_report,KPAH,2021,3,588
valid_report,KPAH,2021,4,672
valid_report,KPAH,2021,5,690
valid_report,KPAH,2022,1,213
valid_report,KPAH,2022,2,402
valid_report,KPAH,2022,3,573
valid_report,KPAH,2022,4,720
valid_report,KPAH,2022,5,850
valid_report,KPAH,2023,1,264
valid_report,KPAH,2023,2,476
valid_report,KPAH,2023,3,657
valid_report,KPAH,2023,4,832
valid_report,KPAH,2023,5,995
valid_report,KPAH,2024,1,178
valid_report,KPAH,2024,2,344
valid_report,KPAH,2024,3,495
valid_report,KPAH,2024,4,636
valid_report,KPAH,2024,5,755
valid_report,KPBZ,2013,1,87
valid_report,KPBZ,2013,2,136
valid_report,KPBZ,2013,3,162
valid_report,KPBZ,2013,4,188
valid_report,KPBZ,2013,5,205
valid_report,KPBZ,2014,1,41
valid_report,KPBZ,2014,2,70
valid_report,KPBZ,2014,3,102
valid_report,KPBZ,2014,4,132
valid_report,KPBZ,2014,5,160
valid_report,KPBZ,2015,1,111
valid_report,KPBZ,2015,2,194
valid_report,KPBZ,2015,3,237
valid_report,KPBZ,2015,4,252
valid_report,KPBZ,2015,5,255
valid_report,KPBZ,2016,1,69
valid_report,KPBZ,2016,2,120
valid_report,KPBZ,2016,3,165
valid_report,KPBZ,2016,4,208
valid_report,KPBZ,2016,5,240
valid_report,KPBZ,2017,1,99
valid_report,KPBZ,2017,2,182
valid_report,KPBZ,2017,3,234
valid_report,KPBZ,2017,4,252
valid_report,KPBZ,2017,5,235
valid_report,KPBZ,2018,1,84
valid_report,KPBZ,2018,2,136
valid_report,KPBZ,2018,3,159
valid_report,KPBZ,2018,4,164
valid_report,KPBZ,2018,5,175
valid_report,KPBZ,2019,1,81
valid_report,KPBZ,2019,2,144
valid_report,KPBZ,2019,3,195
valid_report,KPBZ,2019,4,236
valid_report,KPBZ,2019,5,265
valid_report,KPBZ,2020,1,158
valid_report,KPBZ,2020,2,240
valid_report,KPBZ,2020,3,300
valid_report,KPBZ,2020,4,352
valid_report,KPBZ,2020,5,390
valid_report,KPBZ,2021,1,53
valid_report,KPBZ,2021,2,96
valid_report,KPBZ,2021,3,141
valid_report,KPBZ,2021,4,184
valid_report,KPBZ,2021,5,225
valid_report,KPBZ,2022,1,61
valid_report,KPBZ,2022,2,114
valid_report,KPBZ,2022,3,159
valid_report,KPBZ,2022,4,196
valid_report,KPBZ,2022,5,215
valid_report,KPBZ,2023,1,92
valid_report,KPBZ,2023,2,164
valid_report,KPBZ,2023,3,228
valid_report,KPBZ,2023,4,292
valid_report,KPBZ,2023,5,320
valid_report,KPBZ,2024,1,62
valid_report,KPBZ,2024,2,120
valid_report,KPBZ,2024,3,171
valid_report,KPBZ,2024,4,216
valid_report,KPBZ,2024,5,260
valid_report,KPDT,2013,1,148
valid_report,KPDT,2013,2,270
valid_report,KPDT,2013,3,357
valid_report,KPDT,2013,4,416
valid_report,KPDT,2013,5,450
valid_report,KPDT,2014,1,50
valid_report,KPDT,2014,2,96
valid_report,KPDT,2014,3,141
valid_report,KPDT,2014,4,172
valid_report,KPDT,2014,5,185
valid_report,KPDT,2015,1,100
valid_report,KPDT,2015,2,180
valid_report,KPDT,2015,3,240
valid_report,KPDT,2015,4,296
valid_report,KPDT,2015,5,345
valid_report,KPDT,2016,1,55
valid_report,KPDT,2016,2,104
valid_report,KPDT,2016,3,150
valid_report,KPDT,2016,4,184
valid_report,KPDT,2016,5,180
valid_report,KPDT,2017,1,29
valid_report,KPDT,2017,2,50
valid_report,KPDT,2017,3,60
valid_report,KPDT,2017,4,52
valid_report,KPDT,2017,5,40
valid_report,KPDT,2018,1,95
valid_report,KPDT,2018,2,172
valid_report,KPDT,2018,3,231
valid_report,KPDT,2018,4,264
valid_report,KPDT,2018,5,275
valid_report,KPDT,2019,1,239
valid_report,KPDT,2019,2,444
valid_report,KPDT,2019,3,618
valid_report,KPDT,2019,4,752
valid_report,KPDT,2019,5,855
valid_report,KPDT,2020,1,112
valid_report,KPDT,2020,2,214
valid_report,KPDT,2020,3,312
valid_report,KPDT,2020,4,388
valid_report,KPDT,2020,5,440
valid_report,KPDT,2021,1,87
valid_report,KPDT,2021,2,148
valid_report,KPDT,2021,3,198
valid_report,KPDT,2021,4,220
valid_report,KPDT,2021,5,235
valid_report,KPDT,2022,1,68
valid_report,KPDT,2022,2,126
valid_report,KPDT,2022,3,177
valid_report,KPDT,2022,4,216
valid_report,KPDT,2022,5,255
valid_report,KPDT,2023,1,75
valid_report,KPDT,2023,2,142
valid_report,KPDT,2023,3,201
valid_report,KPDT,2023,4,248
valid_report,KPDT,2023,5,280
valid_report,KPDT,2024,1,75
valid_report,KPDT,2024,2,144
valid_report,KPDT,2024,3,198
valid_report,KPDT,2024,4,244
valid_report,KPDT,2024,5,270
valid_report,KPUX,2013,1,78
valid_report,KPUX,2013,2,132
valid_report,KPUX,2013,3,171
valid_report,KPUX,2013,4,192
valid_report,KPUX,2013,5,195
valid_report,KPUX,2014,1,68
valid_report,KPUX,2014,2,112
valid_report,KPUX,2014,3,123
valid_report,KPUX,2014,4,120
valid_report,KPUX,2014,5,105
valid_report,KPUX,2015,1,55
valid_report,KPUX,2015,2,78
valid_report,KPUX,2015,3,84
valid_report,KPUX,2015,4,84
valid_report,KPUX,2015,5,85
valid_report,KPUX,2016,1,3
valid_report,KPUX,2016,2,2
valid_report,KPUX,2017,1,33
valid_report,KPUX,2017,2,40
valid_report,KPUX,2017,3,39
valid_report,KPUX,2017,4,36
valid_report,KPUX,2017,5,30
valid_report,KPUX,2018,1,113
valid_report,KPUX,2018,2,198
valid_report,KPUX,2018,3,255
valid_report,KPUX,2018,4,284
valid_report,KPUX,2018,5,315
valid_report,KPUX,2019,1,27
valid_report,KPUX,2019,2,38
valid_report,KPUX,2019,3,39
valid_report,KPUX,2019,4,32
valid_report,KPUX,2019,5,20
valid_report,KPUX,2020,1,69
valid_report,KPUX,2020,2,114
valid_report,KPUX,2020,3,153
valid_report,KPUX,2020,4,196
valid_report,KPUX,2020,5,235
valid_report,KPUX,2021,1,12
valid_report,KPUX,2021,2,12
valid_report,KPUX,2021,3,3
valid_report,KPUX,2022,1,23
valid_report,KPUX,2022,2,40
valid_report,KPUX,2022,3,57
valid_report,KPUX,2022,4,68
valid_report,KPUX,2022,5,65
valid_report,KPUX,2023,1,83
valid_report,KPUX,2023,2,114
valid_report,KPUX,2023,3,111
valid_report,KPUX,2023,4,104
valid_report,KPUX,2023,5,105
valid_report,KPUX,2024,1,18
valid_report,KPUX,2024,2,26
valid_report,KPUX,2024,3,30
valid_report,KPUX,2024,4,32
valid_report,KPUX,2024,5,30
valid_report,KRIW,2013,1,28
valid_report,KRIW,2013,2,32
valid_report,KRIW,2013,3,18
valid_report,KRIW,2013,4,4
valid_report,KRIW,2014,1,37
valid_report,KRIW,2014,2,48
valid_report,KRIW,2014,3,45
valid_report,KRIW,2014,4,48
valid_report,KRIW,2014,5,55
valid_report,KRIW,2015,1,40
valid_report,KRIW,2015,2,48
valid_report,KRIW,2015,3,36
valid_report,KRIW,2015,4,24
valid_report,KRIW,2015,5,30
valid_report,KRIW,2016,1,19
valid_report,KRIW,2016,2,30
valid_report,KRIW,2016,3,39
valid_report,KRIW,2016,4,48
valid_report,KRIW,2016,5,50
valid_report,KRIW,2017,1,9
valid_report,KRIW,2017,2,8
valid_report,KRIW,2017,3,3
valid_report,KRIW,2018,1,46
valid_report,KRIW,2018,2,74
valid_report,KRIW,2018,3,87
valid_report,KRIW,2018,4,80
valid_report,KRIW,2018,5,70
valid_report,KRIW,2019,1,74
valid_report,KRIW,2019,2,128
valid_report,KRIW,2019,3,150
valid_report,KRIW,2019,4,156
valid_report,KRIW,2019,5,140
valid_report,KRIW,2020,1,46
valid_report,KRIW,2020,2,76
valid_report,KRIW,2020,3,96
valid_report,KRIW,2020,4,104
valid_report,KRIW,2020,5,105
valid_report,KRIW,2021,1,21
valid_report,KRIW,2021,2,32
valid_report,KRIW,2021,3,36
valid_report,KRIW,2021,4,32
valid_report,KRIW,2021,5,30
valid_report,KRIW,2022,1,14
valid_report,KRIW,2022,2,10
valid_report,KRIW,2022,3,3
valid_report,KRIW,2023,1,35
valid_report,KRIW,2023,2,60
valid_report,KRIW,2023,3,78
valid_report,KRIW,2023,4,84
valid_report,KRIW,2023,5,85
valid_report,KRLX,2013,1,52
valid_report,KRLX,2013,2,78
valid_report,KRLX,2013,3,102
valid_report,KRLX,2013,4,132
valid_report,KRLX,2013,5,145
valid_report,KRLX,2014,1,144
valid_report,KRLX,2014,2,256
valid_report,KRLX,2014,3,354
valid_report,KRLX,2014,4,448
valid_report,KRLX,2014,5,530
valid_report,KRLX,2015,1,116
valid_report,KRLX,2015,2,222
valid_report,KRLX,2015,3,315
valid_report,KRLX,2015,4,400
valid_report,KRLX,2015,5,460
valid_report,KRLX,2016,1,109
valid_report,KRLX,2016,2,190
valid_report,KRLX,2016,3,243
valid_report,KRLX,2016,4,256
valid_report,KRLX,2016,5,235
valid_report,KRLX,2017,1,92
valid_report,KRLX,2017,2,154
valid_report,KRLX,2017,3,216
valid_report,KRLX,2017,4,284
valid_report,KRLX,2017,5,340
valid_report,KRLX,2018,1,242
valid_report,KRLX,2018,2,410
valid_report,KRLX,2018,3,528
valid_report,KRLX,2018,4,636
valid_report,KRLX,2018,5,700
valid_report,KRLX,2019,1,217
valid_report,KRLX,2019,2,404
valid_report,KRLX,2019,3,558
valid_report,KRLX,2019,4,684
valid_report,KRLX,2019,5,735
valid_report,KRLX,2020,1,133
valid_report,KRLX,2020,2,232
valid_report,KRLX,2020,3,321
valid_report,KRLX,2020,4,396
valid_report,KRLX,2020,5,455
valid_report,KRLX,2021,1,274
valid_report,KRLX,2021,2,504
valid_report,KRLX,2021,3,702
valid_report,KRLX,2021,4,856
valid_report,KRLX,2021,5,910
valid_report,KRLX,2022,1,211
valid_report,KRLX,2022,2,386
valid_report,KRLX,2022,3,519
valid_report,KRLX,2022,4,612
valid_report,KRLX,2022,5,650
valid_report,KRLX,2023,1,200
valid_report,KRLX,2023,2,378
valid_report,KRLX,2023,3,537
valid_report,KRLX,2023,4,672
valid_report,KRLX,2023,5,785
valid_report,KRLX,2024,1,104
valid_report,KRLX,2024,2,178
valid_report,KRLX,2024,3,243
valid_report,KRLX,2024,4,292
valid_report,KRLX,2024,5,320
valid_report,KRTX,2013,1,104
valid_report,KRTX,2013,2,178
valid_report,KRTX,2013,3,237
valid_report,KRTX,2013,4,288
valid_report,KRTX,2013,5,325
valid_report,KRTX,2014,1,69
valid_report,KRTX,2014,2,132
valid_report,KRTX,2014,3,192
valid_report,KRTX,2014,4,244
valid_report,KRTX,2014,5,295
valid_report,KRTX,2015,1,97
valid_report,KRTX,2015,2,182
valid_report,KRTX,2015,3,252
valid_report,KRTX,2015,4,312
valid_report,KRTX,2015,5,380
valid_report,KRTX,2016,1,88
valid_report,KRTX,2016,2,166
valid_report,KRTX,2016,3,246
valid_report,KRTX,2016,4,324
valid_report,KRTX,2016,5,395
valid_report,KRTX,2017,1,76
valid_report,KRTX,2017,2,142
valid_report,KRTX,2017,3,204
valid_report,KRTX,2017,4,260
valid_report,KRTX,2017,5,305
valid_report,KRTX,2018,1,113
valid_report,KRTX,2018,2,214
valid_report,KRTX,2018,3,297
valid_report,KRTX,2018,4,364
valid_report,KRTX,2018,5,410
valid_report,KRTX,2019,1,88
valid_report,KRTX,2019,2,164
valid_report,KRTX,2019,3,228
valid_report,KRTX,2019,4,268
valid_report,KRTX,2019,5,300
valid_report,KRTX,2020,1,97
valid_report,KRTX,2020,2,186
valid_report,KRTX,2020,3,273
valid_report,KRTX,2020,4,360
valid_report,KRTX,2020,5,445
valid_report,KRTX,2021,1,106
valid_report,KRTX,2021,2,200
valid_report,KRTX,2021,3,294
valid_report,KRTX,2021,4,384
valid_report,KRTX,2021,5,445
valid_report,KRTX,2022,1,66
valid_report,KRTX,2022,2,132
valid_report,KRTX,2022,3,186
valid_report,KRTX,2022,4,228
valid_report,KRTX,2022,5,250
valid_report,KRTX,2023,1,98
valid_report,KRTX,2023,2,182
valid_report,KRTX,2023,3,237
valid_report,KRTX,2023,4,264
valid_report,KRTX,2023,5,270
valid_report,KRTX,2024,1,82
valid_report,KRTX,2024,2,150
valid_report,KRTX,2024,3,201
valid_report,KRTX,2024,4,224
valid_report,KRTX,2024,5,220
valid_report,KSFX,2013,1,64
valid_report,KSFX,2013,2,76
valid_report,KSFX,2013,3,63
valid_report,KSFX,2013,4,60
valid_report,KSFX,2013,5,55
valid_report,KSFX,2014,1,72
valid_report,KSFX,2014,2,98
valid_report,KSFX,2014,3,102
valid_report,KSFX,2014,4,112
valid_report,KSFX,2014,5,120
valid_report,KSFX,2015,1,113
valid_report,KSFX,2015,2,178
valid_report,KSFX,2015,3,222
valid_report,KSFX,2015,4,252
valid_report,KSFX,2015,5,280
valid_report,KSFX,2016,1,176
valid_report,KSFX,2016,2,296
valid_report,KSFX,2016,3,372
valid_report,KSFX,2016,4,420
valid_report,KSFX,2016,5,420
valid_report,KSFX,2017,1,163
valid_report,KSFX,2017,2,256
valid_report,KSFX,2017,3,294
valid_report,KSFX,2017,4,284
valid_report,KSFX,2017,5,245
valid_report,KSFX,2018,1,176
valid_report,KSFX,2018,2,282
valid_report,KSFX,2018,3,357
valid_report,KSFX,2018,4,424
valid_report,KSFX,2018,5,460
valid_report,KSFX,2019,1,120
valid_report,KSFX,2019,2,200
valid_report,KSFX,2019,3,258
valid_report,KSFX,2019,4,272
valid_report,KSFX,2019,5,270
valid_report,KSFX,2020,1,50
valid_report,KSFX,2020,2,74
valid_report,KSFX,2020,3,78
valid_report,KSFX,2020,4,80
valid_report,KSFX,2020,5,70
valid_report,KSFX,2021,1,76
valid_report,KSFX,2021,2,126
valid_report,KSFX,2021,3,156
valid_report,KSFX,2021,4,188
valid_report,KSFX,2021,5,225
valid_report,KSFX,2022,1,13
valid_report,KSFX,2022,2,12
valid_report,KSFX,2022,3,6
valid_report,KSFX,2023,1,66
valid_report,KSFX,2023,2,102
valid_report,KSFX,2023,3,132
valid_report,KSFX,2023,4,144
valid_report,KSFX,2023,5,145
valid_report,KSFX,2024,1,70
valid_report,KSFX,2024,2,118
valid_report,KSFX,2024,3,159
valid_report,KSFX,2024,4,176
valid_report,KSFX,2024,5,180
valid_report,KSGF,2013,1,161
valid_report,KSGF,2013,2,238
valid_report,KSGF,2013,3,282
valid_report,KSGF,2013,4,332
valid_report,KSGF,2013,5,360
valid_report,KSGF,2014,1,127
valid_report,KSGF,2014,2,200
valid_report,KSGF,2014,3,237
valid_report,KSGF,2014,4,236
valid_report,KSGF,2014,5,225
valid_report,KSGF,2015,1,259
valid_report,KSGF,2015,2,430
valid_report,KSGF,2015,3,555
valid_report,KSGF,2015,4,644
valid_report,KSGF,2015,5,690
valid_report,KSGF,2016,1,258
valid_report,KSGF,2016,2,430
valid_report,KSGF,2016,3,540
valid_report,KSGF,2016,4,596
valid_report,KSGF,2016,5,630
valid_report,KSGF,2017,1,119
valid_report,KSGF,2017,2,202
valid_report,KSGF,2017,3,258
valid_report,KSGF,2017,4,320
valid_report,KSGF,2017,5,365
valid_report,KSGF,2018,1,221
valid_report,KSGF,2018,2,420
valid_report,KSGF,2018,3,591
valid_report,KSGF,2018,4,736
valid_report,KSGF,2018,5,875
valid_report,KSGF,2019,1,142
valid_report,KSGF,2019,2,258
valid_report,KSGF,2019,3,351
valid_report,KSGF,2019,4,428
valid_report,KSGF,2019,5,495
valid_report,KSGF,2020,1,155
valid_report,KSGF,2020,2,252
valid_report,KSGF,2020,3,312
valid_report,KSGF,2020,4,352
valid_report,KSGF,2020,5,380
valid_report,KSGF,2021,1,137
valid_report,KSGF,2021,2,236
valid_report,KSGF,2021,3,327
valid_report,KSGF,2021,4,380
valid_report,KSGF,2021,5,395
valid_report,KSGF,2022,1,306
valid_report,KSGF,2022,2,544
valid_report,KSGF,2022,3,744
valid_report,KSGF,2022,4,884
valid_report,KSGF,2022,5,1000
valid_report,KSGF,2023,1,143
valid_report,KSGF,2023,2,260
valid_report,KSGF,2023,3,348
valid_report,KSGF,2023,4,412
valid_report,KSGF,2023,5,420
valid_report,KSGF,2024,1,148
valid_report,KSGF,2024,2,246
valid_report,KSGF,2024,3,306
valid_report,KSGF,2024,4,344
valid_report,KSGF,2024,5,370
valid_report,KSHV,2013,1,200
valid_report,KSHV,2013,2,368
valid_report,KSHV,2013,3,504
valid_report,KSHV,2013,4,596
valid_report,KSHV,2013,5,655
valid_report,KSHV,2014,1,171
valid_report,KSHV,2014,2,318
valid_report,KSHV,2014,3,450
valid_report,KSHV,2014,4,572
valid_report,KSHV,2014,5,670
valid_report,KSHV,2015,1,198
valid_report,KSHV,2015,2,346
valid_report,KSHV,2015,3,492
valid_report,KSHV,2015,4,620
valid_report,KSHV,2015,5,735
valid_report,KSHV,2016,1,221
valid_report,KSHV,2016,2,396
valid_report,KSHV,2016,3,540
valid_report,KSHV,2016,4,640
valid_report,KSHV,2016,5,715
valid_report,KSHV,2017,1,327
valid_report,KSHV,2017,2,562
valid_report,KSHV,2017,3,744
valid_report,KSHV,2017,4,904
valid_report,KSHV,2017,5,1055
valid_report,KSHV,2018,1,122
valid_report,KSHV,2018,2,210
valid_report,KSHV,2018,3,285
valid_report,KSHV,2018,4,356
valid_report,KSHV,2018,5,425
valid_report,KSHV,2019,1,135
valid_report,KSHV,2019,2,208
valid_report,KSHV,2019,3,258
valid_report,KSHV,2019,4,284
valid_report,KSHV,2019,5,310
valid_report,KSHV,2020,1,196
valid_report,KSHV,2020,2,316
valid_report,KSHV,2020,3,393
valid_report,KSHV,2020,4,448
valid_report,KSHV,2020,5,510
valid_report,KSHV,2021,1,144
valid_report,KSHV,2021,2,264
valid_report,KSHV,2021,3,351
valid_report,KSHV,2021,4,424
valid_report,KSHV,2021,5,450
valid_report,KSHV,2022,1,260
valid_report,KSHV,2022,2,472
valid_report,KSHV,2022,3,660
valid_report,KSHV,2022,4,808
valid_report,KSHV,2022,5,935
valid_report,KSHV,2023,1,167
valid_report,KSHV,2023,2,296
valid_report,KSHV,2023,3,402
valid_report,KSHV,2023,4,484
valid_report,KSHV,2023,5,550
valid_report,KSHV,2024,1,126
valid_report,KSHV,2024,2,218
valid_report,KSHV,2024,3,279
valid_report,KSHV,2024,4,304
valid_report,KSHV,2024,5,325
valid_report,KSJT,2013,1,75
valid_report,KSJT,2013,2,132
valid_report,KSJT,2013,3,168
valid_report,KSJT,2013,4,168
valid_report,KSJT,2013,5,145
valid_report,KSJT,2014,1,93
valid_report,KSJT,2014,2,134
valid_report,KSJT,2014,3,147
valid_report,KSJT,2014,4,180
valid_report,KSJT,2014,5,210
valid_report,KSJT,2015,1,109
valid_report,KSJT,2015,2,176
valid_report,KSJT,2015,3,210
valid_report,KSJT,2015,4,232
valid_report,KSJT,2015,5,255
valid_report,KSJT,2016,1,72
valid_report,KSJT,2016,2,68
valid_report,KSJT,2016,3,63
valid_report,KSJT,2016,4,60
valid_report,KSJT,2016,5,40
valid_report,KSJT,2017,1,84
valid_report,KSJT,2017,2,128
valid_report,KSJT,2017,3,159
valid_report,KSJT,2017,4,188
valid_report,KSJT,2017,5,205
valid_report,KSJT,2018,1,172
valid_report,KSJT,2018,2,312
valid_report,KSJT,2018,3,444
valid_report,KSJT,2018,4,576
valid_report,KSJT,2018,5,685
valid_report,KSJT,2019,1,145
valid_report,KSJT,2019,2,242
valid_report,KSJT,2019,3,324
valid_report,KSJT,2019,4,380
valid_report,KSJT,2019,5,420
valid_report,KSJT,2020,1,163
valid_report,KSJT,2020,2,262
valid_report,KSJT,2020,3,315
valid_report,KSJT,2020,4,336
valid_report,KSJT,2020,5,315
valid_report,KSJT,2021,1,85
valid_report,KSJT,2021,2,140
valid_report,KSJT,2021,3,171
valid_report,KSJT,2021,4,184
valid_report,KSJT,2021,5,190
valid_report,KSJT,2022,1,111
valid_report,KSJT,2022,2,194
valid_report,KSJT,2022,3,249
valid_report,KSJT,2022,4,268
valid_report,KSJT,2022,5,270
valid_report,KSJT,2023,1,156
valid_report,KSJT,2023,2,244
valid_report,KSJT,2023,3,303
valid_report,KSJT,2023,4,356
valid_report,KSJT,2023,5,410
valid_report,KSJT,2024,1,176
valid_report,KSJT,2024,2,310
valid_report,KSJT,2024,3,420
valid_report,KSJT,2024,4,504
valid_report,KSJT,2024,5,540
valid_report,KSOX,2013,1,95
valid_report,KSOX,2013,2,164
valid_report,KSOX,2013,3,207
valid_report,KSOX,2013,4,212
valid_report,KSOX,2013,5,210
valid_report,KSOX,2014,1,92
valid_report,KSOX,2014,2,168
valid_report,KSOX,2014,3,231
valid_report,KSOX,2014,4,288
valid_report,KSOX,2014,5,340
valid_report,KSOX,2015,1,57
valid_report,KSOX,2015,2,104
valid_report,KSOX,2015,3,147
valid_report,KSOX,2015,4,164
valid_report,KSOX,2015,5,165
valid_report,KSOX,2016,1,115
valid_report,KSOX,2016,2,210
valid_report,KSOX,2016,3,288
valid_report,KSOX,2016,4,348
valid_report,KSOX,2016,5,390
valid_report,KSOX,2017,1,105
valid_report,KSOX,2017,2,188
valid_report,KSOX,2017,3,258
valid_report,KSOX,2017,4,312
valid_report,KSOX,2017,5,355
valid_report,KSOX,2018,1,53
valid_report,KSOX,2018,2,102
valid_report,KSOX,2018,3,138
valid_report,KSOX,2018,4,164
valid_report,KSOX,2018,5,175
valid_report,KSOX,2019,1,138
valid_report,KSOX,2019,2,246
valid_report,KSOX,2019,3,315
valid_report,KSOX,2019,4,364
valid_report,KSOX,2019,5,395
valid_report,KSOX,2020,1,147
valid_report,KSOX,2020,2,280
valid_report,KSOX,2020,3,402
valid_report,KSOX,2020,4,516
valid_report,KSOX,2020,5,600
valid_report,KSOX,2021,1,49
valid_report,KSOX,2021,2,82
valid_report,KSOX,2021,3,102
valid_report,KSOX,2021,4,116
valid_report,KSOX,2021,5,130
valid_report,KSOX,2022,1,35
valid_report,KSOX,2022,2,68
valid_report,KSOX,2022,3,96
valid_report,KSOX,2022,4,116
valid_report,KSOX,2022,5,125
valid_report,KSOX,2023,1,62
valid_report,KSOX,2023,2,112
valid_report,KSOX,2023,3,150
valid_report,KSOX,2023,4,184
valid_report,KSOX,2023,5,210
valid_report,KSOX,2024,1,72
valid_report,KSOX,2024,2,114
valid_report,KSOX,2024,3,123
valid_report,KSOX,2024,4,96
valid_report,KSOX,2024,5,45
valid_report,KSRX,2013,1,267
valid_report,KSRX,2013,2,446
valid_report,KSRX,2013,3,570
valid_report,KSRX,2013,4,664
valid_report,KSRX,2013,5,765
valid_report,KSRX,2014,1,237
valid_report,KSRX,2014,2,430
valid_report,KSRX,2014,3,588
valid_report,KSRX,2014,4,724
valid_report,KSRX,2014,5,830
valid_report,KSRX,2015,1,59
valid_report,KSRX,2015,2,94
valid_report,KSRX,2015,3,111
valid_report,KSRX,2015,4,116
valid_report,KSRX,2015,5,125
valid_report,KSRX,2016,1,168
valid_report,KSRX,2016,2,272
valid_report,KSRX,2016,3,363
valid_report,KSRX,2016,4,444
valid_report,KSRX,2016,5,515
valid_report,KSRX,2017,1,240
valid_report,KSRX,2017,2,436
valid_report,KSRX,2017,3,600
valid_report,KSRX,2017,4,728
valid_report,KSRX,2017,5,825
valid_report,KSRX,2018,1,86
valid_report,KSRX,2018,2,150
valid_report,KSRX,2018,3,213
valid_report,KSRX,2018,4,268
valid_report,KSRX,2018,5,300
valid_report,KSRX,2019,1,74
valid_report,KSRX,2019,2,128
valid_report,KSRX,2019,3,171
valid_report,KSRX,2019,4,212
valid_report,KSRX,2019,5,250
valid_report,KSRX,2020,1,80
valid_report,KSRX,2020,2,126
valid_report,KSRX,2020,3,153
valid_report,KSRX,2020,4,172
valid_report,KSRX,2020,5,190
valid_report,KSRX,2021,1,214
valid_report,KSRX,2021,2,414
valid_report,KSRX,2021,3,594
valid_report,KSRX,2021,4,732
valid_report,KSRX,2021,5,835
valid_report,KSRX,2022,1,88
valid_report,KSRX,2022,2,160
valid_report,KSRX,2022,3,207
valid_report,KSRX,2022,4,244
valid_report,KSRX,2022,5,265
valid_report,KSRX,2023,1,211
valid_report,KSRX,2023,2,384
valid_report,KSRX,2023,3,537
valid_report,KSRX,2023,4,680
valid_report,KSRX,2023,5,770
valid_report,KSRX,2024,1,230
valid_report,KSRX,2024,2,430
valid_report,KSRX,2024,3,609
valid_report,KSRX,2024,4,768
valid_report,KSRX,2024,5,880
valid_report,KTBW,2013,1,111
valid_report,KTBW,2013,2,170
valid_report,KTBW,2013,3,198
valid_report,KTBW,2013,4,212
valid_report,KTBW,2013,5,225
valid_report,KTBW,2014,1,79
valid_report,KTBW,2014,2,68
valid_report,KTBW,2014,3,48
valid_report,KTBW,2014,4,44
valid_report,KTBW,2014,5,45
valid_report,KTBW,2015,1,101
valid_report,KTBW,2015,2,156
valid_report,KTBW,2015,3,192
valid_report,KTBW,2015,4,200
valid_report,KTBW,2015,5,205
valid_report,KTBW,2016,1,177
valid_report,KTBW,2016,2,252
valid_report,KTBW,2016,3,333
valid_report,KTBW,2016,4,408
valid_report,KTBW,2016,5,490
valid_report,KTBW,2017,1,127
valid_report,KTBW,2017,2,208
valid_report,KTBW,2017,3,267
valid_report,KTBW,2017,4,328
valid_report,KTBW,2017,5,380
valid_report,KTBW,2018,1,56
valid_report,KTBW,2018,2,76
valid_report,KTBW,2018,3,93
valid_report,KTBW,2018,4,120
valid_report,KTBW,2018,5,150
valid_report,KTBW,2019,1,104
valid_report,KTBW,2019,2,150
valid_report,KTBW,2019,3,174
valid_report,KTBW,2019,4,192
valid_report,KTBW,2019,5,205
valid_report,KTBW,2020,1,82
valid_report,KTBW,2020,2,90
valid_report,KTBW,2020,3,87
valid_report,KTBW,2020,4,84
valid_report,KTBW,2020,5,70
valid_report,KTBW,2021,1,235
valid_report,KTBW,2021,2,340
valid_report,KTBW,2021,3,390
valid_report,KTBW,2021,4,444
valid_report,KTBW,2021,5,495
valid_report,KTBW,2022,1,170
valid_report,KTBW,2022,2,298
valid_report,KTBW,2022,3,402
valid_report,KTBW,2022,4,484
valid_report,KTBW,2022,5,535
valid_report,KTBW,2023,1,176
valid_report,KTBW,2023,2,284
valid_report,KTBW,2023,3,360
valid_report,KTBW,2023,4,428
valid_report,KTBW,2023,5,500
valid_report,KTBW,2024,1,252
valid_report,KTBW,2024,2,432
valid_report,KTBW,2024,3,561
valid_report,KTBW,2024,4,688
valid_report,KTBW,2024,5,795
valid_report,KTLH,2013,1,195
valid_report,KTLH,2013,2,294
valid_report,KTLH,2013,3,357
valid_report,KTLH,2013,4,412
valid_report,KTLH,2013,5,440
valid_report,KTLH,2014,1,33
valid_report,KTLH,2014,2,24
valid_report,KTLH,2014,3,18
valid_report,KTLH,2014,4,20
valid_report,KTLH,2014,5,15
valid_report,KTLH,2015,1,106
valid_report,KTLH,2015,2,184
valid_report,KTLH,2015,3,234
valid_report,KTLH,2015,4,264
valid_report,KTLH,2015,5,260
valid_report,KTLH,2016,1,131
valid_report,KTLH,2016,2,172
valid_report,KTLH,2016,3,186
valid_report,KTLH,2016,4,180
valid_report,KTLH,2016,5,170
valid_report,KTLH,2017,1,126
valid_report,KTLH,2017,2,204
valid_report,KTLH,2017,3,228
valid_report,KTLH,2017,4,216
valid_report,KTLH,2017,5,215
valid_report,KTLH,2018,1,18
valid_report,KTLH,2018,2,12
valid_report,KTLH,2018,3,3
valid_report,KTLH,2019,1,141
valid_report,KTLH,2019,2,222
valid_report,KTLH,2019,3,267
valid_report,KTLH,2019,4,312
valid_report,KTLH,2019,5,365
valid_report,KTLH,2020,1,80
valid_report,KTLH,2020,2,108
valid_report,KTLH,2020,3,117
valid_report,KTLH,2020,4,124
valid_report,KTLH,2020,5,130
valid_report,KTLH,2021,1,127
valid_report,KTLH,2021,2,186
valid_report,KTLH,2021,3,204
valid_report,KTLH,2021,4,184
valid_report,KTLH,2021,5,170
valid_report,KTLH,2022,1,97
valid_report,KTLH,2022,2,138
valid_report,KTLH,2022,3,150
valid_report,KTLH,2022,4,168
valid_report,KTLH,2022,5,190
valid_report,KTLH,2023,1,145
valid_report,KTLH,2023,2,236
valid_report,KTLH,2023,3,288
valid_report,KTLH,2023,4,324
valid_report,KTLH,2023,5,350
valid_report,KTLH,2024,1,143
valid_report,KTLH,2024,2,242
valid_report,KTLH,2024,3,315
valid_report,KTLH,2024,4,388
valid_report,KTLH,2024,5,455
valid_report,KTLX,2013,1,65
valid_report,KTLX,2013,2,116
valid_report,KTLX,2013,3,150
valid_report,KTLX,2013,4,184
valid_report,KTLX,2013,5,200
valid_report,KTLX,2014,1,62
valid_report,KTLX,2014,2,90
valid_report,KTLX,2014,3,108
valid_report,KTLX,2014,4,132
valid_report,KTLX,2014,5,145
valid_report,KTLX,2015,1,121
valid_report,KTLX,2015,2,208
valid_report,KTLX,2015,3,282
valid_report,KTLX,2015,4,356
valid_report,KTLX,2015,5,420
valid_report,KTLX,2016,1,83
valid_report,KTLX,2016,2,122
valid_report,KTLX,2016,3,138
valid_report,KTLX,2016,4,148
valid_report,KTLX,2016,5,135
valid_report,KTLX,2017,1,156
valid_report,KTLX,2017,2,286
valid_report,KTLX,2017,3,396
valid_report,KTLX,2017,4,492
valid_report,KTLX,2017,5,565
valid_report,KTLX,2018,1,141
valid_report,KTLX,2018,2,238
valid_report,KTLX,2018,3,297
valid_report,KTLX,2018,4,332
valid_report,KTLX,2018,5,325
valid_report,KTLX,2019,1,98
valid_report,KTLX,2019,2,176
valid_report,KTLX,2019,3,234
valid_report,KTLX,2019,4,280
valid_report,KTLX,2019,5,325
valid_report,KTLX,2020,1,113
valid_report,KTLX,2020,2,194
valid_report,KTLX,2020,3,267
valid_report,KTLX,2020,4,328
valid_report,KTLX,2020,5,355
valid_report,KTLX,2021,1,87
valid_report,KTLX,2021,2,138
valid_report,KTLX,2021,3,189
valid_report,KTLX,2021,4,228
valid_report,KTLX,2021,5,265
valid_report,KTLX,2022,1,108
valid_report,KTLX,2022,2,186
valid_report,KTLX,2022,3,249
valid_report,KTLX,2022,4,304
valid_report,KTLX,2022,5,350
valid_report,KTLX,2023,1,125
valid_report,KTLX,2023,2,232
valid_report,KTLX,2023,3,321
valid_report,KTLX,2023,4,384
valid_report,KTLX,2023,5,445
valid_report,KTLX,2024,1,139
valid_report,KTLX,2024,2,250
valid_report,KTLX,2024,3,336
valid_report,KTLX,2024,4,404
valid_report,KTLX,2024,5,455
valid_report,KTWX,2013,1,92
valid_report,KTWX,2013,2,166
valid_report,KTWX,2013,3,222
valid_report,KTWX,2013,4,264
valid_report,KTWX,2013,5,305
valid_report,KTWX,2014,1,125
valid_report,KTWX,2014,2,178
valid_report,KTWX,2014,3,183
valid_report,KTWX,2014,4,156
valid_report,KTWX,2014,5,120
valid_report,KTWX,2015,1,123
valid_report,KTWX,2015,2,208
valid_report,KTWX,2015,3,273
valid_report,KTWX,2015,4,304
valid_report,KTWX,2015,5,325
valid_report,KTWX,2016,1,103
valid_report,KTWX,2016,2,174
valid_report,KTWX,2016,3,222
valid_report,KTWX,2016,4,260
valid_report,KTWX,2016,5,305
valid_report,KTWX,2017,1,84
valid_report,KTWX,2017,2,124
valid_report,KTWX,2017,3,132
valid_report,KTWX,2017,4,136
valid_report,KTWX,2017,5,140
valid_report,KTWX,2018,1,139
valid_report,KTWX,2018,2,248
valid_report,KTWX,2018,3,345
valid_report,KTWX,2018,4,416
valid_report,KTWX,2018,5,450
valid_report,KTWX,2019,1,27
valid_report,KTWX,2019,2,26
valid_report,KTWX,2019,3,15
valid_report,KTWX,2020,1,130
valid_report,KTWX,2020,2,224
valid_report,KTWX,2020,3,294
valid_report,KTWX,2020,4,352
valid_report,KTWX,2020,5,410
valid_report,KTWX,2021,1,99
valid_report,KTWX,2021,2,148
valid_report,KTWX,2021,3,162
valid_report,KTWX,2021,4,148
valid_report,KTWX,2021,5,125
valid_report,KTWX,2022,1,82
valid_report,KTWX,2022,2,146
valid_report,KTWX,2022,3,189
valid_report,KTWX,2022,4,200
valid_report,KTWX,2022,5,205
valid_report,KTWX,2023,1,181
valid_report,KTWX,2023,2,330
valid_report,KTWX,2023,3,438
valid_report,KTWX,2023,4,528
valid_report,KTWX,2023,5,595
valid_report,KTWX,2024,1,79
valid_report,KTWX,2024,2,136
valid_report,KTWX,2024,3,174
valid_report,KTWX,2024,4,220
valid_report,KTWX,2024,5,270
valid_report,KTYX,2013,1,24
valid_report,KTYX,2013,2,28
valid_report,KTYX,2013,3,24
valid_report,KTYX,2013,4,16
valid_report,KTYX,2013,5,15
valid_report,KTYX,2014,1,9
valid_report,KTYX,2014,2,18
valid_report,KTYX,2014,3,24
valid_report,KTYX,2014,4,28
valid_report,KTYX,2014,5,30
valid_report,KTYX,2015,1,44
valid_report,KTYX,2015,2,72
valid_report,KTYX,2015,3,90
valid_report,KTYX,2015,4,108
valid_report,KTYX,2015,5,120
valid_report,KTYX,2016,1,55
valid_report,KTYX,2016,2,62
valid_report,KTYX,2016,3,51
valid_report,KTYX,2016,4,32
valid_report,KTYX,2016,5,25
valid_report,KTYX,2017,1,25
valid_report,KTYX,2017,2,42
valid_report,KTYX,2017,3,54
valid_report,KTYX,2017,4,56
valid_report,KTYX,2017,5,45
valid_report,KTYX,2018,1,64
valid_report,KTYX,2018,2,102
valid_report,KTYX,2018,3,114
valid_report,KTYX,2018,4,92
valid_report,KTYX,2018,5,70
valid_report,KTYX,2019,1,67
valid_report,KTYX,2019,2,108
valid_report,KTYX,2019,3,102
valid_report,KTYX,2019,4,60
valid_report,KTYX,2019,5,15
valid_report,KTYX,2020,1,80
valid_report,KTYX,2020,2,140
valid_report,KTYX,2020,3,168
valid_report,KTYX,2020,4,184
valid_report,KTYX,2020,5,180
valid_report,KTYX,2021,1,69
valid_report,KTYX,2021,2,94
valid_report,KTYX,2021,3,120
valid_report,KTYX,2021,4,144
valid_report,KTYX,2021,5,145
valid_report,KTYX,2022,1,30
valid_report,KTYX,2022,2,54
valid_report,KTYX,2022,3,60
valid_report,KTYX,2022,4,48
valid_report,KTYX,2022,5,25
valid_report,KTYX,2023,1,91
valid_report,KTYX,2023,2,156
valid_report,KTYX,2023,3,198
valid_report,KTYX,2023,4,212
valid_report,KTYX,2023,5,205
valid_report,KTYX,2024,1,51
valid_report,KTYX,2024,2,100
valid_report,KTYX,2024,3,144
valid_report,KTYX,2024,4,180
valid_report,KTYX,2024,5,205
valid_report,KUDX,2013,1,80
valid_report,KUDX,2013,2,136
valid_report,KUDX,2013,3,171
valid_report,KUDX,2013,4,212
valid_report,KUDX,2013,5,255
valid_report,KUDX,2014,1,103
valid_report,KUDX,2014,2,188
valid_report,KUDX,2014,3,258
valid_report,KUDX,2014,4,308
valid_report,KUDX,2014,5,335
valid_report,KUDX,2015,1,124
valid_report,KUDX,2015,2,218
valid_report,KUDX,2015,3,288
valid_report,KUDX,2015,4,356
valid_report,KUDX,2015,5,395
valid_report,KUDX,2016,1,149
valid_report,KUDX,2016,2,260
valid_report,KUDX,2016,3,330
valid_report,KUDX,2016,4,372
valid_report,KUDX,2016,5,375
valid_report,KUDX,2017,1,40
valid_report,KUDX,2017,2,58
valid_report,KUDX,2017,3,63
valid_report,KUDX,2017,4,72
valid_report,KUDX,2017,5,80
valid_report,KUDX,2018,1,56
valid_report,KUDX,2018,2,90
valid_report,KUDX,2018,3,114
valid_report,KUDX,2018,4,140
valid_report,KUDX,2018,5,160
valid_report,KUDX,2019,1,120
valid_report,KUDX,2019,2,200
valid_report,KUDX,2019,3,249
valid_report,KUDX,2019,4,276
valid_report,KUDX,2019,5,285
valid_report,KUDX,2020,1,65
valid_report,KUDX,2020,2,94
valid_report,KUDX,2020,3,117
valid_report,KUDX,2020,4,124
valid_report,KUDX,2020,5,135
valid_report,KUDX,2021,1,54
valid_report,KUDX,2021,2,72
valid_report,KUDX,2021,3,72
valid_report,KUDX,2021,4,68
valid_report,KUDX,2021,5,70
valid_report,KUDX,2022,1,74
valid_report,KUDX,2022,2,120
valid_report,KUDX,2022,3,162
valid_report,KUDX,2022,4,196
valid_report,KUDX,2022,5,225
valid_report,KUDX,2023,1,52
valid_report,KUDX,2023,2,92
valid_report,KUDX,2023,3,126
valid_report,KUDX,2023,4,152
valid_report,KUDX,2023,5,180
valid_report,KUDX,2024,1,17
valid_report,KUDX,2024,2,30
valid_report,KUDX,2024,3,45
valid_report,KUDX,2024,4,56
valid_report,KUDX,2024,5,65
valid_report,KUEX,2013,1,80
valid_report,KUEX,2013,2,134
valid_report,KUEX,2013,3,168
valid_report,KUEX,2013,4,172
valid_report,KUEX,2013,5,165
valid_report,KUEX,2014,1,109
valid_report,KUEX,2014,2,180
valid_report,KUEX,2014,3,213
valid_report,KUEX,2014,4,236
valid_report,KUEX,2014,5,270
valid_report,KUEX,2015,1,152
valid_report,KUEX,2015,2,252
valid_report,KUEX,2015,3,318
valid_report,KUEX,2015,4,356
valid_report,KUEX,2015,5,390
valid_report,KUEX,2016,1,146
valid_report,KUEX,2016,2,252
valid_report,KUEX,2016,3,333
valid_report,KUEX,2016,4,396
valid_report,KUEX,2016,5,440
valid_report,KUEX,2017,1,175
valid_report,KUEX,2017,2,294
valid_report,KUEX,2017,3,381
valid_report,KUEX,2017,4,452
valid_report,KUEX,2017,5,490
valid_report,KUEX,2018,1,163
valid_report,KUEX,2018,2,268
valid_report,KUEX,2018,3,327
valid_report,KUEX,2018,4,384
valid_report,KUEX,2018,5,440
valid_report,KUEX,2019,1,110
valid_report,KUEX,2019,2,190
valid_report,KUEX,2019,3,267
valid_report,KUEX,2019,4,332
valid_report,KUEX,2019,5,385
valid_report,KUEX,2020,1,121
valid_report,KUEX,2020,2,218
valid_report,KUEX,2020,3,309
valid_report,KUEX,2020,4,388
valid_report,KUEX,2020,5,475
valid_report,KUEX,2021,1,41
valid_report,KUEX,2021,2,66
valid_report,KUEX,2021,3,78
valid_report,KUEX,2021,4,88
valid_report,KUEX,2021,5,95
valid_report,KUEX,2022,1,65
valid_report,KUEX,2022,2,106
valid_report,KUEX,2022,3,135
valid_report,KUEX,2022,4,140
valid_report,KUEX,2022,5,125
valid_report,KUEX,2023,1,176
valid_report,KUEX,2023,2,288
valid_report,KUEX,2023,3,357
valid_report,KUEX,2023,4,420
valid_report,KUEX,2023,5,480
valid_report,KUEX,2024,1,182
valid_report,KUEX,2024,2,278
valid_report,KUEX,2024,3,330
valid_report,KUEX,2024,4,324
valid_report,KUEX,2024,5,310
valid_report,KVAX,2013,1,131
valid_report,KVAX,2013,2,210
valid_report,KVAX,2013,3,249
valid_report,KVAX,2013,4,260
valid_report,KVAX,2013,5,255
valid_report,KVAX,2014,1,92
valid_report,KVAX,2014,2,152
valid_report,KVAX,2014,3,186
valid_report,KVAX,2014,4,216
valid_report,KVAX,2014,5,240
valid_report,KVAX,2015,1,175
valid_report,KVAX,2015,2,252
valid_report,KVAX,2015,3,270
valid_report,KVAX,2015,4,236
valid_report,KVAX,2015,5,190
valid_report,KVAX,2016,1,87
valid_report,KVAX,2016,2,118
valid_report,KVAX,2016,3,132
valid_report,KVAX,2016,4,136
valid_report,KVAX,2016,5,140
valid_report,KVAX,2017,1,182
valid_report,KVAX,2017,2,326
valid_report,KVAX,2017,3,432
valid_report,KVAX,2017,4,504
valid_report,KVAX,2017,5,535
valid_report,KVAX,2018,1,86
valid_report,KVAX,2018,2,132
valid_report,KVAX,2018,3,147
valid_report,KVAX,2018,4,156
valid_report,KVAX,2018,5,160
valid_report,KVAX,2019,1,115
valid_report,KVAX,2019,2,174
valid_report,KVAX,2019,3,237
valid_report,KVAX,2019,4,296
valid_report,KVAX,2019,5,335
valid_report,KVAX,2020,1,52
valid_report,KVAX,2020,2,84
valid_report,KVAX,2020,3,102
valid_report,KVAX,2020,4,112
valid_report,KVAX,2020,5,125
valid_report,KVAX,2021,1,262
valid_report,KVAX,2021,2,408
valid_report,KVAX,2021,3,504
valid_report,KVAX,2021,4,600
valid_report,KVAX,2021,5,655
valid_report,KVAX,2022,1,214
valid_report,KVAX,2022,2,352
valid_report,KVAX,2022,3,459
valid_report,KVAX,2022,4,564
valid_report,KVAX,2022,5,645
valid_report,KVAX,2023,1,130
valid_report,KVAX,2023,2,176
valid_report,KVAX,2023,3,174
valid_report,KVAX,2023,4,180
valid_report,KVAX,2023,5,180
valid_report,KVAX,2024,1,233
valid_report,KVAX,2024,2,378
valid_report,KVAX,2024,3,462
valid_report,KVAX,2024,4,536
valid_report,KVAX,2024,5,600
valid_report,KVNX,2013,1,92
valid_report,KVNX,2013,2,140
valid_report,KVNX,2013,3,162
valid_report,KVNX,2013,4,164
valid_report,KVNX,2013,5,165
valid_report,KVNX,2014,1,69
valid_report,KVNX,2014,2,102
valid_report,KVNX,2014,3,120
valid_report,KVNX,2014,4,128
valid_report,KVNX,2014,5,130
valid_report,KVNX,2015,1,193
valid_report,KVNX,2015,2,334
valid_report,KVNX,2015,3,453
valid_report,KVNX,2015,4,528
valid_report,KVNX,2015,5,600
valid_report,KVNX,2016,1,88
valid_report,KVNX,2016,2,156
valid_report,KVNX,2016,3,213
valid_report,KVNX,2016,4,264
valid_report,KVNX,2016,5,290
valid_report,KVNX,2017,1,106
valid_report,KVNX,2017,2,184
valid_report,KVNX,2017,3,240
valid_report,KVNX,2017,4,296
valid_report,KVNX,2017,5,335
valid_report,KVNX,2018,1,196
valid_report,KVNX,2018,2,354
valid_report,KVNX,2018,3,483
valid_report,KVNX,2018,4,596
valid_report,KVNX,2018,5,690
valid_report,KVNX,2019,1,204
valid_report,KVNX,2019,2,338
valid_report,KVNX,2019,3,444
valid_report,KVNX,2019,4,548
valid_report,KVNX,2019,5,630
valid_report,KVNX,2020,1,125
valid_report,KVNX,2020,2,216
valid_report,KVNX,2020,3,279
valid_report,KVNX,2020,4,316
valid_report,KVNX,2020,5,355
valid_report,KVNX,2021,1,190
valid_report,KVNX,2021,2,324
valid_report,KVNX,2021,3,405
valid_report,KVNX,2021,4,464
valid_report,KVNX,2021,5,490
valid_report,KVNX,2022,1,51
valid_report,KVNX,2022,2,94
valid_report,KVNX,2022,3,126
valid_report,KVNX,2022,4,156
valid_report,KVNX,2022,5,175
valid_report,KVNX,2023,1,58
valid_report,KVNX,2023,2,102
valid_report,KVNX,2023,3,135
valid_report,KVNX,2023,4,152
valid_report,KVNX,2023,5,165
valid_report,KVNX,2024,1,96
valid_report,KVNX,2024,2,134
valid_report,KVNX,2024,3,150
valid_report,KVNX,2024,4,180
valid_report,KVNX,2024,5,210
valid_report,KVTX,2013,1,35
valid_report,KVTX,2013,2,64
valid_report,KVTX,2013,3,84
valid_report,KVTX,2013,4,100
valid_report,KVTX,2013,5,120
valid_report,KVTX,2014,1,40
valid_report,KVTX,2014,2,50
valid_report,KVTX,2014,3,39
valid_report,KVTX,2014,4,24
valid_report,KVTX,2014,5,15
valid_report,KVTX,2015,1,24
valid_report,KVTX,2015,2,34
valid_report,KVTX,2015,3,27
valid_report,KVTX,2015,4,12
valid_report,KVTX,2016,1,16
valid_report,KVTX,2016,2,24
valid_report,KVTX,2016,3,24
valid_report,KVTX,2016,4,20
valid_report,KVTX,2016,5,20
valid_report,KVTX,2017,1,41
valid_report,KVTX,2017,2,68
valid_report,KVTX,2017,3,84
valid_report,KVTX,2017,4,92
valid_report,KVTX,2017,5,90
valid_report,KVTX,2018,1,9
valid_report,KVTX,2018,2,6
valid_report,KVTX,2018,3,3
valid_report,KVTX,2019,1,12
valid_report,KVTX,2019,2,14
valid_report,KVTX,2019,3,18
valid_report,KVTX,2019,4,20
valid_report,KVTX,2019,5,20
valid_report,KVTX,2020,1,33
valid_report,KVTX,2020,2,50
valid_report,KVTX,2020,3,57
valid_report,KVTX,2020,4,56
valid_report,KVTX,2020,5,60
valid_report,KVTX,2022,1,3
valid_report,KVTX,2022,2,6
valid_report,KVTX,2022,3,9
valid_report,KVTX,2022,4,12
valid_report,KVTX,2022,5,15
valid_report,KVTX,2023,1,8
valid_report,KVTX,2023,2,4
valid_report,KVTX,2024,1,6
valid_report,KVTX,2024,2,12
valid_report,KVTX,2024,3,15
valid_report,KVTX,2024,4,16
valid_report,KVTX,2024,5,15
valid_report,KYUX,2013,1,134
valid_report,KYUX,2013,2,236
valid_report,KYUX,2013,3,321
valid_report,KYUX,2013,4,408
valid_report,KYUX,2013,5,470
valid_report,KYUX,2014,1,207
valid_report,KYUX,2014,2,316
valid_report,KYUX,2014,3,396
valid_report,KYUX,2014,4,464
valid_report,KYUX,2014,5,525
valid_report,KYUX,2015,1,148
valid_report,KYUX,2015,2,224
valid_report,KYUX,2015,3,258
valid_report,KYUX,2015,4,260
valid_report,KYUX,2015,5,235
valid_report,KYUX,2016,1,86
valid_report,KYUX,2016,2,140
valid_report,KYUX,2016,3,186
valid_report,KYUX,2016,4,232
valid_report,KYUX,2016,5,280
valid_report,KYUX,2017,1,123
valid_report,KYUX,2017,2,166
valid_report,KYUX,2017,3,186
valid_report,KYUX,2017,4,212
valid_report,KYUX,2017,5,230
valid_report,KYUX,2018,1,110
valid_report,KYUX,2018,2,196
valid_report,KYUX,2018,3,267
valid_report,KYUX,2018,4,328
valid_report,KYUX,2018,5,395
valid_report,KYUX,2019,1,204
valid_report,KYUX,2019,2,340
valid_report,KYUX,2019,3,423
valid_report,KYUX,2019,4,496
valid_report,KYUX,2019,5,560
valid_report,KYUX,2020,1,221
valid_report,KYUX,2020,2,356
valid_report,KYUX,2020,3,453
valid_report,KYUX,2020,4,504
valid_report,KYUX,2020,5,495
valid_report,KYUX,2021,1,93
valid_report,KYUX,2021,2,160
valid_report,KYUX,2021,3,210
valid_report,KYUX,2021,4,256
valid_report,KYUX,2021,5,290
valid_report,KYUX,2022,1,215
valid_report,KYUX,2022,2,392
valid_report,KYUX,2022,3,537
valid_report,KYUX,2022,4,672
valid_report,KYUX,2022,5,785
valid_report,KYUX,2023,1,77
valid_report,KYUX,2023,2,126
valid_report,KYUX,2023,3,153
valid_report,KYUX,2023,4,168
valid_report,KYUX,2023,5,190
valid_report,KYUX,2024,1,68
valid_report,KYUX,2024,2,88
valid_report,KYUX,2024,3,84
valid_report,KYUX,2024,4,80
valid_report,KYUX,2024,5,80
valid_stop,KABR,2013,1,41
valid_stop,KABR,2013,2,44
valid_stop,KABR,2013,3,27
valid_stop,KABR,2013,4,20
valid_stop,KABR,2013,5,20
valid_stop,KABR,2014,1,146
valid_stop,KABR,2014,2,248
valid_stop,KABR,2014,3,330
valid_stop,KABR,2014,4,388
valid_stop,KABR,2014,5,430
valid_stop,KABR,2015,1,163
valid_stop,KABR,2015,2,266
valid_stop,KABR,2015,3,315
valid_stop,KABR,2015,4,332
valid_stop,KABR,2015,5,335
valid_stop,KABR,2016,1,84
valid_stop,KABR,2016,2,102
valid_stop,KABR,2016,3,81
valid_stop,KABR,2016,4,48
valid_stop,KABR,2016,5,50
valid_stop,KABR,2017,1,128
valid_stop,KABR,2017,2,224
valid_stop,KABR,2017,3,279
valid_stop,KABR,2017,4,288
valid_stop,KABR,2017,5,265
valid_stop,KABR,2018,1,33
valid_stop,KABR,2018,2,52
valid_stop,KABR,2018,3,66
valid_stop,KABR,2018,4,76
valid_stop,KABR,2018,5,85
valid_stop,KABR,2019,1,36
valid_stop,KABR,2019,2,60
valid_stop,KABR,2019,3,90
valid_stop,KABR,2019,4,116
valid_stop,KABR,2019,5,130
valid_stop,KABR,2020,1,107
valid_stop,KABR,2020,2,164
valid_stop,KABR,2020,3,210
valid_stop,KABR,2020,4,252
valid_stop,KABR,2020,5,275
valid_stop,KABR,2021,1,62
valid_stop,KABR,2021,2,104
valid_stop,KABR,2021,3,138
valid_stop,KABR,2021,4,140
valid_stop,KABR,2021,5,130
valid_stop,KABR,2022,1,123
valid_stop,KABR,2022,2,210
valid_stop,KABR,2022,3,288
valid_stop,KABR,2022,4,360
valid_stop,KABR,2022,5,410
valid_stop,KABR,2023,1,116
valid_stop,KABR,2023,2,200
valid_stop,KABR,2023,3,249
valid_stop,KABR,2023,4,276
valid_stop,KABR,2023,5,285
valid_stop,KABR,2024,1,121
valid_stop,KABR,2024,2,216
valid_stop,KABR,2024,3,288
valid_stop,KABR,2024,4,320
valid_stop,KABR,2024,5,335
valid_stop,KABX,2013,1,72
valid_stop,KABX,2013,2,120
valid_stop,KABX,2013,3,159
valid_stop,KABX,2013,4,180
valid_stop,KABX,2013,5,165
valid_stop,KABX,2014,1,96
valid_stop,KABX,2014,2,162
valid_stop,KABX,2014,3,210
valid_stop,KABX,2014,4,256
valid_stop,KABX,2014,5,275
valid_stop,KABX,2015,1,222
valid_stop,KABX,2015,2,378
valid_stop,KABX,2015,3,486
valid_stop,KABX,2015,4,548
valid_stop,KABX,2015,5,565
valid_stop,KABX,2016,1,65
valid_stop,KABX,2016,2,98
valid_stop,KABX,2016,3,108
valid_stop,KABX,2016,4,100
valid_stop,KABX,2016,5,80
valid_stop,KABX,2017,1,9
valid_stop,KABX,2017,2,14
valid_stop,KABX,2017,3,18
valid_stop,KABX,2017,4,20
valid_stop,KABX,2017,5,20
valid_stop,KABX,2018,1,159
valid_stop,KABX,2018,2,256
valid_stop,KABX,2018,3,315
valid_stop,KABX,2018,4,364
valid_stop,KABX,2018,5,395
valid_stop,KABX,2019,1,61
valid_stop,KABX,2019,2,108
valid_stop,KABX,2019,3,141
valid_stop,KABX,2019,4,156
valid_stop,KABX,2019,5,160
valid_stop,KABX,2020,1,94
valid_stop,KABX,2020,2,164
valid_stop,KABX,2020,3,207
valid_stop,KABX,2020,4,244
valid_stop,KABX,2020,5,280
valid_stop,KABX,2021,1,15
valid_stop,KABX,2021,2,14
valid_stop,KABX,2021,3,9
valid_stop,KABX,2022,1,42
valid_stop,KABX,2022,2,72
valid_stop,KABX,2022,3,93
valid_stop,KABX,2022,4,92
valid_stop,KABX,2022,5,75
valid_stop,KABX,2023,1,129
valid_stop,KABX,2023,2,200
valid_stop,KABX,2023,3,222
valid_stop,KABX,2023,4,232
valid_stop,KABX,2023,5,200
valid_stop,KABX,2024,1,124
valid_stop,KABX,2024,2,204
valid_stop,KABX,2024,3,246
valid_stop,KABX,2024,4,284
valid_stop,KABX,2024,5,315
valid_stop,KAKQ,2013,1,99
valid_stop,KAKQ,2013,2,168
valid_stop,KAKQ,2013,3,213
valid_stop,KAKQ,2013,4,256
valid_stop,KAKQ,2013,5,285
valid_stop,KAKQ,2014,1,80
valid_stop,KAKQ,2014,2,124
valid_stop,KAKQ,2014,3,150
valid_stop,KAKQ,2014,4,152
valid_stop,KAKQ,2014,5,145
valid_stop,KAKQ,2015,1,51
valid_stop,KAKQ,2015,2,84
valid_stop,KAKQ,2015,3,102
valid_stop,KAKQ,2015,4,104
valid_stop,KAKQ,2015,5,100
valid_stop,KAKQ,2016,1,153
valid_stop,KAKQ,2016,2,262
valid_stop,KAKQ,2016,3,348
valid_stop,KAKQ,2016,4,424
valid_stop,KAKQ,2016,5,475
valid_stop,KAKQ,2017,1,137
valid_stop,KAKQ,2017,2,214
valid_stop,KAKQ,2017,3,273
valid_stop,KAKQ,2017,4,320
valid_stop,KAKQ,2017,5,385
valid_stop,KAKQ,2018,1,59
valid_stop,KAKQ,2018,2,88
valid_stop,KAKQ,2018,3,105
valid_stop,KAKQ,2018,4,108
valid_stop,KAKQ,2018,5,95
valid_stop,KAKQ,2019,1,181
valid_stop,KAKQ,2019,2,280
valid_stop,KAKQ,2019,3,321
valid_stop,KAKQ,2019,4,332
valid_stop,KAKQ,2019,5,375
valid_stop,KAKQ,2020,1,50
valid_stop,KAKQ,2020,2,46
valid_stop,KAKQ,2020,3,30
valid_stop,KAKQ,2020,4,16
valid_stop,KAKQ,2020,5,5
valid_stop,KAKQ,2021,1,93
valid_stop,KAKQ,2021,2,150
valid_stop,KAKQ,2021,3,174
valid_stop,KAKQ,2021,4,192
valid_stop,KAKQ,2021,5,210
valid_stop,KAKQ,2022,1,249
valid_stop,KAKQ,2022,2,442
valid_stop,KAKQ,2022,3,579
valid_stop,KAKQ,2022,4,676
valid_stop,KAKQ,2022,5,730
valid_stop,KAKQ,2023,1,184
valid_stop,KAKQ,2023,2,338
valid_stop,KAKQ,2023,3,462
valid_stop,KAKQ,2023,4,564
valid_stop,KAKQ,2023,5,645
valid_stop,KAKQ,2024,1,88
valid_stop,KAKQ,2024,2,144
valid_stop,KAKQ,2024,3,183
valid_stop,KAKQ,2024,4,224
valid_stop,KAKQ,2024,5,260
valid_stop,KAMA,2013,1,98
valid_stop,KAMA,2013,2,156
valid_stop,KAMA,2013,3,171
valid_stop,KAMA,2013,4,164
valid_stop,KAMA,2013,5,130
valid_stop,KAMA,2014,1,32
valid_stop,KAMA,2014,2,34
valid_stop,KAMA,2014,3,24
valid_stop,KAMA,2014,4,20
valid_stop,KAMA,2014,5,10
valid_stop,KAMA,2015,1,18
valid_stop,KAMA,2015,2,28
valid_stop,KAMA,2015,3,24
valid_stop,KAMA,2015,4,16
valid_stop,KAMA,2016,1,105
valid_stop,KAMA,2016,2,162
valid_stop,KAMA,2016,3,192
valid_stop,KAMA,2016,4,216
valid_stop,KAMA,2016,5,235
valid_stop,KAMA,2017,1,103
valid_stop,KAMA,2017,2,138
valid_stop,KAMA,2017,3,153
valid_stop,KAMA,2017,4,144
valid_stop,KAMA,2017,5,115
valid_stop,KAMA,2018,1,181
valid_stop,KAMA,2018,2,304
valid_stop,KAMA,2018,3,369
valid_stop,KAMA,2018,4,396
valid_stop,KAMA,2018,5,415
valid_stop,KAMA,2019,1,44
valid_stop,KAMA,2019,2,54
valid_stop,KAMA,2019,3,51
valid_stop,KAMA,2019,4,48
valid_stop,KAMA,2019,5,35
valid_stop,KAMA,2020,1,73
valid_stop,KAMA,2020,2,116
valid_stop,KAMA,2020,3,141
valid_stop,KAMA,2020,4,156
valid_stop,KAMA,2020,5,165
valid_stop,KAMA,2021,1,96
valid_stop,KAMA,2021,2,160
valid_stop,KAMA,2021,3,204
valid_stop,KAMA,2021,4,224
valid_stop,KAMA,2021,5,245
valid_stop,KAMA,2022,1,65
valid_stop,KAMA,2022,2,90
valid_stop,KAMA,2022,3,99
valid_stop,KAMA,2022,4,88
valid_stop,KAMA,2022,5,95
valid_stop,KAMA,2023,1,90
valid_stop,KAMA,2023,2,166
valid_stop,KAMA,2023,3,219
valid_stop,KAMA,2023,4,244
valid_stop,KAMA,2023,5,245
valid_stop,KAMA,2024,1,118
valid_stop,KAMA,2024,2,206
valid_stop,KAMA,2024,3,270
valid_stop,KAMA,2024,4,312
valid_stop,KAMA,2024,5,310
valid_stop,KAMX,2013,1,33
valid_stop,KAMX,2013,2,34
valid_stop,KAMX,2013,3,30
valid_stop,KAMX,2013,4,20
valid_stop,KAMX,2013,5,10
valid_stop,KAMX,2014,1,38
valid_stop,KAMX,2014,2,58
valid_stop,KAMX,2014,3,66
valid_stop,KAMX,2014,4,76
valid_stop,KAMX,2014,5,80
valid_stop,KAMX,2015,1,45
valid_stop,KAMX,2015,2,54
valid_stop,KAMX,2015,3,57
valid_stop,KAMX,2015,4,64
valid_stop,KAMX,2015,5,75
valid_stop,KAMX,2016,1,38
valid_stop,KAMX,2016,2,60
valid_stop,KAMX,2016,3,75
valid_stop,KAMX,2016,4,80
valid_stop,KAMX,2016,5,70
valid_stop,KAMX,2017,1,37
valid_stop,KAMX,2017,2,64
valid_stop,KAMX,2017,3,84
valid_stop,KAMX,2017,4,96
valid_stop,KAMX,2017,5,100
valid_stop,KAMX,2018,1,70
valid_stop,KAMX,2018,2,86
valid_stop,KAMX,2018,3,63
valid_stop,KAMX,2018,4,28
valid_stop,KAMX,2018,5,20
valid_stop,KAMX,2019,1,92
valid_stop,KAMX,2019,2,142
valid_stop,KAMX,2019,3,168
valid_stop,KAMX,2019,4,176
valid_stop,KAMX,2019,5,165
valid_stop,KAMX,2020,1,23
valid_stop,KAMX,2020,2,18
valid_stop,KAMX,2020,3,18
valid_stop,KAMX,2020,4,16
valid_stop,KAMX,2020,5,10
valid_stop,KAMX,2021,1,97
valid_stop,KAMX,2021,2,160
valid_stop,KAMX,2021,3,210
valid_stop,KAMX,2021,4,228
valid_stop,KAMX,2021,5,235
valid_stop,KAMX,2022,1,70
valid_stop,KAMX,2022,2,88
valid_stop,KAMX,2022,3,81
valid_stop,KAMX,2022,4,68
valid_stop,KAMX,2022,5,55
valid_stop,KAMX,2023,1,134
valid_stop,KAMX,2023,2,238
valid_stop,KAMX,2023,3,312
valid_stop,KAMX,2023,4,340
valid_stop,KAMX,2023,5,330
valid_stop,KAMX,2024,1,121
valid_stop,KAMX,2024,2,208
valid_stop,KAMX,2024,3,285
valid_stop,KAMX,2024,4,352
valid_stop,KAMX,2024,5,405
valid_stop,KAPX,2013,1,60
valid_stop,KAPX,2013,2,106
valid_stop,KAPX,2013,3,129
valid_stop,KAPX,2013,4,128
valid_stop,KAPX,2013,5,120
valid_stop,KAPX,2014,1,23
valid_stop,KAPX,2014,2,44
valid_stop,KAPX,2014,3,63
valid_stop,KAPX,2014,4,76
valid_stop,KAPX,2014,5,85
valid_stop,KAPX,2015,1,39
valid_stop,KAPX,2015,2,32
valid_stop,KAPX,2015,3,18
valid_stop,KAPX,2015,4,20
valid_stop,KAPX,2015,5,20
valid_stop,KAPX,2016,1,120
valid_stop,KAPX,2016,2,204
valid_stop,KAPX,2016,3,237
valid_stop,KAPX,2016,4,268
valid_stop,KAPX,2016,5,290
valid_stop,KAPX,2017,1,39
valid_stop,KAPX,2017,2,64
valid_stop,KAPX,2017,3,72
valid_stop,KAPX,2017,4,76
valid_stop,KAPX,2017,5,80
valid_stop,KAPX,2018,1,87
valid_stop,KAPX,2018,2,132
valid_stop,KAPX,2018,3,171
valid_stop,KAPX,2018,4,204
valid_stop,KAPX,2018,5,215
valid_stop,KAPX,2019,1,12
valid_stop,KAPX,2019,2,14
valid_stop,KAPX,2019,3,18
valid_stop,KAPX,2019,4,20
valid_stop,KAPX,2019,5,15
valid_stop,KAPX,2020,1,54
valid_stop,KAPX,2020,2,90
valid_stop,KAPX,2020,3,114
valid_stop,KAPX,2020,4,120
valid_stop,KAPX,2020,5,130
valid_stop,KAPX,2021,1,52
valid_stop,KAPX,2021,2,80
valid_stop,KAPX,2021,3,84
valid_stop,KAPX,2021,4,80
valid_stop,KAPX,2021,5,70
valid_stop,KAPX,2022,1,23
valid_stop,KAPX,2022,2,42
valid_stop,KAPX,2022,3,51
valid_stop,KAPX,2022,4,52
valid_stop,KAPX,2022,5,40
valid_stop,KAPX,2023,1,58
valid_stop,KAPX,2023,2,104
valid_stop,KAPX,2023,3,135
valid_stop,KAPX,2023,4,128
valid_stop,KAPX,2023,5,95
valid_stop,KAPX,2024,1,37
valid_stop,KAPX,2024,2,60
valid_stop,KAPX,2024,3,90
valid_stop,KAPX,2024,4,120
valid_stop,KAPX,2024,5,140
valid_stop,KARX,2013,1,99
valid_stop,KARX,2013,2,168
valid_stop,KARX,2013,3,234
valid_stop,KARX,2013,4,292
valid_stop,KARX,2013,5,330
valid_stop,KARX,2014,1,270
valid_stop,KARX,2014,2,514
valid_stop,KARX,2014,3,723
valid_stop,KARX,2014,4,904
valid_stop,KARX,2014,5,1035
valid_stop,KARX,2015,1,77
valid_stop,KARX,2015,2,132
valid_stop,KARX,2015,3,171
valid_stop,KARX,2015,4,208
valid_stop,KARX,2015,5,240
valid_stop,KARX,2016,1,201
valid_stop,KARX,2016,2,302
valid_stop,KARX,2016,3,348
valid_stop,KARX,2016,4,352
valid_stop,KARX,2016,5,350
valid_stop,KARX,2017,1,142
valid_stop,KARX,2017,2,228
valid_stop,KARX,2017,3,273
valid_stop,KARX,2017,4,260
valid_stop,KARX,2017,5,235
valid_stop,KARX,2018,1,153
valid_stop,KARX,2018,2,240
valid_stop,KARX,2018,3,306
valid_stop,KARX,2018,4,340
valid_stop,KARX,2018,5,375
valid_stop,KARX,2019,1,92
valid_stop,KARX,2019,2,132
valid_stop,KARX,2019,3,144
valid_stop,KARX,2019,4,156
valid_stop,KARX,2019,5,160
valid_stop,KARX,2020,1,75
valid_stop,KARX,2020,2,132
valid_stop,KARX,2020,3,189
valid_stop,KARX,2020,4,248
valid_stop,KARX,2020,5,305
valid_stop,KARX,2021,1,142
valid_stop,KARX,2021,2,252
valid_stop,KARX,2021,3,339
valid_stop,KARX,2021,4,416
valid_stop,KARX,2021,5,485
valid_stop,KARX,2022,1,116
valid_stop,KARX,2022,2,200
valid_stop,KARX,2022,3,267
valid_stop,KARX,2022,4,312
valid_stop,KARX,2022,5,340
valid_stop,KARX,2023,1,121
valid_stop,KARX,2023,2,214
valid_stop,KARX,2023,3,270
valid_stop,KARX,2023,4,292
valid_stop,KARX,2023,5,300
valid_stop,KARX,2024,1,113
valid_stop,KARX,2024,2,192
valid_stop,KARX,2024,3,261
valid_stop,KARX,2024,4,308
valid_stop,KARX,2024,5,315
valid_stop,KBBX,2013,1,397
valid_stop,KBBX,2013,2,732
valid_stop,KBBX,2013,3,1026
valid_stop,KBBX,2013,4,1280
valid_stop,KBBX,2013,5,1510
valid_stop,KBBX,2014,1,277
valid_stop,KBBX,2014,2,492
valid_stop,KBBX,2014,3,675
valid_stop,KBBX,2014,4,808
valid_stop,KBBX,2014,5,920
valid_stop,KBBX,2015,1,302
valid_stop,KBBX,2015,2,540
valid_stop,KBBX,2015,3,753
valid_stop,KBBX,2015,4,952
valid_stop,KBBX,2015,5,1115
valid_stop,KBBX,2016,1,252
valid_stop,KBBX,2016,2,454
valid_stop,KBBX,2016,3,615
valid_stop,KBBX,2016,4,760
valid_stop,KBBX,2016,5,890
valid_stop,KBBX,2017,1,218
valid_stop,KBBX,2017,2,406
valid_stop,KBBX,2017,3,579
valid_stop,KBBX,2017,4,752
valid_stop,KBBX,2017,5,920
valid_stop,KBBX,2018,1,156
valid_stop,KBBX,2018,2,264
valid_stop,KBBX,2018,3,354
valid_stop,KBBX,2018,4,428
valid_stop,KBBX,2018,5,500
valid_stop,KBBX,2019,1,290
valid_stop,KBBX,2019,2,534
valid_stop,KBBX,2019,3,747
valid_stop,KBBX,2019,4,968
valid_stop,KBBX,2019,5,1160
valid_stop,KBBX,2020,1,200
valid_stop,KBBX,2020,2,374
valid_stop,KBBX,2020,3,531
valid_stop,KBBX,2020,4,648
valid_stop,KBBX,2020,5,740
valid_stop,KBBX,2021,1,187
valid_stop,KBBX,2021,2,348
valid_stop,KBBX,2021,3,495
valid_stop,KBBX,2021,4,648
valid_stop,KBBX,2021,5,790
valid_stop,KBBX,2022,1,159
valid_stop,KBBX,2022,2,290
valid_stop,KBBX,2022,3,405
valid_stop,KBBX,2022,4,512
valid_stop,KBBX,2022,5,600
valid_stop,KBBX,2023,1,89
valid_stop,KBBX,2023,2,150
valid_stop,KBBX,2023,3,216
valid_stop,KBBX,2023,4,288
valid_stop,KBBX,2023,5,355
valid_stop,KBBX,2024,1,277
valid_stop,KBBX,2024,2,508
valid_stop,KBBX,2024,3,717
valid_stop,KBBX,2024,4,908
valid_stop,KBBX,2024,5,1065
valid_stop,KBGM,2013,1,260
valid_stop,KBGM,2013,2,462
valid_stop,KBGM,2013,3,609
valid_stop,KBGM,2013,4,692
valid_stop,KBGM,2013,5,765
valid_stop,KBGM,2014,1,145
valid_stop,KBGM,2014,2,226
valid_stop,KBGM,2014,3,258
valid_stop,KBGM,2014,4,260
valid_stop,KBGM,2014,5,270
valid_stop,KBGM,2015,1,35
valid_stop,KBGM,2015,2,44
valid_stop,KBGM,2015,3,39
valid_stop,KBGM,2015,4,20
valid_stop,KBGM,2016,1,61
valid_stop,KBGM,2016,2,118
valid_stop,KBGM,2016,3,168
valid_stop,KBGM,2016,4,204
valid_stop,KBGM,2016,5,230
valid_stop,KBGM,2017,1,66
valid_stop,KBGM,2017,2,104
valid_stop,KBGM,2017,3,105
valid_stop,KBGM,2017,4,84
valid_stop,KBGM,2017,5,35
valid_stop,KBGM,2018,1,70
valid_stop,KBGM,2018,2,102
valid_stop,KBGM,2018,3,123
valid_stop,KBGM,2018,4,136
valid_stop,KBGM,2018,5,135
valid_stop,KBGM,2019,1,146
valid_stop,KBGM,2019,2,218
valid_stop,KBGM,2019,3,222
valid_stop,KBGM,2019,4,208
valid_stop,KBGM,2019,5,200
valid_stop,KBGM,2020,1,87
valid_stop,KBGM,2020,2,140
valid_stop,KBGM,2020,3,174
valid_stop,KBGM,2020,4,188
valid_stop,KBGM,2020,5,200
valid_stop,KBGM,2021,1,60
valid_stop,KBGM,2021,2,114
valid_stop,KBGM,2021,3,141
valid_stop,KBGM,2021,4,124
valid_stop,KBGM,2021,5,70
valid_stop,KBGM,2022,1,102
valid_stop,KBGM,2022,2,162
valid_stop,KBGM,2022,3,186
valid_stop,KBGM,2022,4,188
valid_stop,KBGM,2022,5,195
valid_stop,KBGM,2023,1,113
valid_stop,KBGM,2023,2,198
valid_stop,KBGM,2023,3,252
valid_stop,KBGM,2023,4,272
valid_stop,KBGM,2023,5,250
valid_stop,KBGM,2024,1,115
valid_stop,KBGM,2024,2,208
valid_stop,KBGM,2024,3,285
valid_stop,KBGM,2024,4,348
valid_stop,KBGM,2024,5,395
valid_stop,KBHX,2014,1,18
valid_stop,KBHX,2014,2,36
valid_stop,KBHX,2014,3,54
valid_stop,KBHX,2014,4,72
valid_stop,KBHX,2014,5,85
valid_stop,KBHX,2015,1,11
valid_stop,KBHX,2015,2,20
valid_stop,KBHX,2015,3,24
valid_stop,KBHX,2015,4,28
valid_stop,KBHX,2015,5,30
valid_stop,KBHX,2016,1,2
valid_stop,KBHX,2016,2,2
valid_stop,KBHX,2017,1,5
valid_stop,KBHX,2017,2,6
valid_stop,KBHX,2017,3,9
valid_stop,KBHX,2017,4,12
valid_stop,KBHX,2017,5,15
valid_stop,KBHX,2018,1,3
valid_stop,KBHX,2018,2,6
valid_stop,KBHX,2018,3,9
valid_stop,KBHX,2018,4,12
valid_stop,KBHX,2018,5,10
valid_stop,KBHX,2019,1,5
valid_stop,KBHX,2019,2,2
valid_stop,KBHX,2022,1,17
valid_stop,KBHX,2022,2,32
valid_stop,KBHX,2022,3,39
valid_stop,KBHX,2022,4,44
valid_stop,KBHX,2022,5,40
valid_stop,KBHX,2023,1,15
valid_stop,KBHX,2023,2,30
valid_stop,KBHX,2023,3,45
valid_stop,KBHX,2023,4,60
valid_stop,KBHX,2023,5,75
valid_stop,KBIS,2013,1,136
valid_stop,KBIS,2013,2,232
valid_stop,KBIS,2013,3,309
valid_stop,KBIS,2013,4,376
valid_stop,KBIS,2013,5,425
valid_stop,KBIS,2014,1,178
valid_stop,KBIS,2014,2,306
valid_stop,KBIS,2014,3,402
valid_stop,KBIS,2014,4,480
valid_stop,KBIS,2014,5,550
valid_stop,KBIS,2015,1,101
valid_stop,KBIS,2015,2,176
valid_stop,KBIS,2015,3,240
valid_stop,KBIS,2015,4,288
valid_stop,KBIS,2015,5,335
valid_stop,KBIS,2016,1,82
valid_stop,KBIS,2016,2,132
valid_stop,KBIS,2016,3,162
valid_stop,KBIS,2016,4,188
valid_stop,KBIS,2016,5,200
valid_stop,KBIS,2017,1,185
valid_stop,KBIS,2017,2,338
valid_stop,KBIS,2017,3,465
valid_stop,KBIS,2017,4,544
valid_stop,KBIS,2017,5,580
valid_stop,KBIS,2018,1,42
valid_stop,KBIS,2018,2,74
valid_stop,KBIS,2018,3,93
valid_stop,KBIS,2018,4,112
valid_stop,KBIS,2018,5,125
valid_stop,KBIS,2019,1,21
valid_stop,KBIS,2019,2,34
valid_stop,KBIS,2019,3,42
valid_stop,KBIS,2019,4,48
valid_stop,KBIS,2019,5,60
valid_stop,KBIS,2020,1,15
valid_stop,KBIS,2020,2,20
valid_stop,KBIS,2020,3,27
valid_stop,KBIS,2020,4,32
valid_stop,KBIS,2020,5,35
valid_stop,KBIS,2021,1,74
valid_stop,KBIS,2021,2,132
valid_stop,KBIS,2021,3,174
valid_stop,KBIS,2021,4,204
valid_stop,KBIS,2021,5,220
valid_stop,KBIS,2022,1,48
valid_stop,KBIS,2022,2,80
valid_stop,KBIS,2022,3,108
valid_stop,KBIS,2022,4,132
valid_stop,KBIS,2022,5,155
valid_stop,KBIS,2023,1,96
valid_stop,KBIS,2023,2,182
valid_stop,KBIS,2023,3,255
valid_stop,KBIS,2023,4,320
valid_stop,KBIS,2023,5,380
valid_stop,KBIS,2024,1,85
valid_stop,KBIS,2024,2,154
valid_stop,KBIS,2024,3,207
valid_stop,KBIS,2024,4,236
valid_stop,KBIS,2024,5,245
valid_stop,KBOX,2013,1,18
valid_stop,KBOX,2013,2,20
valid_stop,KBOX,2013,3,21
valid_stop,KBOX,2013,4,20
valid_stop,KBOX,2013,5,20
valid_stop,KBOX,2014,1,60
valid_stop,KBOX,2014,2,92
valid_stop,KBOX,2014,3,114
valid_stop,KBOX,2014,4,124
valid_stop,KBOX,2014,5,125
valid_stop,KBOX,2015,1,7
valid_stop,KBOX,2016,1,3
valid_stop,KBOX,2016,2,2
valid_stop,KBOX,2017,1,35
valid_stop,KBOX,2017,2,56
valid_stop,KBOX,2017,3,72
valid_stop,KBOX,2017,4,76
valid_stop,KBOX,2017,5,70
valid_stop,KBOX,2018,1,27
valid_stop,KBOX,2018,2,34
valid_stop,KBOX,2018,3,45
valid_stop,KBOX,2018,4,60
valid_stop,KBOX,2018,5,70
valid_stop,KBOX,2020,1,90
valid_stop,KBOX,2020,2,136
valid_stop,KBOX,2020,3,135
valid_stop,KBOX,2020,4,100
valid_stop,KBOX,2020,5,50
valid_stop,KBOX,2021,1,56
valid_stop,KBOX,2021,2,64
valid_stop,KBOX,2021,3,45
valid_stop,KBOX,2021,4,32
valid_stop,KBOX,2021,5,20
valid_stop,KBOX,2022,1,12
valid_stop,KBOX,2022,2,20
valid_stop,KBOX,2022,3,24
valid_stop,KBOX,2022,4,24
valid_stop,KBOX,2022,5,30
valid_stop,KBOX,2023,1,20
valid_stop,KBOX,2023,2,26
valid_stop,KBOX,2023,3,27
valid_stop,KBOX,2023,4,20
valid_stop,KBOX,2023,5,10
valid_stop,KBOX,2024,1,56
valid_stop,KBOX,2024,2,86
valid_stop,KBOX,2024,3,102
valid_stop,KBOX,2024,4,112
valid_stop,KBOX,2024,5,115
valid_stop,KBUF,2013,1,127
valid_stop,KBUF,2013,2,212
valid_stop,KBUF,2013,3,273
valid_stop,KBUF,2013,4,324
valid_stop,KBUF,2013,5,360
valid_stop,KBUF,2014,1,83
valid_stop,KBUF,2014,2,120
valid_stop,KBUF,2014,3,138
valid_stop,KBUF,2014,4,148
valid_stop,KBUF,2014,5,135
valid_stop,KBUF,2015,1,42
valid_stop,KBUF,2015,2,64
valid_stop,KBUF,2015,3,84
valid_stop,KBUF,2015,4,100
valid_stop,KBUF,2015,5,110
valid_stop,KBUF,2016,1,69
valid_stop,KBUF,2016,2,90
valid_stop,KBUF,2016,3,102
valid_stop,KBUF,2016,4,100
valid_stop,KBUF,2016,5,100
valid_stop,KBUF,2017,1,149
valid_stop,KBUF,2017,2,258
valid_stop,KBUF,2017,3,333
valid_stop,KBUF,2017,4,364
valid_stop,KBUF,2017,5,355
valid_stop,KBUF,2018,1,45
valid_stop,KBUF,2018,2,80
valid_stop,KBUF,2018,3,105
valid_stop,KBUF,2018,4,120
valid_stop,KBUF,2018,5,115
valid_stop,KBUF,2019,1,78
valid_stop,KBUF,2019,2,122
valid_stop,KBUF,2019,3,150
valid_stop,KBUF,2019,4,164
valid_stop,KBUF,2019,5,170
valid_stop,KBUF,2020,1,36
valid_stop,KBUF,2020,2,70
valid_stop,KBUF,2020,3,99
valid_stop,KBUF,2020,4,120
valid_stop,KBUF,2020,5,130
valid_stop,KBUF,2021,1,71
valid_stop,KBUF,2021,2,112
valid_stop,KBUF,2021,3,123
valid_stop,KBUF,2021,4,128
valid_stop,KBUF,2021,5,115
valid_stop,KBUF,2022,1,73
valid_stop,KBUF,2022,2,130
valid_stop,KBUF,2022,3,180
valid_stop,KBUF,2022,4,224
valid_stop,KBUF,2022,5,250
valid_stop,KBUF,2023,1,97
valid_stop,KBUF,2023,2,156
valid_stop,KBUF,2023,3,183
valid_stop,KBUF,2023,4,212
valid_stop,KBUF,2023,5,235
valid_stop,KBUF,2024,1,61
valid_stop,KBUF,2024,2,112
valid_stop,KBUF,2024,3,150
valid_stop,KBUF,2024,4,176
valid_stop,KBUF,2024,5,170
valid_stop,KBYX,2013,1,83
valid_stop,KBYX,2013,2,130
valid_stop,KBYX,2013,3,141
valid_stop,KBYX,2013,4,108
valid_stop,KBYX,2013,5,90
valid_stop,KBYX,2014,1,19
valid_stop,KBYX,2014,2,20
valid_stop,KBYX,2014,3,6
valid_stop,KBYX,2015,1,57
valid_stop,KBYX,2015,2,54
valid_stop,KBYX,2015,3,39
valid_stop,KBYX,2015,4,32
valid_stop,KBYX,2015,5,20
valid_stop,KBYX,2016,1,12
valid_stop,KBYX,2016,2,22
valid_stop,KBYX,2016,3,30
valid_stop,KBYX,2016,4,32
valid_stop,KBYX,2016,5,30
valid_stop,KBYX,2017,1,14
valid_stop,KBYX,2017,2,14
valid_stop,KBYX,2017,3,12
valid_stop,KBYX,2017,4,8
valid_stop,KBYX,2017,5,5
valid_stop,KBYX,2018,1,45
valid_stop,KBYX,2018,2,72
valid_stop,KBYX,2018,3,81
valid_stop,KBYX,2018,4,68
valid_stop,KBYX,2018,5,40
valid_stop,KBYX,2019,1,5
valid_stop,KBYX,2019,2,4
valid_stop,KBYX,2020,1,2
valid_stop,KBYX,2020,2,2
valid_stop,KBYX,2021,1,73
valid_stop,KBYX,2021,2,122
valid_stop,KBYX,2021,3,156
valid_stop,KBYX,2021,4,164
valid_stop,KBYX,2021,5,135
valid_stop,KBYX,2022,1,19
valid_stop,KBYX,2022,2,24
valid_stop,KBYX,2022,3,24
valid_stop,KBYX,2022,4,20
valid_stop,KBYX,2022,5,10
valid_stop,KBYX,2023,1,40
valid_stop,KBYX,2023,2,42
valid_stop,KBYX,2023,3,30
valid_stop,KBYX,2023,4,16
valid_stop,KBYX,2023,5,10
valid_stop,KBYX,2024,1,47
valid_stop,KBYX,2024,2,68
valid_stop,KBYX,2024,3,78
valid_stop,KBYX,2024,4,64
valid_stop,KBYX,2024,5,40
valid_stop,KCAE,2013,1,37
valid_stop,KCAE,2013,2,58
valid_stop,KCAE,2013,3,72
valid_stop,KCAE,2013,4,88
valid_stop,KCAE,2013,5,95
valid_stop,KCAE,2014,1,161
valid_stop,KCAE,2014,2,292
valid_stop,KCAE,2014,3,414
valid_stop,KCAE,2014,4,500
valid_stop,KCAE,2014,5,555
valid_stop,KCAE,2015,1,193
valid_stop,KCAE,2015,2,320
valid_stop,KCAE,2015,3,429
valid_stop,KCAE,2015,4,520
valid_stop,KCAE,2015,5,565
valid_stop,KCAE,2016,1,250
valid_stop,KCAE,2016,2,412
valid_stop,KCAE,2016,3,507
valid_stop,KCAE,2016,4,564
valid_stop,KCAE,2016,5,570
valid_stop,KCAE,2017,1,227
valid_stop,KCAE,2017,2,392
valid_stop,KCAE,2017,3,531
valid_stop,KCAE,2017,4,652
valid_stop,KCAE,2017,5,750
valid_stop,KCAE,2018,1,180
valid_stop,KCAE,2018,2,324
valid_stop,KCAE,2018,3,441
valid_stop,KCAE,2018,4,528
valid_stop,KCAE,2018,5,580
valid_stop,KCAE,2019,1,286
valid_stop,KCAE,2019,2,530
valid_stop,KCAE,2019,3,726
valid_stop,KCAE,2019,4,852
valid_stop,KCAE,2019,5,905
valid_stop,KCAE,2020,1,214
valid_stop,KCAE,2020,2,390
valid_stop,KCAE,2020,3,525
valid_stop,KCAE,2020,4,632
valid_stop,KCAE,2020,5,685
valid_stop,KCAE,2021,1,61
valid_stop,KCAE,2021,2,100
valid_stop,KCAE,2021,3,120
valid_stop,KCAE,2021,4,132
valid_stop,KCAE,2021,5,140
valid_stop,KCAE,2022,1,209
valid_stop,KCAE,2022,2,368
valid_stop,KCAE,2022,3,471
valid_stop,KCAE,2022,4,520
valid_stop,KCAE,2022,5,530
valid_stop,KCAE,2023,1,205
valid_stop,KCAE,2023,2,364
valid_stop,KCAE,2023,3,486
valid_stop,KCAE,2023,4,580
valid_stop,KCAE,2023,5,620
valid_stop,KCAE,2024,1,114
valid_stop,KCAE,2024,2,196
valid_stop,KCAE,2024,3,249
valid_stop,KCAE,2024,4,288
valid_stop,KCAE,2024,5,305
valid_stop,KCBW,2013,1,96
valid_stop,KCBW,2013,2,174
valid_stop,KCBW,2013,3,228
valid_stop,KCBW,2013,4,260
valid_stop,KCBW,2013,5,265
valid_stop,KCBW,2014,1,27
valid_stop,KCBW,2014,2,32
valid_stop,KCBW,2014,3,27
valid_stop,KCBW,2014,4,12
valid_stop,KCBW,2014,5,5
valid_stop,KCBW,2015,1,32
valid_stop,KCBW,2015,2,54
valid_stop,KCBW,2015,3,72
valid_stop,KCBW,2015,4,76
valid_stop,KCBW,2015,5,65
valid_stop,KCBW,2016,1,77
valid_stop,KCBW,2016,2,118
valid_stop,KCBW,2016,3,120
valid_stop,KCBW,2016,4,124
valid_stop,KCBW,2016,5,130
valid_stop,KCBW,2017,1,77
valid_stop,KCBW,2017,2,114
valid_stop,KCBW,2017,3,144
valid_stop,KCBW,2017,4,160
valid_stop,KCBW,2017,5,165
valid_stop,KCBW,2018,1,103
valid_stop,KCBW,2018,2,170
valid_stop,KCBW,2018,3,198
valid_stop,KCBW,2018,4,204
valid_stop,KCBW,2018,5,190
valid_stop,KCBW,2019,1,51
valid_stop,KCBW,2019,2,58
valid_stop,KCBW,2019,3,63
valid_stop,KCBW,2019,4,60
valid_stop,KCBW,2019,5,50
valid_stop,KCBW,2020,1,80
valid_stop,KCBW,2020,2,108
valid_stop,KCBW,2020,3,108
valid_stop,KCBW,2020,4,112
valid_stop,KCBW,2020,5,125
valid_stop,KCBW,2021,1,92
valid_stop,KCBW,2021,2,142
valid_stop,KCBW,2021,3,144
valid_stop,KCBW,2021,4,136
valid_stop,KCBW,2021,5,115
valid_stop,KCBW,2022,1,37
valid_stop,KCBW,2022,2,56
valid_stop,KCBW,2022,3,66
valid_stop,KCBW,2022,4,72
valid_stop,KCBW,2022,5,85
valid_stop,KCBW,2023,1,121
valid_stop,KCBW,2023,2,188
valid_stop,KCBW,2023,3,216
valid_stop,KCBW,2023,4,224
valid_stop,KCBW,2023,5,215
valid_stop,KCBW,2024,1,43
valid_stop,KCBW,2024,2,64
valid_stop,KCBW,2024,3,57
valid_stop,KCBW,2024,4,44
valid_stop,KCBW,2024,5,20
valid_stop,KCBX,2013,1,59
valid_stop,KCBX,2013,2,88
valid_stop,KCBX,2013,3,90
valid_stop,KCBX,2013,4,100
valid_stop,KCBX,2013,5,110
valid_stop,KCBX,2014,1,178
valid_stop,KCBX,2014,2,288
valid_stop,KCBX,2014,3,330
valid_stop,KCBX,2014,4,340
valid_stop,KCBX,2014,5,300
valid_stop,KCBX,2015,1,183
valid_stop,KCBX,2015,2,322
valid_stop,KCBX,2015,3,429
valid_stop,KCBX,2015,4,520
valid_stop,KCBX,2015,5,585
valid_stop,KCBX,2016,1,55
valid_stop,KCBX,2016,2,94
valid_stop,KCBX,2016,3,120
valid_stop,KCBX,2016,4,148
valid_stop,KCBX,2016,5,160
valid_stop,KCBX,2017,1,37
valid_stop,KCBX,2017,2,62
valid_stop,KCBX,2017,3,72
valid_stop,KCBX,2017,4,72
valid_stop,KCBX,2017,5,55
valid_stop,KCBX,2018,1,139
valid_stop,KCBX,2018,2,236
valid_stop,KCBX,2018,3,303
valid_stop,KCBX,2018,4,344
valid_stop,KCBX,2018,5,380
valid_stop,KCBX,2019,1,155
valid_stop,KCBX,2019,2,282
valid_stop,KCBX,2019,3,375
valid_stop,KCBX,2019,4,444
valid_stop,KCBX,2019,5,510
valid_stop,KCBX,2020,1,48
valid_stop,KCBX,2020,2,82
valid_stop,KCBX,2020,3,117
valid_stop,KCBX,2020,4,148
valid_stop,KCBX,2020,5,170
valid_stop,KCBX,2021,1,65
valid_stop,KCBX,2021,2,124
valid_stop,KCBX,2021,3,180
valid_stop,KCBX,2021,4,240
valid_stop,KCBX,2021,5,295
valid_stop,KCBX,2022,1,147
valid_stop,KCBX,2022,2,276
valid_stop,KCBX,2022,3,366
valid_stop,KCBX,2022,4,404
valid_stop,KCBX,2022,5,390
valid_stop,KCBX,2023,1,77
valid_stop,KCBX,2023,2,124
valid_stop,KCBX,2023,3,153
valid_stop,KCBX,2023,4,160
valid_stop,KCBX,2023,5,145
valid_stop,KCBX,2024,1,63
valid_stop,KCBX,2024,2,112
valid_stop,KCBX,2024,3,144
valid_stop,KCBX,2024,4,180
valid_stop,KCBX,2024,5,215
valid_stop,KCCX,2013,1,66
valid_stop,KCCX,2013,2,114
valid_stop,KCCX,2013,3,156
valid_stop,KCCX,2013,4,176
valid_stop,KCCX,2013,5,165
valid_stop,KCCX,2014,1,59
valid_stop,KCCX,2014,2,80
valid_stop,KCCX,2014,3,75
valid_stop,KCCX,2014,4,64
valid_stop,KCCX,2014,5,60
valid_stop,KCCX,2015,1,109
valid_stop,KCCX,2015,2,182
valid_stop,KCCX,2015,3,225
valid_stop,KCCX,2015,4,256
valid_stop,KCCX,2015,5,255
valid_stop,KCCX,2016,1,63
valid_stop,KCCX,2016,2,102
valid_stop,KCCX,2016,3,117
valid_stop,KCCX,2016,4,116
valid_stop,KCCX,2016,5,105
valid_stop,KCCX,2017,1,89
valid_stop,KCCX,2017,2,144
valid_stop,KCCX,2017,3,177
valid_stop,KCCX,2017,4,192
valid_stop,KCCX,2017,5,215
valid_stop,KCCX,2018,1,103
valid_stop,KCCX,2018,2,180
valid_stop,KCCX,2018,3,246
valid_stop,KCCX,2018,4,264
valid_stop,KCCX,2018,5,260
valid_stop,KCCX,2019,1,148
valid_stop,KCCX,2019,2,242
valid_stop,KCCX,2019,3,291
valid_stop,KCCX,2019,4,296
valid_stop,KCCX,2019,5,295
valid_stop,KCCX,2020,1,68
valid_stop,KCCX,2020,2,114
valid_stop,KCCX,2020,3,153
valid_stop,KCCX,2020,4,180
valid_stop,KCCX,2020,5,200
valid_stop,KCCX,2021,1,92
valid_stop,KCCX,2021,2,146
valid_stop,KCCX,2021,3,168
valid_stop,KCCX,2021,4,168
valid_stop,KCCX,2021,5,160
valid_stop,KCCX,2022,1,129
valid_stop,KCCX,2022,2,202
valid_stop,KCCX,2022,3,222
valid_stop,KCCX,2022,4,208
valid_stop,KCCX,2022,5,200
valid_stop,KCCX,2023,1,56
valid_stop,KCCX,2023,2,96
valid_stop,KCCX,2023,3,129
valid_stop,KCCX,2023,4,156
valid_stop,KCCX,2023,5,180
valid_stop,KCCX,2024,1,69
valid_stop,KCCX,2024,2,126
valid_stop,KCCX,2024,3,177
valid_stop,KCCX,2024,4,224
valid_stop,KCCX,2024,5,270
valid_stop,KCLE,2013,1,98
valid_stop,KCLE,2013,2,118
valid_stop,KCLE,2013,3,99
valid_stop,KCLE,2013,4,68
valid_stop,KCLE,2013,5,30
valid_stop,KCLE,2014,1,63
valid_stop,KCLE,2014,2,102
valid_stop,KCLE,2014,3,141
valid_stop,KCLE,2014,4,176
valid_stop,KCLE,2014,5,195
valid_stop,KCLE,2015,1,109
valid_stop,KCLE,2015,2,208
valid_stop,KCLE,2015,3,303
valid_stop,KCLE,2015,4,384
valid_stop,KCLE,2015,5,455
valid_stop,KCLE,2016,1,105
valid_stop,KCLE,2016,2,172
valid_stop,KCLE,2016,3,225
valid_stop,KCLE,2016,4,244
valid_stop,KCLE,2016,5,245
valid_stop,KCLE,2017,1,57
valid_stop,KCLE,2017,2,94
valid_stop,KCLE,2017,3,108
valid_stop,KCLE,2017,4,108
valid_stop,KCLE,2017,5,100
valid_stop,KCLE,2018,1,87
valid_stop,KCLE,2018,2,144
valid_stop,KCLE,2018,3,177
valid_stop,KCLE,2018,4,200
valid_stop,KCLE,2018,5,210
valid_stop,KCLE,2019,1,108
valid_stop,KCLE,2019,2,194
valid_stop,KCLE,2019,3,246
valid_stop,KCLE,2019,4,252
valid_stop,KCLE,2019,5,230
valid_stop,KCLE,2020,1,49
valid_stop,KCLE,2020,2,74
valid_stop,KCLE,2020,3,87
valid_stop,KCLE,2020,4,92
valid_stop,KCLE,2020,5,70
valid_stop,KCLE,2021,1,60
valid_stop,KCLE,2021,2,90
valid_stop,KCLE,2021,3,105
valid_stop,KCLE,2021,4,100
valid_stop,KCLE,2021,5,85
valid_stop,KCLE,2022,1,125
valid_stop,KCLE,2022,2,224
valid_stop,KCLE,2022,3,321
valid_stop,KCLE,2022,4,380
valid_stop,KCLE,2022,5,420
valid_stop,KCLE,2023,1,188
valid_stop,KCLE,2023,2,336
valid_stop,KCLE,2023,3,438
valid_stop,KCLE,2023,4,496
valid_stop,KCLE,2023,5,515
valid_stop,KCLE,2024,1,208
valid_stop,KCLE,2024,2,386
valid_stop,KCLE,2024,3,543
valid_stop,KCLE,2024,4,652
valid_stop,KCLE,2024,5,715
valid_stop,KCLX,2013,1,293
valid_stop,KCLX,2013,2,464
valid_stop,KCLX,2013,3,555
valid_stop,KCLX,2013,4,636
valid_stop,KCLX,2013,5,735
valid_stop,KCLX,2014,1,242
valid_stop,KCLX,2014,2,350
valid_stop,KCLX,2014,3,372
valid_stop,KCLX,2014,4,400
valid_stop,KCLX,2014,5,435
valid_stop,KCLX,2015,1,114
valid_stop,KCLX,2015,2,170
valid_stop,KCLX,2015,3,198
valid_stop,KCLX,2015,4,224
valid_stop,KCLX,2015,5,225
valid_stop,KCLX,2016,1,56
valid_stop,KCLX,2016,2,80
valid_stop,KCLX,2016,3,93
valid_stop,KCLX,2016,4,96
valid_stop,KCLX,2016,5,90
valid_stop,KCLX,2017,1,232
valid_stop,KCLX,2017,2,340
valid_stop,KCLX,2017,3,375
valid_stop,KCLX,2017,4,376
valid_stop,KCLX,2017,5,435
valid_stop,KCLX,2018,1,53
valid_stop,KCLX,2018,2,64
valid_stop,KCLX,2018,3,54
valid_stop,KCLX,2018,4,44
valid_stop,KCLX,2018,5,35
valid_stop,KCLX,2019,1,99
valid_stop,KCLX,2019,2,134
valid_stop,KCLX,2019,3,138
valid_stop,KCLX,2019,4,144
valid_stop,KCLX,2019,5,150
valid_stop,KCLX,2020,1,113
valid_stop,KCLX,2020,2,178
valid_stop,KCLX,2020,3,240
valid_stop,KCLX,2020,4,288
valid_stop,KCLX,2020,5,315
valid_stop,KCLX,2021,1,235
valid_stop,KCLX,2021,2,396
valid_stop,KCLX,2021,3,525
valid_stop,KCLX,2021,4,608
valid_stop,KCLX,2021,5,635
valid_stop,KCLX,2022,1,54
valid_stop,KCLX,2022,2,84
valid_stop,KCLX,2022,3,108
valid_stop,KCLX,2022,4,124
valid_stop,KCLX,2022,5,135
valid_stop,KCLX,2023,1,222
valid_stop,KCLX,2023,2,354
valid_stop,KCLX,2023,3,444
valid_stop,KCLX,2023,4,516
valid_stop,KCLX,2023,5,555
valid_stop,KCLX,2024,1,250
valid_stop,KCLX,2024,2,370
valid_stop,KCLX,2024,3,402
valid_stop,KCLX,2024,4,444
valid_stop,KCLX,2024,5,490
valid_stop,KCRP,2013,1,153
valid_stop,KCRP,2013,2,276
valid_stop,KCRP,2013,3,381
valid_stop,KCRP,2013,4,484
valid_stop,KCRP,2013,5,585
valid_stop,KCRP,2014,1,202
valid_stop,KCRP,2014,2,396
valid_stop,KCRP,2014,3,588
valid_stop,KCRP,2014,4,772
valid_stop,KCRP,2014,5,955
valid_stop,KCRP,2015,1,256
valid_stop,KCRP,2015,2,478
valid_stop,KCRP,2015,3,681
valid_stop,KCRP,2015,4,860
valid_stop,KCRP,2015,5,1030
valid_stop,KCRP,2016,1,195
valid_stop,KCRP,2016,2,370
valid_stop,KCRP,2016,3,531
valid_stop,KCRP,2016,4,684
valid_stop,KCRP,2016,5,835
valid_stop,KCRP,2017,1,187
valid_stop,KCRP,2017,2,330
valid_stop,KCRP,2017,3,441
valid_stop,KCRP,2017,4,548
valid_stop,KCRP,2017,5,655
valid_stop,KCRP,2018,1,275
valid_stop,KCRP,2018,2,500
valid_stop,KCRP,2018,3,696
valid_stop,KCRP,2018,4,884
valid_stop,KCRP,2018,5,1080
valid_stop,KCRP,2019,1,300
valid_stop,KCRP,2019,2,540
valid_stop,KCRP,2019,3,747
valid_stop,KCRP,2019,4,968
valid_stop,KCRP,2019,5,1155
valid_stop,KCRP,2020,1,212
valid_stop,KCRP,2020,2,386
valid_stop,KCRP,2020,3,534
valid_stop,KCRP,2020,4,656
valid_stop,KCRP,2020,5,760
valid_stop,KCRP,2021,1,181
valid_stop,KCRP,2021,2,312
valid_stop,KCRP,2021,3,420
valid_stop,KCRP,2021,4,524
valid_stop,KCRP,2021,5,625
valid_stop,KCRP,2022,1,260
valid_stop,KCRP,2022,2,482
valid_stop,KCRP,2022,3,660
valid_stop,KCRP,2022,4,808
valid_stop,KCRP,2022,5,930
valid_stop,KCRP,2023,1,272
valid_stop,KCRP,2023,2,508
valid_stop,KCRP,2023,3,723
valid_stop,KCRP,2023,4,932
valid_stop,KCRP,2023,5,1135
valid_stop,KCRP,2024,1,288
valid_stop,KCRP,2024,2,512
valid_stop,KCRP,2024,3,702
valid_stop,KCRP,2024,4,860
valid_stop,KCRP,2024,5,990
valid_stop,KCXX,2013,1,75
valid_stop,KCXX,2013,2,130
valid_stop,KCXX,2013,3,156
valid_stop,KCXX,2013,4,168
valid_stop,KCXX,2013,5,165
valid_stop,KCXX,2014,1,9
valid_stop,KCXX,2014,2,10
valid_stop,KCXX,2014,3,9
valid_stop,KCXX,2014,4,12
valid_stop,KCXX,2014,5,15
valid_stop,KCXX,2015,1,94
valid_stop,KCXX,2015,2,170
valid_stop,KCXX,2015,3,228
valid_stop,KCXX,2015,4,264
valid_stop,KCXX,2015,5,270
valid_stop,KCXX,2016,1,77
valid_stop,KCXX,2016,2,140
valid_stop,KCXX,2016,3,192
valid_stop,KCXX,2016,4,248
valid_stop,KCXX,2016,5,295
valid_stop,KCXX,2017,1,46
valid_stop,KCXX,2017,2,78
valid_stop,KCXX,2017,3,99
valid_stop,KCXX,2017,4,108
valid_stop,KCXX,2017,5,110
valid_stop,KCXX,2018,1,102
valid_stop,KCXX,2018,2,170
valid_stop,KCXX,2018,3,216
valid_stop,KCXX,2018,4,240
valid_stop,KCXX,2018,5,255
valid_stop,KCXX,2019,1,57
valid_stop,KCXX,2019,2,94
valid_stop,KCXX,2019,3,111
valid_stop,KCXX,2019,4,116
valid_stop,KCXX,2019,5,85
valid_stop,KCXX,2020,1,91
valid_stop,KCXX,2020,2,160
valid_stop,KCXX,2020,3,216
valid_stop,KCXX,2020,4,272
valid_stop,KCXX,2020,5,315
valid_stop,KCXX,2021,1,82
valid_stop,KCXX,2021,2,152
valid_stop,KCXX,2021,3,210
valid_stop,KCXX,2021,4,252
valid_stop,KCXX,2021,5,280
valid_stop,KCXX,2022,1,68
valid_stop,KCXX,2022,2,110
valid_stop,KCXX,2022,3,147
valid_stop,KCXX,2022,4,168
valid_stop,KCXX,2022,5,160
valid_stop,KCXX,2023,1,50
valid_stop,KCXX,2023,2,94
valid_stop,KCXX,2023,3,132
valid_stop,KCXX,2023,4,152
valid_stop,KCXX,2023,5,150
valid_stop,KCXX,2024,1,51
valid_stop,KCXX,2024,2,92
valid_stop,KCXX,2024,3,123
valid_stop,KCXX,2024,4,136
valid_stop,KCXX,2024,5,135
valid_stop,KCYS,2013,1,26
valid_stop,KCYS,2013,2,34
valid_stop,KCYS,2013,3,30
valid_stop,KCYS,2013,4,16
valid_stop,KCYS,2013,5,5
valid_stop,KCYS,2014,1,39
valid_stop,KCYS,2014,2,60
valid_stop,KCYS,2014,3,66
valid_stop,KCYS,2014,4,72
valid_stop,KCYS,2014,5,60
valid_stop,KCYS,2015,1,66
valid_stop,KCYS,2015,2,108
valid_stop,KCYS,2015,3,135
valid_stop,KCYS,2015,4,132
valid_stop,KCYS,2015,5,110
valid_stop,KCYS,2016,1,29
valid_stop,KCYS,2016,2,48
valid_stop,KCYS,2016,3,54
valid_stop,KCYS,2016,4,56
valid_stop,KCYS,2016,5,40
valid_stop,KCYS,2017,1,15
valid_stop,KCYS,2017,2,24
valid_stop,KCYS,2017,3,36
valid_stop,KCYS,2017,4,44
valid_stop,KCYS,2017,5,50
valid_stop,KCYS,2018,1,50
valid_stop,KCYS,2018,2,76
valid_stop,KCYS,2018,3,84
valid_stop,KCYS,2018,4,80
valid_stop,KCYS,2018,5,70
valid_stop,KCYS,2019,1,89
valid_stop,KCYS,2019,2,158
valid_stop,KCYS,2019,3,219
valid_stop,KCYS,2019,4,256
valid_stop,KCYS,2019,5,270
valid_stop,KCYS,2020,1,82
valid_stop,KCYS,2020,2,140
valid_stop,KCYS,2020,3,171
valid_stop,KCYS,2020,4,176
valid_stop,KCYS,2020,5,150
valid_stop,KCYS,2021,1,26
valid_stop,KCYS,2021,2,38
valid_stop,KCYS,2021,3,42
valid_stop,KCYS,2021,4,40
valid_stop,KCYS,2021,5,35
valid_stop,KCYS,2022,1,29
valid_stop,KCYS,2022,2,32
valid_stop,KCYS,2022,3,21
valid_stop,KCYS,2022,4,12
valid_stop,KCYS,2023,1,12
valid_stop,KCYS,2023,2,14
valid_stop,KCYS,2023,3,15
valid_stop,KCYS,2023,4,12
valid_stop,KCYS,2023,5,5
valid_stop,KCYS,2024,1,117
valid_stop,KCYS,2024,2,212
valid_stop,KCYS,2024,3,285
valid_stop,KCYS,2024,4,336
valid_stop,KCYS,2024,5,350
valid_stop,KDAX,2013,1,203
valid_stop,KDAX,2013,2,312
valid_stop,KDAX,2013,3,405
valid_stop,KDAX,2013,4,488
valid_stop,KDAX,2013,5,545
valid_stop,KDAX,2014,1,114
valid_stop,KDAX,2014,2,154
valid_stop,KDAX,2014,3,174
valid_stop,KDAX,2014,4,192
valid_stop,KDAX,2014,5,205
valid_stop,KDAX,2015,1,276
valid_stop,KDAX,2015,2,430
valid_stop,KDAX,2015,3,558
valid_stop,KDAX,2015,4,688
valid_stop,KDAX,2015,5,800
valid_stop,KDAX,2016,1,242
valid_stop,KDAX,2016,2,406
valid_stop,KDAX,2016,3,552
valid_stop,KDAX,2016,4,688
valid_stop,KDAX,2016,5,800
valid_stop,KDAX,2017,1,200
valid_stop,KDAX,2017,2,290
valid_stop,KDAX,2017,3,348
valid_stop,KDAX,2017,4,376
valid_stop,KDAX,2017,5,395
valid_stop,KDAX,2018,1,234
valid_stop,KDAX,2018,2,368
valid_stop,KDAX,2018,3,450
valid_stop,KDAX,2018,4,532
valid_stop,KDAX,2018,5,610
valid_stop,KDAX,2019,1,214
valid_stop,KDAX,2019,2,352
valid_stop,KDAX,2019,3,474
valid_stop,KDAX,2019,4,576
valid_stop,KDAX,2019,5,660
valid_stop,KDAX,2020,1,189
valid_stop,KDAX,2020,2,330
valid_stop,KDAX,2020,3,441
valid_stop,KDAX,2020,4,532
valid_stop,KDAX,2020,5,625
valid_stop,KDAX,2021,1,78
valid_stop,KDAX,2021,2,132
valid_stop,KDAX,2021,3,189
valid_stop,KDAX,2021,4,248
valid_stop,KDAX,2021,5,300
valid_stop,KDAX,2022,1,157
valid_stop,KDAX,2022,2,244
valid_stop,KDAX,2022,3,297
valid_stop,KDAX,2022,4,360
valid_stop,KDAX,2022,5,435
valid_stop,KDAX,2023,1,178
valid_stop,KDAX,2023,2,302
valid_stop,KDAX,2023,3,393
valid_stop,KDAX,2023,4,468
valid_stop,KDAX,2023,5,545
valid_stop,KDAX,2024,1,143
valid_stop,KDAX,2024,2,240
valid_stop,KDAX,2024,3,309
valid_stop,KDAX,2024,4,372
valid_stop,KDAX,2024,5,430
valid_stop,KDDC,2013,1,94
valid_stop,KDDC,2013,2,136
valid_stop,KDDC,2013,3,165
valid_stop,KDDC,2013,4,172
valid_stop,KDDC,2013,5,165
valid_stop,KDDC,2014,1,34
valid_stop,KDDC,2014,2,40
valid_stop,KDDC,2014,3,33
valid_stop,KDDC,2014,4,28
valid_stop,KDDC,2014,5,25
valid_stop,KDDC,2015,1,130
valid_stop,KDDC,2015,2,216
valid_stop,KDDC,2015,3,258
valid_stop,KDDC,2015,4,264
valid_stop,KDDC,2015,5,225
valid_stop,KDDC,2016,1,82
valid_stop,KDDC,2016,2,106
valid_stop,KDDC,2016,3,102
valid_stop,KDDC,2016,4,84
valid_stop,KDDC,2016,5,65
valid_stop,KDDC,2017,1,80
valid_stop,KDDC,2017,2,132
valid_stop,KDDC,2017,3,156
valid_stop,KDDC,2017,4,152
valid_stop,KDDC,2017,5,120
valid_stop,KDDC,2018,1,36
valid_stop,KDDC,2018,2,46
valid_stop,KDDC,2018,3,39
valid_stop,KDDC,2018,4,40
valid_stop,KDDC,2018,5,45
valid_stop,KDDC,2019,1,228
valid_stop,KDDC,2019,2,358
valid_stop,KDDC,2019,3,417
valid_stop,KDDC,2019,4,440
valid_stop,KDDC,2019,5,460
valid_stop,KDDC,2020,1,92
valid_stop,KDDC,2020,2,126
valid_stop,KDDC,2020,3,138
valid_stop,KDDC,2020,4,140
valid_stop,KDDC,2020,5,145
valid_stop,KDDC,2021,1,106
valid_stop,KDDC,2021,2,178
valid_stop,KDDC,2021,3,222
valid_stop,KDDC,2021,4,252
valid_stop,KDDC,2021,5,290
valid_stop,KDDC,2022,1,80
valid_stop,KDDC,2022,2,118
valid_stop,KDDC,2022,3,117
valid_stop,KDDC,2022,4,92
valid_stop,KDDC,2022,5,70
valid_stop,KDDC,2023,1,88
valid_stop,KDDC,2023,2,146
valid_stop,KDDC,2023,3,183
valid_stop,KDDC,2023,4,196
valid_stop,KDDC,2023,5,190
valid_stop,KDDC,2024,1,74
valid_stop,KDDC,2024,2,108
valid_stop,KDDC,2024,3,120
valid_stop,KDDC,2024,4,112
valid_stop,KDDC,2024,5,90
valid_stop,KDFX,2013,1,129
valid_stop,KDFX,2013,2,216
valid_stop,KDFX,2013,3,309
valid_stop,KDFX,2013,4,392
valid_stop,KDFX,2013,5,460
valid_stop,KDFX,2014,1,290
valid_stop,KDFX,2014,2,514
valid_stop,KDFX,2014,3,717
valid_stop,KDFX,2014,4,892
valid_stop,KDFX,2014,5,1065
valid_stop,KDFX,2015,1,121
valid_stop,KDFX,2015,2,164
valid_stop,KDFX,2015,3,180
valid_stop,KDFX,2015,4,188
valid_stop,KDFX,2015,5,210
valid_stop,KDFX,2016,1,67
valid_stop,KDFX,2016,2,118
valid_stop,KDFX,2016,3,153
valid_stop,KDFX,2016,4,192
valid_stop,KDFX,2016,5,220
valid_stop,KDFX,2017,1,137
valid_stop,KDFX,2017,2,230
valid_stop,KDFX,2017,3,324
valid_stop,KDFX,2017,4,416
valid_stop,KDFX,2017,5,480
valid_stop,KDFX,2018,1,204
valid_stop,KDFX,2018,2,366
valid_stop,KDFX,2018,3,501
valid_stop,KDFX,2018,4,624
valid_stop,KDFX,2018,5,750
valid_stop,KDFX,2019,1,278
valid_stop,KDFX,2019,2,474
valid_stop,KDFX,2019,3,648
valid_stop,KDFX,2019,4,800
valid_stop,KDFX,2019,5,935
valid_stop,KDFX,2020,1,267
valid_stop,KDFX,2020,2,462
valid_stop,KDFX,2020,3,618
valid_stop,KDFX,2020,4,732
valid_stop,KDFX,2020,5,795
valid_stop,KDFX,2021,1,232
valid_stop,KDFX,2021,2,424
valid_stop,KDFX,2021,3,597
valid_stop,KDFX,2021,4,732
valid_stop,KDFX,2021,5,840
valid_stop,KDFX,2022,1,219
valid_stop,KDFX,2022,2,406
valid_stop,KDFX,2022,3,561
valid_stop,KDFX,2022,4,672
valid_stop,KDFX,2022,5,750
valid_stop,KDFX,2023,1,141
valid_stop,KDFX,2023,2,238
valid_stop,KDFX,2023,3,321
valid_stop,KDFX,2023,4,400
valid_stop,KDFX,2023,5,475
valid_stop,KDFX,2024,1,119
valid_stop,KDFX,2024,2,228
valid_stop,KDFX,2024,3,336
valid_stop,KDFX,2024,4,440
valid_stop,KDFX,2024,5,515
valid_stop,KDGX,2013,1,102
valid_stop,KDGX,2013,2,154
valid_stop,KDGX,2013,3,171
valid_stop,KDGX,2013,4,184
valid_stop,KDGX,2013,5,195
valid_stop,KDGX,2014,1,103
valid_stop,KDGX,2014,2,180
valid_stop,KDGX,2014,3,237
valid_stop,KDGX,2014,4,288
valid_stop,KDGX,2014,5,320
valid_stop,KDGX,2015,1,241
valid_stop,KDGX,2015,2,412
valid_stop,KDGX,2015,3,540
valid_stop,KDGX,2015,4,624
valid_stop,KDGX,2015,5,705
valid_stop,KDGX,2016,1,56
valid_stop,KDGX,2016,2,72
valid_stop,KDGX,2016,3,87
valid_stop,KDGX,2016,4,92
valid_stop,KDGX,2016,5,110
valid_stop,KDGX,2017,1,198
valid_stop,KDGX,2017,2,330
valid_stop,KDGX,2017,3,396
valid_stop,KDGX,2017,4,420
valid_stop,KDGX,2017,5,410
valid_stop,KDGX,2018,1,355
valid_stop,KDGX,2018,2,600
valid_stop,KDGX,2018,3,765
valid_stop,KDGX,2018,4,892
valid_stop,KDGX,2018,5,1025
valid_stop,KDGX,2019,1,302
valid_stop,KDGX,2019,2,554
valid_stop,KDGX,2019,3,747
valid_stop,KDGX,2019,4,900
valid_stop,KDGX,2019,5,1000
valid_stop,KDGX,2020,1,195
valid_stop,KDGX,2020,2,312
valid_stop,KDGX,2020,3,390
valid_stop,KDGX,2020,4,436
valid_stop,KDGX,2020,5,440
valid_stop,KDGX,2021,1,183
valid_stop,KDGX,2021,2,326
valid_stop,KDGX,2021,3,456
valid_stop,KDGX,2021,4,572
valid_stop,KDGX,2021,5,665
valid_stop,KDGX,2022,1,168
valid_stop,KDGX,2022,2,290
valid_stop,KDGX,2022,3,372
valid_stop,KDGX,2022,4,444
valid_stop,KDGX,2022,5,495
valid_stop,KDGX,2023,1,411
valid_stop,KDGX,2023,2,698
valid_stop,KDGX,2023,3,909
valid_stop,KDGX,2023,4,1072
valid_stop,KDGX,2023,5,1220
valid_stop,KDGX,2024,1,297
valid_stop,KDGX,2024,2,508
valid_stop,KDGX,2024,3,666
valid_stop,KDGX,2024,4,784
valid_stop,KDGX,2024,5,885
valid_stop,KDIX,2013,1,87
valid_stop,KDIX,2013,2,120
valid_stop,KDIX,2013,3,102
valid_stop,KDIX,2013,4,68
valid_stop,KDIX,2013,5,45
valid_stop,KDIX,2014,1,66
valid_stop,KDIX,2014,2,104
valid_stop,KDIX,2014,3,117
valid_stop,KDIX,2014,4,120
valid_stop,KDIX,2014,5,115
valid_stop,KDIX,2015,1,139
valid_stop,KDIX,2015,2,208
valid_stop,KDIX,2015,3,255
valid_stop,KDIX,2015,4,280
valid_stop,KDIX,2015,5,300
valid_stop,KDIX,2016,1,51
valid_stop,KDIX,2016,2,74
valid_stop,KDIX,2016,3,72
valid_stop,KDIX,2016,4,52
valid_stop,KDIX,2016,5,30
valid_stop,KDIX,2018,1,53
valid_stop,KDIX,2018,2,84
valid_stop,KDIX,2018,3,99
valid_stop,KDIX,2018,4,104
valid_stop,KDIX,2018,5,90
valid_stop,KDIX,2019,1,104
valid_stop,KDIX,2019,2,152
valid_stop,KDIX,2019,3,171
valid_stop,KDIX,2019,4,160
valid_stop,KDIX,2019,5,130
valid_stop,KDIX,2020,1,97
valid_stop,KDIX,2020,2,174
valid_stop,KDIX,2020,3,243
valid_stop,KDIX,2020,4,308
valid_stop,KDIX,2020,5,365
valid_stop,KDIX,2021,1,51
valid_stop,KDIX,2021,2,84
valid_stop,KDIX,2021,3,108
valid_stop,KDIX,2021,4,132
valid_stop,KDIX,2021,5,155
valid_stop,KDIX,2022,1,98
valid_stop,KDIX,2022,2,182
valid_stop,KDIX,2022,3,258
valid_stop,KDIX,2022,4,328
valid_stop,KDIX,2022,5,380
valid_stop,KDIX,2023,1,132
valid_stop,KDIX,2023,2,240
valid_stop,KDIX,2023,3,327
valid_stop,KDIX,2023,4,392
valid_stop,KDIX,2023,5,420
valid_stop,KDIX,2024,1,105
valid_stop,KDIX,2024,2,196
valid_stop,KDIX,2024,3,276
valid_stop,KDIX,2024,4,320
valid_stop,KDIX,2024,5,310
valid_stop,KDLH,2013,1,152
valid_stop,KDLH,2013,2,264
valid_stop,KDLH,2013,3,345
valid_stop,KDLH,2013,4,404
valid_stop,KDLH,2013,5,450
valid_stop,KDLH,2014,1,116
valid_stop,KDLH,2014,2,208
valid_stop,KDLH,2014,3,282
valid_stop,KDLH,2014,4,336
valid_stop,KDLH,2014,5,365
valid_stop,KDLH,2015,1,81
valid_stop,KDLH,2015,2,140
valid_stop,KDLH,2015,3,183
valid_stop,KDLH,2015,4,208
valid_stop,KDLH,2015,5,220
valid_stop,KDLH,2016,1,146
valid_stop,KDLH,2016,2,244
valid_stop,KDLH,2016,3,318
valid_stop,KDLH,2016,4,352
valid_stop,KDLH,2016,5,370
valid_stop,KDLH,2017,1,69
valid_stop,KDLH,2017,2,96
valid_stop,KDLH,2017,3,102
valid_stop,KDLH,2017,4,104
valid_stop,KDLH,2017,5,100
valid_stop,KDLH,2018,1,214
valid_stop,KDLH,2018,2,398
valid_stop,KDLH,2018,3,552
valid_stop,KDLH,2018,4,680
valid_stop,KDLH,2018,5,765
valid_stop,KDLH,2019,1,170
valid_stop,KDLH,2019,2,304
valid_stop,KDLH,2019,3,411
valid_stop,KDLH,2019,4,472
valid_stop,KDLH,2019,5,475
valid_stop,KDLH,2020,1,106
valid_stop,KDLH,2020,2,170
valid_stop,KDLH,2020,3,198
valid_stop,KDLH,2020,4,220
valid_stop,KDLH,2020,5,250
valid_stop,KDLH,2021,1,82
valid_stop,KDLH,2021,2,132
valid_stop,KDLH,2021,3,162
valid_stop,KDLH,2021,4,168
valid_stop,KDLH,2021,5,165
valid_stop,KDLH,2022,1,74
valid_stop,KDLH,2022,2,116
valid_stop,KDLH,2022,3,135
valid_stop,KDLH,2022,4,128
valid_stop,KDLH,2022,5,125
valid_stop,KDLH,2023,1,182
valid_stop,KDLH,2023,2,312
valid_stop,KDLH,2023,3,414
valid_stop,KDLH,2023,4,496
valid_stop,KDLH,2023,5,545
valid_stop,KDLH,2024,1,75
valid_stop,KDLH,2024,2,118
valid_stop,KDLH,2024,3,141
valid_stop,KDLH,2024,4,156
valid_stop,KDLH,2024,5,160
valid_stop,KDMX,2013,1,130
valid_stop,KDMX,2013,2,218
valid_stop,KDMX,2013,3,285
valid_stop,KDMX,2013,4,364
valid_stop,KDMX,2013,5,430
valid_stop,KDMX,2014,1,265
valid_stop,KDMX,2014,2,464
valid_stop,KDMX,2014,3,621
valid_stop,KDMX,2014,4,724
valid_stop,KDMX,2014,5,800
valid_stop,KDMX,2015,1,196
valid_stop,KDMX,2015,2,320
valid_stop,KDMX,2015,3,414
valid_stop,KDMX,2015,4,492
valid_stop,KDMX,2015,5,585
valid_stop,KDMX,2016,1,316
valid_stop,KDMX,2016,2,554
valid_stop,KDMX,2016,3,753
valid_stop,KDMX,2016,4,880
valid_stop,KDMX,2016,5,975
valid_stop,KDMX,2017,1,149
valid_stop,KDMX,2017,2,246
valid_stop,KDMX,2017,3,318
valid_stop,KDMX,2017,4,380
valid_stop,KDMX,2017,5,425
valid_stop,KDMX,2018,1,52
valid_stop,KDMX,2018,2,94
valid_stop,KDMX,2018,3,129
valid_stop,KDMX,2018,4,156
valid_stop,KDMX,2018,5,170
valid_stop,KDMX,2019,1,224
valid_stop,KDMX,2019,2,386
valid_stop,KDMX,2019,3,516
valid_stop,KDMX,2019,4,616
valid_stop,KDMX,2019,5,710
valid_stop,KDMX,2020,1,186
valid_stop,KDMX,2020,2,296
valid_stop,KDMX,2020,3,396
valid_stop,KDMX,2020,4,492
valid_stop,KDMX,2020,5,595
valid_stop,KDMX,2021,1,158
valid_stop,KDMX,2021,2,294
valid_stop,KDMX,2021,3,414
valid_stop,KDMX,2021,4,500
valid_stop,KDMX,2021,5,555
valid_stop,KDMX,2022,1,70
valid_stop,KDMX,2022,2,116
valid_stop,KDMX,2022,3,159
valid_stop,KDMX,2022,4,200
valid_stop,KDMX,2022,5,230
valid_stop,KDMX,2023,1,220
valid_stop,KDMX,2023,2,406
valid_stop,KDMX,2023,3,558
valid_stop,KDMX,2023,4,676
valid_stop,KDMX,2023,5,795
valid_stop,KDMX,2024,1,130
valid_stop,KDMX,2024,2,232
valid_stop,KDMX,2024,3,309
valid_stop,KDMX,2024,4,348
valid_stop,KDMX,2024,5,355
valid_stop,KDTX,2013,1,50
valid_stop,KDTX,2013,2,68
valid_stop,KDTX,2013,3,72
valid_stop,KDTX,2013,4,72
valid_stop,KDTX,2013,5,75
valid_stop,KDTX,2014,1,25
valid_stop,KDTX,2014,2,26
valid_stop,KDTX,2014,3,21
valid_stop,KDTX,2014,4,4
valid_stop,KDTX,2015,1,29
valid_stop,KDTX,2015,2,38
valid_stop,KDTX,2015,3,27
valid_stop,KDTX,2015,4,4
valid_stop,KDTX,2016,1,39
valid_stop,KDTX,2016,2,52
valid_stop,KDTX,2016,3,45
valid_stop,KDTX,2016,4,24
valid_stop,KDTX,2016,5,15
valid_stop,KDTX,2017,1,76
valid_stop,KDTX,2017,2,134
valid_stop,KDTX,2017,3,177
valid_stop,KDTX,2017,4,212
valid_stop,KDTX,2017,5,225
valid_stop,KDTX,2018,1,25
valid_stop,KDTX,2018,2,46
valid_stop,KDTX,2018,3,66
valid_stop,KDTX,2018,4,80
valid_stop,KDTX,2018,5,90
valid_stop,KDTX,2019,1,67
valid_stop,KDTX,2019,2,98
valid_stop,KDTX,2019,3,123
valid_stop,KDTX,2019,4,140
valid_stop,KDTX,2019,5,155
valid_stop,KDTX,2020,1,63
valid_stop,KDTX,2020,2,90
valid_stop,KDTX,2020,3,90
valid_stop,KDTX,2020,4,92
valid_stop,KDTX,2020,5,85
valid_stop,KDTX,2021,1,63
valid_stop,KDTX,2021,2,110
valid_stop,KDTX,2021,3,138
valid_stop,KDTX,2021,4,132
valid_stop,KDTX,2021,5,100
valid_stop,KDTX,2022,1,111
valid_stop,KDTX,2022,2,192
valid_stop,KDTX,2022,3,246
valid_stop,KDTX,2022,4,252
valid_stop,KDTX,2022,5,230
valid_stop,KDTX,2023,1,124
valid_stop,KDTX,2023,2,212
valid_stop,KDTX,2023,3,273
valid_stop,KDTX,2023,4,312
valid_stop,KDTX,2023,5,350
valid_stop,KDTX,2024,1,52
valid_stop,KDTX,2024,2,78
valid_stop,KDTX,2024,3,99
valid_stop,KDTX,2024,4,104
valid_stop,KDTX,2024,5,110
valid_stop,KDVN,2013,1,141
valid_stop,KDVN,2013,2,236
valid_stop,KDVN,2013,3,312
valid_stop,KDVN,2013,4,376
valid_stop,KDVN,2013,5,455
valid_stop,KDVN,2014,1,213
valid_stop,KDVN,2014,2,390
valid_stop,KDVN,2014,3,540
valid_stop,KDVN,2014,4,656
valid_stop,KDVN,2014,5,770
valid_stop,KDVN,2015,1,60
valid_stop,KDVN,2015,2,102
valid_stop,KDVN,2015,3,135
valid_stop,KDVN,2015,4,164
valid_stop,KDVN,2015,5,190
valid_stop,KDVN,2016,1,17
valid_stop,KDVN,2016,2,22
valid_stop,KDVN,2016,3,24
valid_stop,KDVN,2016,4,16
valid_stop,KDVN,2016,5,10
valid_stop,KDVN,2017,1,127
valid_stop,KDVN,2017,2,220
valid_stop,KDVN,2017,3,303
valid_stop,KDVN,2017,4,380
valid_stop,KDVN,2017,5,435
valid_stop,KDVN,2018,1,103
valid_stop,KDVN,2018,2,160
valid_stop,KDVN,2018,3,198
valid_stop,KDVN,2018,4,232
valid_stop,KDVN,2018,5,245
valid_stop,KDVN,2019,1,199
valid_stop,KDVN,2019,2,348
valid_stop,KDVN,2019,3,480
valid_stop,KDVN,2019,4,584
valid_stop,KDVN,2019,5,630
valid_stop,KDVN,2020,1,184
valid_stop,KDVN,2020,2,310
valid_stop,KDVN,2020,3,390
valid_stop,KDVN,2020,4,440
valid_stop,KDVN,2020,5,450
valid_stop,KDVN,2021,1,190
valid_stop,KDVN,2021,2,288
valid_stop,KDVN,2021,3,327
valid_stop,KDVN,2021,4,348
valid_stop,KDVN,2021,5,370
valid_stop,KDVN,2022,1,264
valid_stop,KDVN,2022,2,450
valid_stop,KDVN,2022,3,600
valid_stop,KDVN,2022,4,704
valid_stop,KDVN,2022,5,775
valid_stop,KDVN,2023,1,97
valid_stop,KDVN,2023,2,190
valid_stop,KDVN,2023,3,279
valid_stop,KDVN,2023,4,364
valid_stop,KDVN,2023,5,440
valid_stop,KDVN,2024,1,257
valid_stop,KDVN,2024,2,428
valid_stop,KDVN,2024,3,534
valid_stop,KDVN,2024,4,616
valid_stop,KDVN,2024,5,695
valid_stop,KDYX,2013,1,107
valid_stop,KDYX,2013,2,192
valid_stop,KDYX,2013,3,279
valid_stop,KDYX,2013,4,348
valid_stop,KDYX,2013,5,415
valid_stop,KDYX,2014,1,85
valid_stop,KDYX,2014,2,152
valid_stop,KDYX,2014,3,204
valid_stop,KDYX,2014,4,236
valid_stop,KDYX,2014,5,255
valid_stop,KDYX,2015,1,70
valid_stop,KDYX,2015,2,122
valid_stop,KDYX,2015,3,165
valid_stop,KDYX,2015,4,208
valid_stop,KDYX,2015,5,255
valid_stop,KDYX,2016,1,125
valid_stop,KDYX,2016,2,194
valid_stop,KDYX,2016,3,228
valid_stop,KDYX,2016,4,240
valid_stop,KDYX,2016,5,220
valid_stop,KDYX,2017,1,107
valid_stop,KDYX,2017,2,202
valid_stop,KDYX,2017,3,294
valid_stop,KDYX,2017,4,384
valid_stop,KDYX,2017,5,445
valid_stop,KDYX,2018,1,157
valid_stop,KDYX,2018,2,284
valid_stop,KDYX,2018,3,375
valid_stop,KDYX,2018,4,444
valid_stop,KDYX,2018,5,490
valid_stop,KDYX,2019,1,182
valid_stop,KDYX,2019,2,302
valid_stop,KDYX,2019,3,381
valid_stop,KDYX,2019,4,448
valid_stop,KDYX,2019,5,490
valid_stop,KDYX,2020,1,160
valid_stop,KDYX,2020,2,252
valid_stop,KDYX,2020,3,321
valid_stop,KDYX,2020,4,364
valid_stop,KDYX,2020,5,380
valid_stop,KDYX,2021,1,141
valid_stop,KDYX,2021,2,240
valid_stop,KDYX,2021,3,318
valid_stop,KDYX,2021,4,368
valid_stop,KDYX,2021,5,380
valid_stop,KDYX,2022,1,82
valid_stop,KDYX,2022,2,122
valid_stop,KDYX,2022,3,141
valid_stop,KDYX,2022,4,168
valid_stop,KDYX,2022,5,170
valid_stop,KDYX,2023,1,223
valid_stop,KDYX,2023,2,400
valid_stop,KDYX,2023,3,555
valid_stop,KDYX,2023,4,704
valid_stop,KDYX,2023,5,840
valid_stop,KDYX,2024,1,338
valid_stop,KDYX,2024,2,600
valid_stop,KDYX,2024,3,792
valid_stop,KDYX,2024,4,912
valid_stop,KDYX,2024,5,960
valid_stop,KENX,2013,1,63
valid_stop,KENX,2013,2,102
valid_stop,KENX,2013,3,132
valid_stop,KENX,2013,4,152
valid_stop,KENX,2013,5,170
valid_stop,KENX,2014,1,36
valid_stop,KENX,2014,2,50
valid_stop,KENX,2014,3,45
valid_stop,KENX,2014,4,40
valid_stop,KENX,2014,5,40
valid_stop,KENX,2015,1,108
valid_stop,KENX,2015,2,162
valid_stop,KENX,2015,3,189
valid_stop,KENX,2015,4,208
valid_stop,KENX,2015,5,235
valid_stop,KENX,2016,1,77
valid_stop,KENX,2016,2,124
valid_stop,KENX,2016,3,132
valid_stop,KENX,2016,4,88
valid_stop,KENX,2016,5,40
valid_stop,KENX,2017,1,60
valid_stop,KENX,2017,2,110
valid_stop,KENX,2017,3,150
valid_stop,KENX,2017,4,180
valid_stop,KENX,2017,5,205
valid_stop,KENX,2018,1,127
valid_stop,KENX,2018,2,226
valid_stop,KENX,2018,3,291
valid_stop,KENX,2018,4,328
valid_stop,KENX,2018,5,330
valid_stop,KENX,2019,1,116
valid_stop,KENX,2019,2,192
valid_stop,KENX,2019,3,204
valid_stop,KENX,2019,4,200
valid_stop,KENX,2019,5,165
valid_stop,KENX,2020,1,110
valid_stop,KENX,2020,2,174
valid_stop,KENX,2020,3,213
valid_stop,KENX,2020,4,240
valid_stop,KENX,2020,5,265
valid_stop,KENX,2021,1,48
valid_stop,KENX,2021,2,84
valid_stop,KENX,2021,3,111
valid_stop,KENX,2021,4,128
valid_stop,KENX,2021,5,130
valid_stop,KENX,2022,1,29
valid_stop,KENX,2022,2,38
valid_stop,KENX,2022,3,36
valid_stop,KENX,2022,4,32
valid_stop,KENX,2022,5,20
valid_stop,KENX,2023,1,42
valid_stop,KENX,2023,2,74
valid_stop,KENX,2023,3,90
valid_stop,KENX,2023,4,100
valid_stop,KENX,2023,5,105
valid_stop,KENX,2024,1,98
valid_stop,KENX,2024,2,174
valid_stop,KENX,2024,3,228
valid_stop,KENX,2024,4,268
valid_stop,KENX,2024,5,295
valid_stop,KEOX,2013,1,102
valid_stop,KEOX,2013,2,198
valid_stop,KEOX,2013,3,285
valid_stop,KEOX,2013,4,344
valid_stop,KEOX,2013,5,380
valid_stop,KEOX,2014,1,99
valid_stop,KEOX,2014,2,172
valid_stop,KEOX,2014,3,228
valid_stop,KEOX,2014,4,292
valid_stop,KEOX,2014,5,345
valid_stop,KEOX,2015,1,94
valid_stop,KEOX,2015,2,164
valid_stop,KEOX,2015,3,222
valid_stop,KEOX,2015,4,276
valid_stop,KEOX,2015,5,335
valid_stop,KEOX,2016,1,159
valid_stop,KEOX,2016,2,244
valid_stop,KEOX,2016,3,285
valid_stop,KEOX,2016,4,308
valid_stop,KEOX,2016,5,305
valid_stop,KEOX,2017,1,255
valid_stop,KEOX,2017,2,458
valid_stop,KEOX,2017,3,615
valid_stop,KEOX,2017,4,732
valid_stop,KEOX,2017,5,835
valid_stop,KEOX,2018,1,277
valid_stop,KEOX,2018,2,418
valid_stop,KEOX,2018,3,486
valid_stop,KEOX,2018,4,544
valid_stop,KEOX,2018,5,580
valid_stop,KEOX,2019,1,119
valid_stop,KEOX,2019,2,186
valid_stop,KEOX,2019,3,231
valid_stop,KEOX,2019,4,264
valid_stop,KEOX,2019,5,290
valid_stop,KEOX,2020,1,97
valid_stop,KEOX,2020,2,168
valid_stop,KEOX,2020,3,222
valid_stop,KEOX,2020,4,264
valid_stop,KEOX,2020,5,295
valid_stop,KEOX,2021,1,221
valid_stop,KEOX,2021,2,338
valid_stop,KEOX,2021,3,396
valid_stop,KEOX,2021,4,404
valid_stop,KEOX,2021,5,385
valid_stop,KEOX,2022,1,148
valid_stop,KEOX,2022,2,232
valid_stop,KEOX,2022,3,282
valid_stop,KEOX,2022,4,300
valid_stop,KEOX,2022,5,305
valid_stop,KEOX,2023,1,93
valid_stop,KEOX,2023,2,146
valid_stop,KEOX,2023,3,174
valid_stop,KEOX,2023,4,180
valid_stop,KEOX,2023,5,175
valid_stop,KEOX,2024,1,66
valid_stop,KEOX,2024,2,122
valid_stop,KEOX,2024,3,168
valid_stop,KEOX,2024,4,208
valid_stop,KEOX,2024,5,240
valid_stop,KESX,2013,1,29
valid_stop,KESX,2013,2,38
valid_stop,KESX,2013,3,39
valid_stop,KESX,2013,4,36
valid_stop,KESX,2013,5,25
valid_stop,KESX,2014,1,30
valid_stop,KESX,2014,2,44
valid_stop,KESX,2014,3,57
valid_stop,KESX,2014,4,72
valid_stop,KESX,2014,5,85
valid_stop,KESX,2015,1,30
valid_stop,KESX,2015,2,54
valid_stop,KESX,2015,3,72
valid_stop,KESX,2015,4,96
valid_stop,KESX,2015,5,115
valid_stop,KESX,2016,1,10
valid_stop,KESX,2016,2,16
valid_stop,KESX,2016,3,21
valid_stop,KESX,2016,4,24
valid_stop,KESX,2016,5,25
valid_stop,KESX,2017,1,21
valid_stop,KESX,2017,2,36
valid_stop,KESX,2017,3,39
valid_stop,KESX,2017,4,28
valid_stop,KESX,2017,5,10
valid_stop,KESX,2018,1,5
valid_stop,KESX,2018,2,6
valid_stop,KESX,2018,3,6
valid_stop,KESX,2018,4,4
valid_stop,KESX,2019,1,54
valid_stop,KESX,2019,2,76
valid_stop,KESX,2019,3,87
valid_stop,KESX,2019,4,88
valid_stop,KESX,2019,5,80
valid_stop,KESX,2020,1,72
valid_stop,KESX,2020,2,106
valid_stop,KESX,2020,3,111
valid_stop,KESX,2020,4,120
valid_stop,KESX,2020,5,120
valid_stop,KESX,2021,1,3
valid_stop,KESX,2021,2,6
valid_stop,KESX,2021,3,9
valid_stop,KESX,2021,4,8
valid_stop,KESX,2021,5,5
valid_stop,KESX,2022,1,77
valid_stop,KESX,2022,2,116
valid_stop,KESX,2022,3,126
valid_stop,KESX,2022,4,128
valid_stop,KESX,2022,5,140
valid_stop,KESX,2023,1,29
valid_stop,KESX,2023,2,34
valid_stop,KESX,2023,3,33
valid_stop,KESX,2023,4,24
valid_stop,KESX,2023,5,20
valid_stop,KESX,2024,1,28
valid_stop,KESX,2024,2,42
valid_stop,KESX,2024,3,42
valid_stop,KESX,2024,4,36
valid_stop,KESX,2024,5,30
valid_stop,KEVX,2013,1,128
valid_stop,KEVX,2013,2,214
valid_stop,KEVX,2013,3,261
valid_stop,KEVX,2013,4,300
valid_stop,KEVX,2013,5,335
valid_stop,KEVX,2014,1,206
valid_stop,KEVX,2014,2,340
valid_stop,KEVX,2014,3,426
valid_stop,KEVX,2014,4,488
valid_stop,KEVX,2014,5,565
valid_stop,KEVX,2015,1,142
valid_stop,KEVX,2015,2,240
valid_stop,KEVX,2015,3,318
valid_stop,KEVX,2015,4,380
valid_stop,KEVX,2015,5,445
valid_stop,KEVX,2016,1,114
valid_stop,KEVX,2016,2,182
valid_stop,KEVX,2016,3,225
valid_stop,KEVX,2016,4,240
valid_stop,KEVX,2016,5,255
valid_stop,KEVX,2017,1,140
valid_stop,KEVX,2017,2,240
valid_stop,KEVX,2017,3,312
valid_stop,KEVX,2017,4,344
valid_stop,KEVX,2017,5,380
valid_stop,KEVX,2018,1,258
valid_stop,KEVX,2018,2,456
valid_stop,KEVX,2018,3,600
valid_stop,KEVX,2018,4,696
valid_stop,KEVX,2018,5,775
valid_stop,KEVX,2019,1,208
valid_stop,KEVX,2019,2,348
valid_stop,KEVX,2019,3,429
valid_stop,KEVX,2019,4,460
valid_stop,KEVX,2019,5,485
valid_stop,KEVX,2020,1,87
valid_stop,KEVX,2020,2,114
valid_stop,KEVX,2020,3,108
valid_stop,KEVX,2020,4,108
valid_stop,KEVX,2020,5,115
valid_stop,KEVX,2021,1,132
valid_stop,KEVX,2021,2,220
valid_stop,KEVX,2021,3,264
valid_stop,KEVX,2021,4,300
valid_stop,KEVX,2021,5,320
valid_stop,KEVX,2022,1,285
valid_stop,KEVX,2022,2,474
valid_stop,KEVX,2022,3,573
valid_stop,KEVX,2022,4,616
valid_stop,KEVX,2022,5,670
valid_stop,KEVX,2023,1,76
valid_stop,KEVX,2023,2,96
valid_stop,KEVX,2023,3,81
valid_stop,KEVX,2023,4,72
valid_stop,KEVX,2023,5,60
valid_stop,KEVX,2024,1,98
valid_stop,KEVX,2024,2,146
valid_stop,KEVX,2024,3,147
valid_stop,KEVX,2024,4,112
valid_stop,KEVX,2024,5,95
valid_stop,KEWX,2013,1,166
valid_stop,KEWX,2013,2,298
valid_stop,KEWX,2013,3,405
valid_stop,KEWX,2013,4,516
valid_stop,KEWX,2013,5,620
valid_stop,KEWX,2014,1,219
valid_stop,KEWX,2014,2,372
valid_stop,KEWX,2014,3,501
valid_stop,KEWX,2014,4,620
valid_stop,KEWX,2014,5,730
valid_stop,KEWX,2015,1,237
valid_stop,KEWX,2015,2,428
valid_stop,KEWX,2015,3,600
valid_stop,KEWX,2015,4,768
valid_stop,KEWX,2015,5,945
valid_stop,KEWX,2016,1,248
valid_stop,KEWX,2016,2,438
valid_stop,KEWX,2016,3,597
valid_stop,KEWX,2016,4,740
valid_stop,KEWX,2016,5,890
valid_stop,KEWX,2017,1,235
valid_stop,KEWX,2017,2,438
valid_stop,KEWX,2017,3,615
valid_stop,KEWX,2017,4,768
valid_stop,KEWX,2017,5,925
valid_stop,KEWX,2018,1,247
valid_stop,KEWX,2018,2,434
valid_stop,KEWX,2018,3,582
valid_stop,KEWX,2018,4,708
valid_stop,KEWX,2018,5,810
valid_stop,KEWX,2019,1,288
valid_stop,KEWX,2019,2,498
valid_stop,KEWX,2019,3,657
valid_stop,KEWX,2019,4,804
valid_stop,KEWX,2019,5,960
valid_stop,KEWX,2020,1,240
valid_stop,KEWX,2020,2,422
valid_stop,KEWX,2020,3,573
valid_stop,KEWX,2020,4,704
valid_stop,KEWX,2020,5,815
valid_stop,KEWX,2021,1,287
valid_stop,KEWX,2021,2,544
valid_stop,KEWX,2021,3,783
valid_stop,KEWX,2021,4,1004
valid_stop,KEWX,2021,5,1215
valid_stop,KEWX,2022,1,269
valid_stop,KEWX,2022,2,482
valid_stop,KEWX,2022,3,678
valid_stop,KEWX,2022,4,848
valid_stop,KEWX,2022,5,995
valid_stop,KEWX,2023,1,286
valid_stop,KEWX,2023,2,490
valid_stop,KEWX,2023,3,675
valid_stop,KEWX,2023,4,852
valid_stop,KEWX,2023,5,1010
valid_stop,KEWX,2024,1,252
valid_stop,KEWX,2024,2,488
valid_stop,KEWX,2024,3,714
valid_stop,KEWX,2024,4,936
valid_stop,KEWX,2024,5,1155
valid_stop,KEYX,2013,1,48
valid_stop,KEYX,2013,2,84
valid_stop,KEYX,2013,3,105
valid_stop,KEYX,2013,4,116
valid_stop,KEYX,2013,5,120
valid_stop,KEYX,2014,1,28
valid_stop,KEYX,2014,2,30
valid_stop,KEYX,2014,3,27
valid_stop,KEYX,2014,4,12
valid_stop,KEYX,2014,5,5
valid_stop,KEYX,2015,1,17
valid_stop,KEYX,2015,2,16
valid_stop,KEYX,2015,3,9
valid_stop,KEYX,2015,4,4
valid_stop,KEYX,2016,1,33
valid_stop,KEYX,2016,2,56
valid_stop,KEYX,2016,3,72
valid_stop,KEYX,2016,4,84
valid_stop,KEYX,2016,5,90
valid_stop,KEYX,2017,1,57
valid_stop,KEYX,2017,2,92
valid_stop,KEYX,2017,3,117
valid_stop,KEYX,2017,4,136
valid_stop,KEYX,2017,5,150
valid_stop,KEYX,2018,1,25
valid_stop,KEYX,2018,2,30
valid_stop,KEYX,2018,3,36
valid_stop,KEYX,2018,4,40
valid_stop,KEYX,2018,5,30
valid_stop,KEYX,2019,1,84
valid_stop,KEYX,2019,2,108
valid_stop,KEYX,2019,3,117
valid_stop,KEYX,2019,4,120
valid_stop,KEYX,2019,5,100
valid_stop,KEYX,2020,1,85
valid_stop,KEYX,2020,2,148
valid_stop,KEYX,2020,3,192
valid_stop,KEYX,2020,4,228
valid_stop,KEYX,2020,5,255
valid_stop,KEYX,2021,1,53
valid_stop,KEYX,2021,2,72
valid_stop,KEYX,2021,3,66
valid_stop,KEYX,2021,4,48
valid_stop,KEYX,2021,5,25
valid_stop,KEYX,2022,1,56
valid_stop,KEYX,2022,2,106
valid_stop,KEYX,2022,3,147
valid_stop,KEYX,2022,4,180
valid_stop,KEYX,2022,5,205
valid_stop,KEYX,2023,1,107
valid_stop,KEYX,2023,2,192
valid_stop,KEYX,2023,3,264
valid_stop,KEYX,2023,4,320
valid_stop,KEYX,2023,5,355
valid_stop,KEYX,2024,1,79
valid_stop,KEYX,2024,2,150
valid_stop,KEYX,2024,3,213
valid_stop,KEYX,2024,4,260
valid_stop,KEYX,2024,5,290
valid_stop,KFCX,2013,1,65
valid_stop,KFCX,2013,2,100
valid_stop,KFCX,2013,3,111
valid_stop,KFCX,2013,4,124
valid_stop,KFCX,2013,5,125
valid_stop,KFCX,2014,1,49
valid_stop,KFCX,2014,2,58
valid_stop,KFCX,2014,3,51
valid_stop,KFCX,2014,4,44
valid_stop,KFCX,2014,5,40
valid_stop,KFCX,2015,1,25
valid_stop,KFCX,2015,2,34
valid_stop,KFCX,2015,3,36
valid_stop,KFCX,2015,4,32
valid_stop,KFCX,2015,5,35
valid_stop,KFCX,2016,1,196
valid_stop,KFCX,2016,2,334
valid_stop,KFCX,2016,3,432
valid_stop,KFCX,2016,4,512
valid_stop,KFCX,2016,5,555
valid_stop,KFCX,2017,1,52
valid_stop,KFCX,2017,2,94
valid_stop,KFCX,2017,3,129
valid_stop,KFCX,2017,4,156
valid_stop,KFCX,2017,5,180
valid_stop,KFCX,2018,1,128
valid_stop,KFCX,2018,2,202
valid_stop,KFCX,2018,3,240
valid_stop,KFCX,2018,4,248
valid_stop,KFCX,2018,5,220
valid_stop,KFCX,2019,1,140
valid_stop,KFCX,2019,2,238
valid_stop,KFCX,2019,3,318
valid_stop,KFCX,2019,4,380
valid_stop,KFCX,2019,5,405
valid_stop,KFCX,2020,1,104
valid_stop,KFCX,2020,2,172
valid_stop,KFCX,2020,3,228
valid_stop,KFCX,2020,4,280
valid_stop,KFCX,2020,5,300
valid_stop,KFCX,2021,1,44
valid_stop,KFCX,2021,2,66
valid_stop,KFCX,2021,3,75
valid_stop,KFCX,2021,4,68
valid_stop,KFCX,2021,5,45
valid_stop,KFCX,2022,1,37
valid_stop,KFCX,2022,2,52
valid_stop,KFCX,2022,3,60
valid_stop,KFCX,2022,4,68
valid_stop,KFCX,2022,5,75
valid_stop,KFCX,2023,1,143
valid_stop,KFCX,2023,2,236
valid_stop,KFCX,2023,3,300
valid_stop,KFCX,2023,4,320
valid_stop,KFCX,2023,5,320
valid_stop,KFCX,2024,1,72
valid_stop,KFCX,2024,2,134
valid_stop,KFCX,2024,3,168
valid_stop,KFCX,2024,4,168
valid_stop,KFCX,2024,5,110
valid_stop,KFDR,2013,1,102
valid_stop,KFDR,2013,2,148
valid_stop,KFDR,2013,3,141
valid_stop,KFDR,2013,4,96
valid_stop,KFDR,2013,5,50
valid_stop,KFDR,2014,1,48
valid_stop,KFDR,2014,2,74
valid_stop,KFDR,2014,3,99
valid_stop,KFDR,2014,4,128
valid_stop,KFDR,2014,5,150
valid_stop,KFDR,2015,1,220
valid_stop,KFDR,2015,2,386
valid_stop,KFDR,2015,3,534
valid_stop,KFDR,2015,4,640
valid_stop,KFDR,2015,5,675
valid_stop,KFDR,2016,1,154
valid_stop,KFDR,2016,2,232
valid_stop,KFDR,2016,3,288
valid_stop,KFDR,2016,4,316
valid_stop,KFDR,2016,5,325
valid_stop,KFDR,2017,1,164
valid_stop,KFDR,2017,2,272
valid_stop,KFDR,2017,3,375
valid_stop,KFDR,2017,4,468
valid_stop,KFDR,2017,5,535
valid_stop,KFDR,2018,1,64
valid_stop,KFDR,2018,2,88
valid_stop,KFDR,2018,3,102
valid_stop,KFDR,2018,4,120
valid_stop,KFDR,2018,5,150
valid_stop,KFDR,2019,1,126
valid_stop,KFDR,2019,2,176
valid_stop,KFDR,2019,3,180
valid_stop,KFDR,2019,4,180
valid_stop,KFDR,2019,5,180
valid_stop,KFDR,2020,1,54
valid_stop,KFDR,2020,2,78
valid_stop,KFDR,2020,3,90
valid_stop,KFDR,2020,4,96
valid_stop,KFDR,2020,5,105
valid_stop,KFDR,2021,1,62
valid_stop,KFDR,2021,2,86
valid_stop,KFDR,2021,3,108
valid_stop,KFDR,2021,4,112
valid_stop,KFDR,2021,5,130
valid_stop,KFDR,2022,1,92
valid_stop,KFDR,2022,2,122
valid_stop,KFDR,2022,3,141
valid_stop,KFDR,2022,4,168
valid_stop,KFDR,2022,5,210
valid_stop,KFDR,2023,1,52
valid_stop,KFDR,2023,2,78
valid_stop,KFDR,2023,3,102
valid_stop,KFDR,2023,4,132
valid_stop,KFDR,2023,5,165
valid_stop,KFDR,2024,1,109
valid_stop,KFDR,2024,2,178
valid_stop,KFDR,2024,3,237
valid_stop,KFDR,2024,4,288
valid_stop,KFDR,2024,5,335
valid_stop,KFDX,2013,1,25
valid_stop,KFDX,2013,2,24
valid_stop,KFDX,2013,3,15
valid_stop,KFDX,2013,4,8
valid_stop,KFDX,2013,5,5
valid_stop,KFDX,2014,1,123
valid_stop,KFDX,2014,2,176
valid_stop,KFDX,2014,3,204
valid_stop,KFDX,2014,4,220
valid_stop,KFDX,2014,5,230
valid_stop,KFDX,2015,1,86
valid_stop,KFDX,2015,2,122
valid_stop,KFDX,2015,3,129
valid_stop,KFDX,2015,4,120
valid_stop,KFDX,2015,5,130
valid_stop,KFDX,2016,1,13
valid_stop,KFDX,2016,2,24
valid_stop,KFDX,2016,3,33
valid_stop,KFDX,2016,4,40
valid_stop,KFDX,2016,5,40
valid_stop,KFDX,2017,1,20
valid_stop,KFDX,2017,2,32
valid_stop,KFDX,2017,3,39
valid_stop,KFDX,2017,4,40
valid_stop,KFDX,2017,5,45
valid_stop,KFDX,2018,1,43
valid_stop,KFDX,2018,2,52
valid_stop,KFDX,2018,3,54
valid_stop,KFDX,2018,4,52
valid_stop,KFDX,2018,5,55
valid_stop,KFDX,2019,1,5
valid_stop,KFDX,2019,2,2
valid_stop,KFDX,2020,1,101
valid_stop,KFDX,2020,2,162
valid_stop,KFDX,2020,3,189
valid_stop,KFDX,2020,4,216
valid_stop,KFDX,2020,5,235
valid_stop,KFDX,2021,1,52
valid_stop,KFDX,2021,2,84
valid_stop,KFDX,2021,3,105
valid_stop,KFDX,2021,4,116
valid_stop,KFDX,2021,5,120
valid_stop,KFDX,2022,1,21
valid_stop,KFDX,2022,2,22
valid_stop,KFDX,2022,3,24
valid_stop,KFDX,2022,4,24
valid_stop,KFDX,2022,5,30
valid_stop,KFDX,2023,1,64
valid_stop,KFDX,2023,2,88
valid_stop,KFDX,2023,3,81
valid_stop,KFDX,2023,4,72
valid_stop,KFDX,2023,5,55
valid_stop,KFDX,2024,1,107
valid_stop,KFDX,2024,2,166
valid_stop,KFDX,2024,3,201
valid_stop,KFDX,2024,4,212
valid_stop,KFDX,2024,5,200
valid_stop,KFSD,2013,1,99
valid_stop,KFSD,2013,2,180
valid_stop,KFSD,2013,3,252
valid_stop,KFSD,2013,4,300
valid_stop,KFSD,2013,5,320
valid_stop,KFSD,2014,1,131
valid_stop,KFSD,2014,2,222
valid_stop,KFSD,2014,3,291
valid_stop,KFSD,2014,4,324
valid_stop,KFSD,2014,5,345
valid_stop,KFSD,2015,1,99
valid_stop,KFSD,2015,2,158
valid_stop,KFSD,2015,3,192
valid_stop,KFSD,2015,4,220
valid_stop,KFSD,2015,5,230
valid_stop,KFSD,2016,1,118
valid_stop,KFSD,2016,2,218
valid_stop,KFSD,2016,3,297
valid_stop,KFSD,2016,4,340
valid_stop,KFSD,2016,5,320
valid_stop,KFSD,2017,1,25
valid_stop,KFSD,2017,2,42
valid_stop,KFSD,2017,3,63
valid_stop,KFSD,2017,4,84
valid_stop,KFSD,2017,5,105
valid_stop,KFSD,2018,1,53
valid_stop,KFSD,2018,2,98
valid_stop,KFSD,2018,3,138
valid_stop,KFSD,2018,4,168
valid_stop,KFSD,2018,5,185
valid_stop,KFSD,2019,1,72
valid_stop,KFSD,2019,2,108
valid_stop,KFSD,2019,3,126
valid_stop,KFSD,2019,4,128
valid_stop,KFSD,2019,5,125
valid_stop,KFSD,2020,1,104
valid_stop,KFSD,2020,2,188
valid_stop,KFSD,2020,3,264
valid_stop,KFSD,2020,4,316
valid_stop,KFSD,2020,5,345
valid_stop,KFSD,2021,1,38
valid_stop,KFSD,2021,2,56
valid_stop,KFSD,2021,3,66
valid_stop,KFSD,2021,4,76
valid_stop,KFSD,2021,5,80
valid_stop,KFSD,2022,1,114
valid_stop,KFSD,2022,2,220
valid_stop,KFSD,2022,3,312
valid_stop,KFSD,2022,4,384
valid_stop,KFSD,2022,5,445
valid_stop,KFSD,2023,1,36
valid_stop,KFSD,2023,2,44
valid_stop,KFSD,2023,3,42
valid_stop,KFSD,2023,4,36
valid_stop,KFSD,2023,5,45
valid_stop,KFSD,2024,1,139
valid_stop,KFSD,2024,2,270
valid_stop,KFSD,2024,3,381
valid_stop,KFSD,2024,4,468
valid_stop,KFSD,2024,5,505
valid_stop,KFSX,2013,1,15
valid_stop,KFSX,2013,2,14
valid_stop,KFSX,2013,3,6
valid_stop,KFSX,2014,1,65
valid_stop,KFSX,2014,2,86
valid_stop,KFSX,2014,3,81
valid_stop,KFSX,2014,4,64
valid_stop,KFSX,2014,5,35
valid_stop,KFSX,2015,1,10
valid_stop,KFSX,2015,2,8
valid_stop,KFSX,2015,3,3
valid_stop,KFSX,2017,1,17
valid_stop,KFSX,2017,2,12
valid_stop,KFSX,2018,1,118
valid_stop,KFSX,2018,2,182
valid_stop,KFSX,2018,3,156
valid_stop,KFSX,2018,4,96
valid_stop,KFSX,2018,5,10
valid_stop,KFSX,2019,1,104
valid_stop,KFSX,2019,2,148
valid_stop,KFSX,2019,3,120
valid_stop,KFSX,2019,4,64
valid_stop,KFSX,2019,5,5
valid_stop,KFSX,2020,1,44
valid_stop,KFSX,2020,2,42
valid_stop,KFSX,2020,3,18
valid_stop,KFSX,2020,4,4
valid_stop,KFSX,2021,1,25
valid_stop,KFSX,2021,2,18
valid_stop,KFSX,2022,1,44
valid_stop,KFSX,2022,2,66
valid_stop,KFSX,2022,3,69
valid_stop,KFSX,2022,4,44
valid_stop,KFSX,2022,5,15
valid_stop,KFSX,2023,1,73
valid_stop,KFSX,2023,2,110
valid_stop,KFSX,2023,3,111
valid_stop,KFSX,2023,4,80
valid_stop,KFSX,2023,5,30
valid_stop,KFSX,2024,1,36
valid_stop,KFSX,2024,2,30
valid_stop,KFSX,2024,3,6
valid_stop,KFTG,2013,1,80
valid_stop,KFTG,2013,2,146
valid_stop,KFTG,2013,3,201
valid_stop,KFTG,2013,4,240
valid_stop,KFTG,2013,5,260
valid_stop,KFTG,2014,1,97
valid_stop,KFTG,2014,2,170
valid_stop,KFTG,2014,3,225
valid_stop,KFTG,2014,4,248
valid_stop,KFTG,2014,5,255
valid_stop,KFTG,2015,1,59
valid_stop,KFTG,2015,2,104
valid_stop,KFTG,2015,3,147
valid_stop,KFTG,2015,4,176
valid_stop,KFTG,2015,5,185
valid_stop,KFTG,2016,1,47
valid_stop,KFTG,2016,2,68
valid_stop,KFTG,2016,3,78
valid_stop,KFTG,2016,4,84
valid_stop,KFTG,2016,5,80
valid_stop,KFTG,2017,1,19
valid_stop,KFTG,2017,2,34
valid_stop,KFTG,2017,3,33
valid_stop,KFTG,2017,4,24
valid_stop,KFTG,2017,5,5
valid_stop,KFTG,2018,1,83
valid_stop,KFTG,2018,2,126
valid_stop,KFTG,2018,3,159
valid_stop,KFTG,2018,4,180
valid_stop,KFTG,2018,5,195
valid_stop,KFTG,2019,1,63
valid_stop,KFTG,2019,2,90
valid_stop,KFTG,2019,3,87
valid_stop,KFTG,2019,4,76
valid_stop,KFTG,2019,5,60
valid_stop,KFTG,2020,1,71
valid_stop,KFTG,2020,2,114
valid_stop,KFTG,2020,3,141
valid_stop,KFTG,2020,4,160
valid_stop,KFTG,2020,5,165
valid_stop,KFTG,2021,1,37
valid_stop,KFTG,2021,2,64
valid_stop,KFTG,2021,3,78
valid_stop,KFTG,2021,4,56
valid_stop,KFTG,2021,5,30
valid_stop,KFTG,2022,1,75
valid_stop,KFTG,2022,2,122
valid_stop,KFTG,2022,3,144
valid_stop,KFTG,2022,4,136
valid_stop,KFTG,2022,5,110
valid_stop,KFTG,2023,1,117
valid_stop,KFTG,2023,2,194
valid_stop,KFTG,2023,3,213
valid_stop,KFTG,2023,4,204
valid_stop,KFTG,2023,5,170
valid_stop,KFTG,2024,1,115
valid_stop,KFTG,2024,2,182
valid_stop,KFTG,2024,3,201
valid_stop,KFTG,2024,4,172
valid_stop,KFTG,2024,5,145
valid_stop,KFWS,2013,1,114
valid_stop,KFWS,2013,2,204
valid_stop,KFWS,2013,3,282
valid_stop,KFWS,2013,4,356
valid_stop,KFWS,2013,5,430
valid_stop,KFWS,2014,1,232
valid_stop,KFWS,2014,2,418
valid_stop,KFWS,2014,3,579
valid_stop,KFWS,2014,4,720
valid_stop,KFWS,2014,5,845
valid_stop,KFWS,2015,1,253
valid_stop,KFWS,2015,2,462
valid_stop,KFWS,2015,3,651
valid_stop,KFWS,2015,4,816
valid_stop,KFWS,2015,5,925
valid_stop,KFWS,2016,1,91
valid_stop,KFWS,2016,2,158
valid_stop,KFWS,2016,3,222
valid_stop,KFWS,2016,4,288
valid_stop,KFWS,2016,5,350
valid_stop,KFWS,2017,1,139
valid_stop,KFWS,2017,2,234
valid_stop,KFWS,2017,3,303
valid_stop,KFWS,2017,4,360
valid_stop,KFWS,2017,5,420
valid_stop,KFWS,2018,1,40
valid_stop,KFWS,2018,2,64
valid_stop,KFWS,2018,3,81
valid_stop,KFWS,2018,4,100
valid_stop,KFWS,2018,5,110
valid_stop,KFWS,2019,1,193
valid_stop,KFWS,2019,2,324
valid_stop,KFWS,2019,3,408
valid_stop,KFWS,2019,4,468
valid_stop,KFWS,2019,5,510
valid_stop,KFWS,2020,1,188
valid_stop,KFWS,2020,2,340
valid_stop,KFWS,2020,3,459
valid_stop,KFWS,2020,4,524
valid_stop,KFWS,2020,5,550
valid_stop,KFWS,2021,1,263
valid_stop,KFWS,2021,2,480
valid_stop,KFWS,2021,3,669
valid_stop,KFWS,2021,4,840
valid_stop,KFWS,2021,5,995
valid_stop,KFWS,2022,1,199
valid_stop,KFWS,2022,2,370
valid_stop,KFWS,2022,3,513
valid_stop,KFWS,2022,4,636
valid_stop,KFWS,2022,5,735
valid_stop,KFWS,2023,1,146
valid_stop,KFWS,2023,2,256
valid_stop,KFWS,2023,3,348
valid_stop,KFWS,2023,4,428
valid_stop,KFWS,2023,5,500
valid_stop,KFWS,2024,1,261
valid_stop,KFWS,2024,2,450
valid_stop,KFWS,2024,3,567
valid_stop,KFWS,2024,4,596
valid_stop,KFWS,2024,5,595
valid_stop,KGGW,2013,1,41
valid_stop,KGGW,2013,2,64
valid_stop,KGGW,2013,3,54
valid_stop,KGGW,2013,4,28
valid_stop,KGGW,2013,5,5
valid_stop,KGGW,2014,1,17
valid_stop,KGGW,2014,2,12
valid_stop,KGGW,2014,3,6
valid_stop,KGGW,2015,1,38
valid_stop,KGGW,2015,2,58
valid_stop,KGGW,2015,3,69
valid_stop,KGGW,2015,4,80
valid_stop,KGGW,2015,5,80
valid_stop,KGGW,2016,1,44
valid_stop,KGGW,2016,2,76
valid_stop,KGGW,2016,3,93
valid_stop,KGGW,2016,4,96
valid_stop,KGGW,2016,5,95
valid_stop,KGGW,2017,1,70
valid_stop,KGGW,2017,2,128
valid_stop,KGGW,2017,3,168
valid_stop,KGGW,2017,4,200
valid_stop,KGGW,2017,5,220
valid_stop,KGGW,2018,1,18
valid_stop,KGGW,2018,2,30
valid_stop,KGGW,2018,3,42
valid_stop,KGGW,2018,4,52
valid_stop,KGGW,2018,5,60
valid_stop,KGGW,2019,1,38
valid_stop,KGGW,2019,2,58
valid_stop,KGGW,2019,3,66
valid_stop,KGGW,2019,4,72
valid_stop,KGGW,2019,5,80
valid_stop,KGGW,2020,1,70
valid_stop,KGGW,2020,2,124
valid_stop,KGGW,2020,3,153
valid_stop,KGGW,2020,4,156
valid_stop,KGGW,2020,5,125
valid_stop,KGGW,2021,1,31
valid_stop,KGGW,2021,2,60
valid_stop,KGGW,2021,3,90
valid_stop,KGGW,2021,4,120
valid_stop,KGGW,2021,5,150
valid_stop,KGGW,2022,1,8
valid_stop,KGGW,2022,2,4
valid_stop,KGGW,2023,1,21
valid_stop,KGGW,2023,2,30
valid_stop,KGGW,2023,3,27
valid_stop,KGGW,2023,4,24
valid_stop,KGGW,2023,5,20
valid_stop,KGGW,2024,1,57
valid_stop,KGGW,2024,2,78
valid_stop,KGGW,2024,3,72
valid_stop,KGGW,2024,4,40
valid_stop,KGGW,2024,5,20
valid_stop,KGRB,2013,1,283
valid_stop,KGRB,2013,2,474
valid_stop,KGRB,2013,3,633
valid_stop,KGRB,2013,4,776
valid_stop,KGRB,2013,5,885
valid_stop,KGRB,2014,1,99
valid_stop,KGRB,2014,2,134
valid_stop,KGRB,2014,3,144
valid_stop,KGRB,2014,4,128
valid_stop,KGRB,2014,5,110
valid_stop,KGRB,2015,1,35
valid_stop,KGRB,2015,2,46
valid_stop,KGRB,2015,3,48
valid_stop,KGRB,2015,4,52
valid_stop,KGRB,2015,5,50
valid_stop,KGRB,2016,1,75
valid_stop,KGRB,2016,2,110
valid_stop,KGRB,2016,3,126
valid_stop,KGRB,2016,4,124
valid_stop,KGRB,2016,5,125
valid_stop,KGRB,2017,1,77
valid_stop,KGRB,2017,2,120
valid_stop,KGRB,2017,3,153
valid_stop,KGRB,2017,4,184
valid_stop,KGRB,2017,5,215
valid_stop,KGRB,2018,1,14
valid_stop,KGRB,2018,2,4
valid_stop,KGRB,2019,1,105
valid_stop,KGRB,2019,2,140
valid_stop,KGRB,2019,3,141
valid_stop,KGRB,2019,4,132
valid_stop,KGRB,2019,5,145
valid_stop,KGRB,2020,1,70
valid_stop,KGRB,2020,2,124
valid_stop,KGRB,2020,3,174
valid_stop,KGRB,2020,4,208
valid_stop,KGRB,2020,5,240
valid_stop,KGRB,2021,1,47
valid_stop,KGRB,2021,2,80
valid_stop,KGRB,2021,3,108
valid_stop,KGRB,2021,4,124
valid_stop,KGRB,2021,5,135
valid_stop,KGRB,2022,1,68
valid_stop,KGRB,2022,2,106
valid_stop,KGRB,2022,3,132
valid_stop,KGRB,2022,4,152
valid_stop,KGRB,2022,5,160
valid_stop,KGRB,2023,1,55
valid_stop,KGRB,2023,2,66
valid_stop,KGRB,2023,3,54
valid_stop,KGRB,2023,4,36
valid_stop,KGRB,2023,5,20
valid_stop,KGRB,2024,1,136
valid_stop,KGRB,2024,2,228
valid_stop,KGRB,2024,3,285
valid_stop,KGRB,2024,4,312
valid_stop,KGRB,2024,5,335
valid_stop,KGRK,2013,1,258
valid_stop,KGRK,2013,2,460
valid_stop,KGRK,2013,3,627
valid_stop,KGRK,2013,4,772
valid_stop,KGRK,2013,5,890
valid_stop,KGRK,2014,1,233
valid_stop,KGRK,2014,2,416
valid_stop,KGRK,2014,3,576
valid_stop,KGRK,2014,4,736
valid_stop,KGRK,2014,5,880
valid_stop,KGRK,2015,1,250
valid_stop,KGRK,2015,2,438
valid_stop,KGRK,2015,3,606
valid_stop,KGRK,2015,4,752
valid_stop,KGRK,2015,5,880
valid_stop,KGRK,2016,1,232
valid_stop,KGRK,2016,2,416
valid_stop,KGRK,2016,3,585
valid_stop,KGRK,2016,4,736
valid_stop,KGRK,2016,5,875
valid_stop,KGRK,2017,1,90
valid_stop,KGRK,2017,2,160
valid_stop,KGRK,2017,3,222
valid_stop,KGRK,2017,4,284
valid_stop,KGRK,2017,5,325
valid_stop,KGRK,2018,1,239
valid_stop,KGRK,2018,2,424
valid_stop,KGRK,2018,3,591
valid_stop,KGRK,2018,4,744
valid_stop,KGRK,2018,5,880
valid_stop,KGRK,2019,1,135
valid_stop,KGRK,2019,2,240
valid_stop,KGRK,2019,3,330
valid_stop,KGRK,2019,4,436
valid_stop,KGRK,2019,5,525
valid_stop,KGRK,2020,1,263
valid_stop,KGRK,2020,2,490
valid_stop,KGRK,2020,3,684
valid_stop,KGRK,2020,4,856
valid_stop,KGRK,2020,5,1005
valid_stop,KGRK,2021,1,240
valid_stop,KGRK,2021,2,450
valid_stop,KGRK,2021,3,627
valid_stop,KGRK,2021,4,784
valid_stop,KGRK,2021,5,930
valid_stop,KGRK,2022,1,153
valid_stop,KGRK,2022,2,276
valid_stop,KGRK,2022,3,378
valid_stop,KGRK,2022,4,476
valid_stop,KGRK,2022,5,575
valid_stop,KGRK,2023,1,208
valid_stop,KGRK,2023,2,384
valid_stop,KGRK,2023,3,534
valid_stop,KGRK,2023,4,644
valid_stop,KGRK,2023,5,730
valid_stop,KGRK,2024,1,262
valid_stop,KGRK,2024,2,470
valid_stop,KGRK,2024,3,633
valid_stop,KGRK,2024,4,760
valid_stop,KGRK,2024,5,850
valid_stop,KGRR,2013,1,95
valid_stop,KGRR,2013,2,158
valid_stop,KGRR,2013,3,201
valid_stop,KGRR,2013,4,244
valid_stop,KGRR,2013,5,280
valid_stop,KGRR,2014,1,176
valid_stop,KGRR,2014,2,272
valid_stop,KGRR,2014,3,330
valid_stop,KGRR,2014,4,376
valid_stop,KGRR,2014,5,420
valid_stop,KGRR,2015,1,216
valid_stop,KGRR,2015,2,356
valid_stop,KGRR,2015,3,468
valid_stop,KGRR,2015,4,552
valid_stop,KGRR,2015,5,620
valid_stop,KGRR,2016,1,283
valid_stop,KGRR,2016,2,424
valid_stop,KGRR,2016,3,495
valid_stop,KGRR,2016,4,512
valid_stop,KGRR,2016,5,500
valid_stop,KGRR,2017,1,133
valid_stop,KGRR,2017,2,214
valid_stop,KGRR,2017,3,279
valid_stop,KGRR,2017,4,320
valid_stop,KGRR,2017,5,340
valid_stop,KGRR,2018,1,58
valid_stop,KGRR,2018,2,86
valid_stop,KGRR,2018,3,99
valid_stop,KGRR,2018,4,108
valid_stop,KGRR,2018,5,105
valid_stop,KGRR,2019,1,145
valid_stop,KGRR,2019,2,214
valid_stop,KGRR,2019,3,243
valid_stop,KGRR,2019,4,248
valid_stop,KGRR,2019,5,245
valid_stop,KGRR,2020,1,129
valid_stop,KGRR,2020,2,214
valid_stop,KGRR,2020,3,258
valid_stop,KGRR,2020,4,288
valid_stop,KGRR,2020,5,340
valid_stop,KGRR,2021,1,58
valid_stop,KGRR,2021,2,90
valid_stop,KGRR,2021,3,120
valid_stop,KGRR,2021,4,136
valid_stop,KGRR,2021,5,155
valid_stop,KGRR,2022,1,169
valid_stop,KGRR,2022,2,302
valid_stop,KGRR,2022,3,414
valid_stop,KGRR,2022,4,492
valid_stop,KGRR,2022,5,555
valid_stop,KGRR,2023,1,73
valid_stop,KGRR,2023,2,106
valid_stop,KGRR,2023,3,120
valid_stop,KGRR,2023,4,128
valid_stop,KGRR,2023,5,140
valid_stop,KGRR,2024,1,52
valid_stop,KGRR,2024,2,94
valid_stop,KGRR,2024,3,138
valid_stop,KGRR,2024,4,180
valid_stop,KGRR,2024,5,225
valid_stop,KGSP,2013,1,191
valid_stop,KGSP,2013,2,336
valid_stop,KGSP,2013,3,441
valid_stop,KGSP,2013,4,532
valid_stop,KGSP,2013,5,605
valid_stop,KGSP,2014,1,197
valid_stop,KGSP,2014,2,364
valid_stop,KGSP,2014,3,507
valid_stop,KGSP,2014,4,608
valid_stop,KGSP,2014,5,660
valid_stop,KGSP,2015,1,202
valid_stop,KGSP,2015,2,360
valid_stop,KGSP,2015,3,486
valid_stop,KGSP,2015,4,576
valid_stop,KGSP,2015,5,630
valid_stop,KGSP,2016,1,164
valid_stop,KGSP,2016,2,306
valid_stop,KGSP,2016,3,441
valid_stop,KGSP,2016,4,556
valid_stop,KGSP,2016,5,655
valid_stop,KGSP,2017,1,145
valid_stop,KGSP,2017,2,234
valid_stop,KGSP,2017,3,288
valid_stop,KGSP,2017,4,312
valid_stop,KGSP,2017,5,340
valid_stop,KGSP,2018,1,218
valid_stop,KGSP,2018,2,392
valid_stop,KGSP,2018,3,528
valid_stop,KGSP,2018,4,632
valid_stop,KGSP,2018,5,705
valid_stop,KGSP,2019,1,177
valid_stop,KGSP,2019,2,310
valid_stop,KGSP,2019,3,405
valid_stop,KGSP,2019,4,484
valid_stop,KGSP,2019,5,550
valid_stop,KGSP,2020,1,303
valid_stop,KGSP,2020,2,544
valid_stop,KGSP,2020,3,744
valid_stop,KGSP,2020,4,916
valid_stop,KGSP,2020,5,1070
valid_stop,KGSP,2021,1,266
valid_stop,KGSP,2021,2,466
valid_stop,KGSP,2021,3,618
valid_stop,KGSP,2021,4,724
valid_stop,KGSP,2021,5,785
valid_stop,KGSP,2022,1,129
valid_stop,KGSP,2022,2,226
valid_stop,KGSP,2022,3,291
valid_stop,KGSP,2022,4,332
valid_stop,KGSP,2022,5,355
valid_stop,KGSP,2023,1,121
valid_stop,KGSP,2023,2,182
valid_stop,KGSP,2023,3,213
valid_stop,KGSP,2023,4,236
valid_stop,KGSP,2023,5,230
valid_stop,KGSP,2024,1,182
valid_stop,KGSP,2024,2,344
valid_stop,KGSP,2024,3,492
valid_stop,KGSP,2024,4,616
valid_stop,KGSP,2024,5,700
valid_stop,KGWX,2013,1,227
valid_stop,KGWX,2013,2,402
valid_stop,KGWX,2013,3,552
valid_stop,KGWX,2013,4,700
valid_stop,KGWX,2013,5,820
valid_stop,KGWX,2014,1,214
valid_stop,KGWX,2014,2,370
valid_stop,KGWX,2014,3,474
valid_stop,KGWX,2014,4,556
valid_stop,KGWX,2014,5,630
valid_stop,KGWX,2015,1,279
valid_stop,KGWX,2015,2,474
valid_stop,KGWX,2015,3,627
valid_stop,KGWX,2015,4,768
valid_stop,KGWX,2015,5,880
valid_stop,KGWX,2016,1,152
valid_stop,KGWX,2016,2,238
valid_stop,KGWX,2016,3,270
valid_stop,KGWX,2016,4,256
valid_stop,KGWX,2016,5,235
valid_stop,KGWX,2017,1,187
valid_stop,KGWX,2017,2,318
valid_stop,KGWX,2017,3,417
valid_stop,KGWX,2017,4,480
valid_stop,KGWX,2017,5,525
valid_stop,KGWX,2018,1,141
valid_stop,KGWX,2018,2,232
valid_stop,KGWX,2018,3,285
valid_stop,KGWX,2018,4,316
valid_stop,KGWX,2018,5,345
valid_stop,KGWX,2019,1,441
valid_stop,KGWX,2019,2,742
valid_stop,KGWX,2019,3,942
valid_stop,KGWX,2019,4,1072
valid_stop,KGWX,2019,5,1140
valid_stop,KGWX,2020,1,216
valid_stop,KGWX,2020,2,362
valid_stop,KGWX,2020,3,468
valid_stop,KGWX,2020,4,552
valid_stop,KGWX,2020,5,605
valid_stop,KGWX,2021,1,173
valid_stop,KGWX,2021,2,310
valid_stop,KGWX,2021,3,417
valid_stop,KGWX,2021,4,504
valid_stop,KGWX,2021,5,555
valid_stop,KGWX,2022,1,290
valid_stop,KGWX,2022,2,540
valid_stop,KGWX,2022,3,750
valid_stop,KGWX,2022,4,932
valid_stop,KGWX,2022,5,1065
valid_stop,KGWX,2023,1,261
valid_stop,KGWX,2023,2,470
valid_stop,KGWX,2023,3,636
valid_stop,KGWX,2023,4,772
valid_stop,KGWX,2023,5,865
valid_stop,KGWX,2024,1,176
valid_stop,KGWX,2024,2,336
valid_stop,KGWX,2024,3,483
valid_stop,KGWX,2024,4,612
valid_stop,KGWX,2024,5,710
valid_stop,KHDX,2013,1,85
valid_stop,KHDX,2013,2,140
valid_stop,KHDX,2013,3,150
valid_stop,KHDX,2013,4,144
valid_stop,KHDX,2013,5,105
valid_stop,KHDX,2014,1,127
valid_stop,KHDX,2014,2,212
valid_stop,KHDX,2014,3,288
valid_stop,KHDX,2014,4,360
valid_stop,KHDX,2014,5,415
valid_stop,KHDX,2015,1,231
valid_stop,KHDX,2015,2,398
valid_stop,KHDX,2015,3,522
valid_stop,KHDX,2015,4,620
valid_stop,KHDX,2015,5,700
valid_stop,KHDX,2016,1,119
valid_stop,KHDX,2016,2,210
valid_stop,KHDX,2016,3,276
valid_stop,KHDX,2016,4,316
valid_stop,KHDX,2016,5,345
valid_stop,KHDX,2017,1,121
valid_stop,KHDX,2017,2,220
valid_stop,KHDX,2017,3,303
valid_stop,KHDX,2017,4,372
valid_stop,KHDX,2017,5,420
valid_stop,KHDX,2018,1,39
valid_stop,KHDX,2018,2,58
valid_stop,KHDX,2018,3,63
valid_stop,KHDX,2018,4,68
valid_stop,KHDX,2018,5,60
valid_stop,KHDX,2019,1,72
valid_stop,KHDX,2019,2,120
valid_stop,KHDX,2019,3,141
valid_stop,KHDX,2019,4,144
valid_stop,KHDX,2019,5,135
valid_stop,KHDX,2020,1,70
valid_stop,KHDX,2020,2,122
valid_stop,KHDX,2020,3,165
valid_stop,KHDX,2020,4,200
valid_stop,KHDX,2020,5,235
valid_stop,KHDX,2021,1,75
valid_stop,KHDX,2021,2,118
valid_stop,KHDX,2021,3,147
valid_stop,KHDX,2021,4,168
valid_stop,KHDX,2021,5,180
valid_stop,KHDX,2022,1,192
valid_stop,KHDX,2022,2,340
valid_stop,KHDX,2022,3,450
valid_stop,KHDX,2022,4,528
valid_stop,KHDX,2022,5,560
valid_stop,KHDX,2023,1,86
valid_stop,KHDX,2023,2,142
valid_stop,KHDX,2023,3,180
valid_stop,KHDX,2023,4,192
valid_stop,KHDX,2023,5,200
valid_stop,KHDX,2024,1,113
valid_stop,KHDX,2024,2,188
valid_stop,KHDX,2024,3,228
valid_stop,KHDX,2024,4,240
valid_stop,KHDX,2024,5,265
valid_stop,KHGX,2013,1,150
valid_stop,KHGX,2013,2,274
valid_stop,KHGX,2013,3,375
valid_stop,KHGX,2013,4,456
valid_stop,KHGX,2013,5,520
valid_stop,KHGX,2014,1,198
valid_stop,KHGX,2014,2,330
valid_stop,KHGX,2014,3,444
valid_stop,KHGX,2014,4,536
valid_stop,KHGX,2014,5,605
valid_stop,KHGX,2015,1,285
valid_stop,KHGX,2015,2,472
valid_stop,KHGX,2015,3,639
valid_stop,KHGX,2015,4,792
valid_stop,KHGX,2015,5,910
valid_stop,KHGX,2016,1,182
valid_stop,KHGX,2016,2,304
valid_stop,KHGX,2016,3,384
valid_stop,KHGX,2016,4,440
valid_stop,KHGX,2016,5,480
valid_stop,KHGX,2017,1,213
valid_stop,KHGX,2017,2,320
valid_stop,KHGX,2017,3,408
valid_stop,KHGX,2017,4,472
valid_stop,KHGX,2017,5,530
valid_stop,KHGX,2018,1,282
valid_stop,KHGX,2018,2,486
valid_stop,KHGX,2018,3,660
valid_stop,KHGX,2018,4,840
valid_stop,KHGX,2018,5,1005
valid_stop,KHGX,2019,1,223
valid_stop,KHGX,2019,2,384
valid_stop,KHGX,2019,3,513
valid_stop,KHGX,2019,4,632
valid_stop,KHGX,2019,5,745
valid_stop,KHGX,2020,1,116
valid_stop,KHGX,2020,2,182
valid_stop,KHGX,2020,3,222
valid_stop,KHGX,2020,4,256
valid_stop,KHGX,2020,5,285
valid_stop,KHGX,2021,1,121
valid_stop,KHGX,2021,2,204
valid_stop,KHGX,2021,3,270
valid_stop,KHGX,2021,4,312
valid_stop,KHGX,2021,5,360
valid_stop,KHGX,2022,1,126
valid_stop,KHGX,2022,2,226
valid_stop,KHGX,2022,3,318
valid_stop,KHGX,2022,4,400
valid_stop,KHGX,2022,5,485
valid_stop,KHGX,2023,1,184
valid_stop,KHGX,2023,2,330
valid_stop,KHGX,2023,3,465
valid_stop,KHGX,2023,4,592
valid_stop,KHGX,2023,5,720
valid_stop,KHGX,2024,1,170
valid_stop,KHGX,2024,2,276
valid_stop,KHGX,2024,3,351
valid_stop,KHGX,2024,4,416
valid_stop,KHGX,2024,5,480
valid_stop,KHNX,2013,1,95
valid_stop,KHNX,2013,2,142
valid_stop,KHNX,2013,3,168
valid_stop,KHNX,2013,4,208
valid_stop,KHNX,2013,5,255
valid_stop,KHNX,2014,1,114
valid_stop,KHNX,2014,2,184
valid_stop,KHNX,2014,3,246
valid_stop,KHNX,2014,4,296
valid_stop,KHNX,2014,5,325
valid_stop,KHNX,2015,1,36
valid_stop,KHNX,2015,2,66
valid_stop,KHNX,2015,3,99
valid_stop,KHNX,2015,4,128
valid_stop,KHNX,2015,5,155
valid_stop,KHNX,2016,1,24
valid_stop,KHNX,2016,2,14
valid_stop,KHNX,2016,3,12
valid_stop,KHNX,2016,4,8
valid_stop,KHNX,2016,5,5
valid_stop,KHNX,2017,1,119
valid_stop,KHNX,2017,2,180
valid_stop,KHNX,2017,3,237
valid_stop,KHNX,2017,4,296
valid_stop,KHNX,2017,5,355
valid_stop,KHNX,2018,1,182
valid_stop,KHNX,2018,2,280
valid_stop,KHNX,2018,3,324
valid_stop,KHNX,2018,4,356
valid_stop,KHNX,2018,5,395
valid_stop,KHNX,2019,1,167
valid_stop,KHNX,2019,2,276
valid_stop,KHNX,2019,3,348
valid_stop,KHNX,2019,4,380
valid_stop,KHNX,2019,5,410
valid_stop,KHNX,2020,1,37
valid_stop,KHNX,2020,2,64
valid_stop,KHNX,2020,3,93
valid_stop,KHNX,2020,4,120
valid_stop,KHNX,2020,5,145
valid_stop,KHNX,2021,1,136
valid_stop,KHNX,2021,2,210
valid_stop,KHNX,2021,3,231
valid_stop,KHNX,2021,4,228
valid_stop,KHNX,2021,5,220
valid_stop,KHNX,2022,1,59
valid_stop,KHNX,2022,2,96
valid_stop,KHNX,2022,3,126
valid_stop,KHNX,2022,4,160
valid_stop,KHNX,2022,5,185
valid_stop,KHNX,2023,1,103
valid_stop,KHNX,2023,2,168
valid_stop,KHNX,2023,3,207
valid_stop,KHNX,2023,4,248
valid_stop,KHNX,2023,5,290
valid_stop,KHNX,2024,1,219
valid_stop,KHNX,2024,2,388
valid_stop,KHNX,2024,3,543
valid_stop,KHNX,2024,4,684
valid_stop,KHNX,2024,5,805
valid_stop,KHPX,2013,1,80
valid_stop,KHPX,2013,2,130
valid_stop,KHPX,2013,3,156
valid_stop,KHPX,2013,4,180
valid_stop,KHPX,2013,5,200
valid_stop,KHPX,2014,1,130
valid_stop,KHPX,2014,2,230
valid_stop,KHPX,2014,3,309
valid_stop,KHPX,2014,4,368
valid_stop,KHPX,2014,5,405
valid_stop,KHPX,2015,1,159
valid_stop,KHPX,2015,2,290
valid_stop,KHPX,2015,3,396
valid_stop,KHPX,2015,4,460
valid_stop,KHPX,2015,5,485
valid_stop,KHPX,2016,1,141
valid_stop,KHPX,2016,2,236
valid_stop,KHPX,2016,3,306
valid_stop,KHPX,2016,4,356
valid_stop,KHPX,2016,5,390
valid_stop,KHPX,2017,1,262
valid_stop,KHPX,2017,2,484
valid_stop,KHPX,2017,3,678
valid_stop,KHPX,2017,4,844
valid_stop,KHPX,2017,5,965
valid_stop,KHPX,2018,1,247
valid_stop,KHPX,2018,2,420
valid_stop,KHPX,2018,3,546
valid_stop,KHPX,2018,4,600
valid_stop,KHPX,2018,5,620
valid_stop,KHPX,2019,1,168
valid_stop,KHPX,2019,2,294
valid_stop,KHPX,2019,3,393
valid_stop,KHPX,2019,4,460
valid_stop,KHPX,2019,5,535
valid_stop,KHPX,2020,1,113
valid_stop,KHPX,2020,2,190
valid_stop,KHPX,2020,3,246
valid_stop,KHPX,2020,4,284
valid_stop,KHPX,2020,5,310
valid_stop,KHPX,2021,1,125
valid_stop,KHPX,2021,2,234
valid_stop,KHPX,2021,3,333
valid_stop,KHPX,2021,4,416
valid_stop,KHPX,2021,5,470
valid_stop,KHPX,2022,1,357
valid_stop,KHPX,2022,2,662
valid_stop,KHPX,2022,3,939
valid_stop,KHPX,2022,4,1164
valid_stop,KHPX,2022,5,1340
valid_stop,KHPX,2023,1,262
valid_stop,KHPX,2023,2,472
valid_stop,KHPX,2023,3,645
valid_stop,KHPX,2023,4,764
valid_stop,KHPX,2023,5,835
valid_stop,KHPX,2024,1,267
valid_stop,KHPX,2024,2,486
valid_stop,KHPX,2024,3,657
valid_stop,KHPX,2024,4,768
valid_stop,KHPX,2024,5,830
valid_stop,KILN,2013,1,108
valid_stop,KILN,2013,2,198
valid_stop,KILN,2013,3,249
valid_stop,KILN,2013,4,252
valid_stop,KILN,2013,5,235
valid_stop,KILN,2014,1,74
valid_stop,KILN,2014,2,102
valid_stop,KILN,2014,3,120
valid_stop,KILN,2014,4,116
valid_stop,KILN,2014,5,90
valid_stop,KILN,2015,1,249
valid_stop,KILN,2015,2,450
valid_stop,KILN,2015,3,612
valid_stop,KILN,2015,4,740
valid_stop,KILN,2015,5,850
valid_stop,KILN,2016,1,131
valid_stop,KILN,2016,2,228
valid_stop,KILN,2016,3,306
valid_stop,KILN,2016,4,384
valid_stop,KILN,2016,5,435
valid_stop,KILN,2017,1,107
valid_stop,KILN,2017,2,178
valid_stop,KILN,2017,3,216
valid_stop,KILN,2017,4,220
valid_stop,KILN,2017,5,235
valid_stop,KILN,2018,1,228
valid_stop,KILN,2018,2,386
valid_stop,KILN,2018,3,510
valid_stop,KILN,2018,4,604
valid_stop,KILN,2018,5,720
valid_stop,KILN,2019,1,99
valid_stop,KILN,2019,2,172
valid_stop,KILN,2019,3,216
valid_stop,KILN,2019,4,224
valid_stop,KILN,2019,5,210
valid_stop,KILN,2020,1,82
valid_stop,KILN,2020,2,122
valid_stop,KILN,2020,3,153
valid_stop,KILN,2020,4,172
valid_stop,KILN,2020,5,185
valid_stop,KILN,2021,1,101
valid_stop,KILN,2021,2,168
valid_stop,KILN,2021,3,219
valid_stop,KILN,2021,4,268
valid_stop,KILN,2021,5,300
valid_stop,KILN,2022,1,19
valid_stop,KILN,2022,2,20
valid_stop,KILN,2022,3,9
valid_stop,KILN,2022,4,4
valid_stop,KILN,2023,1,75
valid_stop,KILN,2023,2,134
valid_stop,KILN,2023,3,186
valid_stop,KILN,2023,4,232
valid_stop,KILN,2023,5,270
valid_stop,KILN,2024,1,92
valid_stop,KILN,2024,2,148
valid_stop,KILN,2024,3,180
valid_stop,KILN,2024,4,200
valid_stop,KILN,2024,5,210
valid_stop,KILX,2013,1,146
valid_stop,KILX,2013,2,276
valid_stop,KILX,2013,3,402
valid_stop,KILX,2013,4,512
valid_stop,KILX,2013,5,605
valid_stop,KILX,2014,1,153
valid_stop,KILX,2014,2,244
valid_stop,KILX,2014,3,309
valid_stop,KILX,2014,4,344
valid_stop,KILX,2014,5,360
valid_stop,KILX,2015,1,100
valid_stop,KILX,2015,2,142
valid_stop,KILX,2015,3,168
valid_stop,KILX,2015,4,184
valid_stop,KILX,2015,5,205
valid_stop,KILX,2016,1,150
valid_stop,KILX,2016,2,248
valid_stop,KILX,2016,3,309
valid_stop,KILX,2016,4,344
valid_stop,KILX,2016,5,385
valid_stop,KILX,2017,1,177
valid_stop,KILX,2017,2,320
valid_stop,KILX,2017,3,438
valid_stop,KILX,2017,4,516
valid_stop,KILX,2017,5,590
valid_stop,KILX,2018,1,195
valid_stop,KILX,2018,2,350
valid_stop,KILX,2018,3,465
valid_stop,KILX,2018,4,540
valid_stop,KILX,2018,5,610
valid_stop,KILX,2019,1,104
valid_stop,KILX,2019,2,188
valid_stop,KILX,2019,3,258
valid_stop,KILX,2019,4,296
valid_stop,KILX,2019,5,295
valid_stop,KILX,2020,1,130
valid_stop,KILX,2020,2,214
valid_stop,KILX,2020,3,261
valid_stop,KILX,2020,4,284
valid_stop,KILX,2020,5,320
valid_stop,KILX,2021,1,206
valid_stop,KILX,2021,2,334
valid_stop,KILX,2021,3,444
valid_stop,KILX,2021,4,540
valid_stop,KILX,2021,5,610
valid_stop,KILX,2022,1,112
valid_stop,KILX,2022,2,200
valid_stop,KILX,2022,3,276
valid_stop,KILX,2022,4,348
valid_stop,KILX,2022,5,405
valid_stop,KILX,2023,1,148
valid_stop,KILX,2023,2,256
valid_stop,KILX,2023,3,330
valid_stop,KILX,2023,4,376
valid_stop,KILX,2023,5,385
valid_stop,KILX,2024,1,61
valid_stop,KILX,2024,2,106
valid_stop,KILX,2024,3,144
valid_stop,KILX,2024,4,172
valid_stop,KILX,2024,5,200
valid_stop,KINX,2013,1,185
valid_stop,KINX,2013,2,316
valid_stop,KINX,2013,3,411
valid_stop,KINX,2013,4,484
valid_stop,KINX,2013,5,545
valid_stop,KINX,2014,1,162
valid_stop,KINX,2014,2,260
valid_stop,KINX,2014,3,312
valid_stop,KINX,2014,4,344
valid_stop,KINX,2014,5,370
valid_stop,KINX,2015,1,286
valid_stop,KINX,2015,2,546
valid_stop,KINX,2015,3,780
valid_stop,KINX,2015,4,1000
valid_stop,KINX,2015,5,1215
valid_stop,KINX,2016,1,93
valid_stop,KINX,2016,2,148
valid_stop,KINX,2016,3,192
valid_stop,KINX,2016,4,232
valid_stop,KINX,2016,5,270
valid_stop,KINX,2017,1,156
valid_stop,KINX,2017,2,280
valid_stop,KINX,2017,3,369
valid_stop,KINX,2017,4,432
valid_stop,KINX,2017,5,490
valid_stop,KINX,2018,1,153
valid_stop,KINX,2018,2,284
valid_stop,KINX,2018,3,378
valid_stop,KINX,2018,4,448
valid_stop,KINX,2018,5,485
valid_stop,KINX,2019,1,214
valid_stop,KINX,2019,2,394
valid_stop,KINX,2019,3,546
valid_stop,KINX,2019,4,672
valid_stop,KINX,2019,5,790
valid_stop,KINX,2020,1,164
valid_stop,KINX,2020,2,284
valid_stop,KINX,2020,3,360
valid_stop,KINX,2020,4,416
valid_stop,KINX,2020,5,465
valid_stop,KINX,2021,1,238
valid_stop,KINX,2021,2,386
valid_stop,KINX,2021,3,486
valid_stop,KINX,2021,4,560
valid_stop,KINX,2021,5,645
valid_stop,KINX,2022,1,126
valid_stop,KINX,2022,2,220
valid_stop,KINX,2022,3,300
valid_stop,KINX,2022,4,360
valid_stop,KINX,2022,5,395
valid_stop,KINX,2023,1,251
valid_stop,KINX,2023,2,450
valid_stop,KINX,2023,3,615
valid_stop,KINX,2023,4,748
valid_stop,KINX,2023,5,865
valid_stop,KINX,2024,1,81
valid_stop,KINX,2024,2,136
valid_stop,KINX,2024,3,177
valid_stop,KINX,2024,4,200
valid_stop,KINX,2024,5,215
valid_stop,KIWA,2013,1,247
valid_stop,KIWA,2013,2,462
valid_stop,KIWA,2013,3,648
valid_stop,KIWA,2013,4,800
valid_stop,KIWA,2013,5,920
valid_stop,KIWA,2014,1,381
valid_stop,KIWA,2014,2,714
valid_stop,KIWA,2014,3,1017
valid_stop,KIWA,2014,4,1316
valid_stop,KIWA,2014,5,1590
valid_stop,KIWA,2015,1,354
valid_stop,KIWA,2015,2,628
valid_stop,KIWA,2015,3,861
valid_stop,KIWA,2015,4,1048
valid_stop,KIWA,2015,5,1210
valid_stop,KIWA,2016,1,200
valid_stop,KIWA,2016,2,356
valid_stop,KIWA,2016,3,492
valid_stop,KIWA,2016,4,616
valid_stop,KIWA,2016,5,730
valid_stop,KIWA,2017,1,176
valid_stop,KIWA,2017,2,340
valid_stop,KIWA,2017,3,492
valid_stop,KIWA,2017,4,628
valid_stop,KIWA,2017,5,745
valid_stop,KIWA,2018,1,105
valid_stop,KIWA,2018,2,164
valid_stop,KIWA,2018,3,210
valid_stop,KIWA,2018,4,248
valid_stop,KIWA,2018,5,265
valid_stop,KIWA,2019,1,243
valid_stop,KIWA,2019,2,440
valid_stop,KIWA,2019,3,615
valid_stop,KIWA,2019,4,760
valid_stop,KIWA,2019,5,880
valid_stop,KIWA,2020,1,223
valid_stop,KIWA,2020,2,366
valid_stop,KIWA,2020,3,480
valid_stop,KIWA,2020,4,572
valid_stop,KIWA,2020,5,660
valid_stop,KIWA,2021,1,261
valid_stop,KIWA,2021,2,488
valid_stop,KIWA,2021,3,690
valid_stop,KIWA,2021,4,856
valid_stop,KIWA,2021,5,1010
valid_stop,KIWA,2022,1,340
valid_stop,KIWA,2022,2,652
valid_stop,KIWA,2022,3,936
valid_stop,KIWA,2022,4,1196
valid_stop,KIWA,2022,5,1380
valid_stop,KIWA,2023,1,368
valid_stop,KIWA,2023,2,704
valid_stop,KIWA,2023,3,1017
valid_stop,KIWA,2023,4,1304
valid_stop,KIWA,2023,5,1570
valid_stop,KIWA,2024,1,221
valid_stop,KIWA,2024,2,416
valid_stop,KIWA,2024,3,588
valid_stop,KIWA,2024,4,736
valid_stop,KIWA,2024,5,850
valid_stop,KIWX,2013,1,116
valid_stop,KIWX,2013,2,200
valid_stop,KIWX,2013,3,258
valid_stop,KIWX,2013,4,288
valid_stop,KIWX,2013,5,280
valid_stop,KIWX,2014,1,180
valid_stop,KIWX,2014,2,282
valid_stop,KIWX,2014,3,324
valid_stop,KIWX,2014,4,344
valid_stop,KIWX,2014,5,380
valid_stop,KIWX,2015,1,18
valid_stop,KIWX,2015,2,30
valid_stop,KIWX,2015,3,39
valid_stop,KIWX,2015,4,44
valid_stop,KIWX,2015,5,50
valid_stop,KIWX,2016,1,70
valid_stop,KIWX,2016,2,122
valid_stop,KIWX,2016,3,162
valid_stop,KIWX,2016,4,184
valid_stop,KIWX,2016,5,195
valid_stop,KIWX,2017,1,196
valid_stop,KIWX,2017,2,328
valid_stop,KIWX,2017,3,435
valid_stop,KIWX,2017,4,528
valid_stop,KIWX,2017,5,605
valid_stop,KIWX,2018,1,60
valid_stop,KIWX,2018,2,78
valid_stop,KIWX,2018,3,87
valid_stop,KIWX,2018,4,96
valid_stop,KIWX,2018,5,105
valid_stop,KIWX,2019,1,82
valid_stop,KIWX,2019,2,128
valid_stop,KIWX,2019,3,171
valid_stop,KIWX,2019,4,200
valid_stop,KIWX,2019,5,195
valid_stop,KIWX,2020,1,148
valid_stop,KIWX,2020,2,224
valid_stop,KIWX,2020,3,249
valid_stop,KIWX,2020,4,248
valid_stop,KIWX,2020,5,240
valid_stop,KIWX,2021,1,48
valid_stop,KIWX,2021,2,60
valid_stop,KIWX,2021,3,63
valid_stop,KIWX,2021,4,68
valid_stop,KIWX,2021,5,65
valid_stop,KIWX,2022,1,57
valid_stop,KIWX,2022,2,86
valid_stop,KIWX,2022,3,108
valid_stop,KIWX,2022,4,128
valid_stop,KIWX,2022,5,145
valid_stop,KIWX,2023,1,149
valid_stop,KIWX,2023,2,256
valid_stop,KIWX,2023,3,324
valid_stop,KIWX,2023,4,356
valid_stop,KIWX,2023,5,370
valid_stop,KIWX,2024,1,70
valid_stop,KIWX,2024,2,138
valid_stop,KIWX,2024,3,198
valid_stop,KIWX,2024,4,248
valid_stop,KIWX,2024,5,280
valid_stop,KJAX,2013,1,317
valid_stop,KJAX,2013,2,556
valid_stop,KJAX,2013,3,723
valid_stop,KJAX,2013,4,820
valid_stop,KJAX,2013,5,880
valid_stop,KJAX,2014,1,330
valid_stop,KJAX,2014,2,536
valid_stop,KJAX,2014,3,654
valid_stop,KJAX,2014,4,744
valid_stop,KJAX,2014,5,830
valid_stop,KJAX,2015,1,228
valid_stop,KJAX,2015,2,344
valid_stop,KJAX,2015,3,420
valid_stop,KJAX,2015,4,476
valid_stop,KJAX,2015,5,495
valid_stop,KJAX,2016,1,153
valid_stop,KJAX,2016,2,240
valid_stop,KJAX,2016,3,297
valid_stop,KJAX,2016,4,340
valid_stop,KJAX,2016,5,360
valid_stop,KJAX,2017,1,203
valid_stop,KJAX,2017,2,336
valid_stop,KJAX,2017,3,411
valid_stop,KJAX,2017,4,432
valid_stop,KJAX,2017,5,405
valid_stop,KJAX,2018,1,190
valid_stop,KJAX,2018,2,314
valid_stop,KJAX,2018,3,417
valid_stop,KJAX,2018,4,504
valid_stop,KJAX,2018,5,585
valid_stop,KJAX,2019,1,142
valid_stop,KJAX,2019,2,216
valid_stop,KJAX,2019,3,261
valid_stop,KJAX,2019,4,292
valid_stop,KJAX,2019,5,305
valid_stop,KJAX,2020,1,137
valid_stop,KJAX,2020,2,202
valid_stop,KJAX,2020,3,210
valid_stop,KJAX,2020,4,212
valid_stop,KJAX,2020,5,210
valid_stop,KJAX,2021,1,74
valid_stop,KJAX,2021,2,114
valid_stop,KJAX,2021,3,135
valid_stop,KJAX,2021,4,140
valid_stop,KJAX,2021,5,145
valid_stop,KJAX,2022,1,214
valid_stop,KJAX,2022,2,334
valid_stop,KJAX,2022,3,390
valid_stop,KJAX,2022,4,416
valid_stop,KJAX,2022,5,430
valid_stop,KJAX,2023,1,156
valid_stop,KJAX,2023,2,236
valid_stop,KJAX,2023,3,228
valid_stop,KJAX,2023,4,212
valid_stop,KJAX,2023,5,205
valid_stop,KJAX,2024,1,211
valid_stop,KJAX,2024,2,354
valid_stop,KJAX,2024,3,462
valid_stop,KJAX,2024,4,480
valid_stop,KJAX,2024,5,435
valid_stop,KJKL,2013,1,156
valid_stop,KJKL,2013,2,270
valid_stop,KJKL,2013,3,354
valid_stop,KJKL,2013,4,420
valid_stop,KJKL,2013,5,455
valid_stop,KJKL,2014,1,101
valid_stop,KJKL,2014,2,150
valid_stop,KJKL,2014,3,162
valid_stop,KJKL,2014,4,160
valid_stop,KJKL,2014,5,165
valid_stop,KJKL,2015,1,141
valid_stop,KJKL,2015,2,242
valid_stop,KJKL,2015,3,303
valid_stop,KJKL,2015,4,352
valid_stop,KJKL,2015,5,380
valid_stop,KJKL,2016,1,149
valid_stop,KJKL,2016,2,264
valid_stop,KJKL,2016,3,354
valid_stop,KJKL,2016,4,440
valid_stop,KJKL,2016,5,525
valid_stop,KJKL,2017,1,149
valid_stop,KJKL,2017,2,228
valid_stop,KJKL,2017,3,252
valid_stop,KJKL,2017,4,228
valid_stop,KJKL,2017,5,200
valid_stop,KJKL,2018,1,290
valid_stop,KJKL,2018,2,492
valid_stop,KJKL,2018,3,621
valid_stop,KJKL,2018,4,684
valid_stop,KJKL,2018,5,695
valid_stop,KJKL,2019,1,103
valid_stop,KJKL,2019,2,180
valid_stop,KJKL,2019,3,237
valid_stop,KJKL,2019,4,272
valid_stop,KJKL,2019,5,295
valid_stop,KJKL,2020,1,147
valid_stop,KJKL,2020,2,238
valid_stop,KJKL,2020,3,270
valid_stop,KJKL,2020,4,264
valid_stop,KJKL,2020,5,230
valid_stop,KJKL,2021,1,157
valid_stop,KJKL,2021,2,272
valid_stop,KJKL,2021,3,363
valid_stop,KJKL,2021,4,444
valid_stop,KJKL,2021,5,525
valid_stop,KJKL,2022,1,123
valid_stop,KJKL,2022,2,234
valid_stop,KJKL,2022,3,333
valid_stop,KJKL,2022,4,420
valid_stop,KJKL,2022,5,485
valid_stop,KJKL,2023,1,139
valid_stop,KJKL,2023,2,248
valid_stop,KJKL,2023,3,315
valid_stop,KJKL,2023,4,344
valid_stop,KJKL,2023,5,335
valid_stop,KJKL,2024,1,91
valid_stop,KJKL,2024,2,144
valid_stop,KJKL,2024,3,150
valid_stop,KJKL,2024,4,144
valid_stop,KJKL,2024,5,145
valid_stop,KLBB,2013,1,88
valid_stop,KLBB,2013,2,156
valid_stop,KLBB,2013,3,207
valid_stop,KLBB,2013,4,244
valid_stop,KLBB,2013,5,290
valid_stop,KLBB,2014,1,74
valid_stop,KLBB,2014,2,126
valid_stop,KLBB,2014,3,174
valid_stop,KLBB,2014,4,212
valid_stop,KLBB,2014,5,235
valid_stop,KLBB,2015,1,68
valid_stop,KLBB,2015,2,96
valid_stop,KLBB,2015,3,126
valid_stop,KLBB,2015,4,140
valid_stop,KLBB,2015,5,140
valid_stop,KLBB,2016,1,55
valid_stop,KLBB,2016,2,86
valid_stop,KLBB,2016,3,108
valid_stop,KLBB,2016,4,112
valid_stop,KLBB,2016,5,105
valid_stop,KLBB,2017,1,146
valid_stop,KLBB,2017,2,212
valid_stop,KLBB,2017,3,270
valid_stop,KLBB,2017,4,320
valid_stop,KLBB,2017,5,355
valid_stop,KLBB,2018,1,75
valid_stop,KLBB,2018,2,106
valid_stop,KLBB,2018,3,120
valid_stop,KLBB,2018,4,132
valid_stop,KLBB,2018,5,135
valid_stop,KLBB,2019,1,83
valid_stop,KLBB,2019,2,106
valid_stop,KLBB,2019,3,108
valid_stop,KLBB,2019,4,92
valid_stop,KLBB,2019,5,75
valid_stop,KLBB,2020,1,152
valid_stop,KLBB,2020,2,228
valid_stop,KLBB,2020,3,261
valid_stop,KLBB,2020,4,288
valid_stop,KLBB,2020,5,310
valid_stop,KLBB,2021,1,136
valid_stop,KLBB,2021,2,196
valid_stop,KLBB,2021,3,195
valid_stop,KLBB,2021,4,152
valid_stop,KLBB,2021,5,125
valid_stop,KLBB,2022,1,55
valid_stop,KLBB,2022,2,70
valid_stop,KLBB,2022,3,66
valid_stop,KLBB,2022,4,44
valid_stop,KLBB,2022,5,15
valid_stop,KLBB,2023,1,173
valid_stop,KLBB,2023,2,270
valid_stop,KLBB,2023,3,315
valid_stop,KLBB,2023,4,316
valid_stop,KLBB,2023,5,335
valid_stop,KLBB,2024,1,97
valid_stop,KLBB,2024,2,164
valid_stop,KLBB,2024,3,207
valid_stop,KLBB,2024,4,244
valid_stop,KLBB,2024,5,275
valid_stop,KLCH,2013,1,229
valid_stop,KLCH,2013,2,378
valid_stop,KLCH,2013,3,480
valid_stop,KLCH,2013,4,556
valid_stop,KLCH,2013,5,610
valid_stop,KLCH,2014,1,120
valid_stop,KLCH,2014,2,186
valid_stop,KLCH,2014,3,228
valid_stop,KLCH,2014,4,244
valid_stop,KLCH,2014,5,255
valid_stop,KLCH,2015,1,202
valid_stop,KLCH,2015,2,326
valid_stop,KLCH,2015,3,390
valid_stop,KLCH,2015,4,424
valid_stop,KLCH,2015,5,470
valid_stop,KLCH,2016,1,202
valid_stop,KLCH,2016,2,340
valid_stop,KLCH,2016,3,441
valid_stop,KLCH,2016,4,516
valid_stop,KLCH,2016,5,565
valid_stop,KLCH,2017,1,333
valid_stop,KLCH,2017,2,500
valid_stop,KLCH,2017,3,594
valid_stop,KLCH,2017,4,688
valid_stop,KLCH,2017,5,775
valid_stop,KLCH,2018,1,213
valid_stop,KLCH,2018,2,344
valid_stop,KLCH,2018,3,426
valid_stop,KLCH,2018,4,512
valid_stop,KLCH,2018,5,615
valid_stop,KLCH,2019,1,192
valid_stop,KLCH,2019,2,330
valid_stop,KLCH,2019,3,435
valid_stop,KLCH,2019,4,504
valid_stop,KLCH,2019,5,565
valid_stop,KLCH,2020,1,75
valid_stop,KLCH,2020,2,124
valid_stop,KLCH,2020,3,156
valid_stop,KLCH,2020,4,188
valid_stop,KLCH,2020,5,220
valid_stop,KLCH,2021,1,86
valid_stop,KLCH,2021,2,128
valid_stop,KLCH,2021,3,147
valid_stop,KLCH,2021,4,164
valid_stop,KLCH,2021,5,185
valid_stop,KLCH,2022,1,182
valid_stop,KLCH,2022,2,306
valid_stop,KLCH,2022,3,387
valid_stop,KLCH,2022,4,452
valid_stop,KLCH,2022,5,515
valid_stop,KLCH,2023,1,106
valid_stop,KLCH,2023,2,168
valid_stop,KLCH,2023,3,189
valid_stop,KLCH,2023,4,188
valid_stop,KLCH,2023,5,205
valid_stop,KLCH,2024,1,212
valid_stop,KLCH,2024,2,370
valid_stop,KLCH,2024,3,501
valid_stop,KLCH,2024,4,608
valid_stop,KLCH,2024,5,700
valid_stop,KLGX,2013,1,48
valid_stop,KLGX,2013,2,92
valid_stop,KLGX,2013,3,129
valid_stop,KLGX,2013,4,156
valid_stop,KLGX,2013,5,170
valid_stop,KLGX,2014,1,54
valid_stop,KLGX,2014,2,100
valid_stop,KLGX,2014,3,147
valid_stop,KLGX,2014,4,192
valid_stop,KLGX,2014,5,240
valid_stop,KLGX,2015,1,52
valid_stop,KLGX,2015,2,96
valid_stop,KLGX,2015,3,135
valid_stop,KLGX,2015,4,168
valid_stop,KLGX,2015,5,200
valid_stop,KLGX,2016,1,144
valid_stop,KLGX,2016,2,264
valid_stop,KLGX,2016,3,366
valid_stop,KLGX,2016,4,448
valid_stop,KLGX,2016,5,535
valid_stop,KLGX,2017,1,40
valid_stop,KLGX,2017,2,68
valid_stop,KLGX,2017,3,99
valid_stop,KLGX,2017,4,132
valid_stop,KLGX,2017,5,160
valid_stop,KLGX,2018,1,86
valid_stop,KLGX,2018,2,164
valid_stop,KLGX,2018,3,240
valid_stop,KLGX,2018,4,316
valid_stop,KLGX,2018,5,390
valid_stop,KLGX,2019,1,34
valid_stop,KLGX,2019,2,36
valid_stop,KLGX,2019,3,27
valid_stop,KLGX,2019,4,36
valid_stop,KLGX,2019,5,45
valid_stop,KLGX,2020,1,132
valid_stop,KLGX,2020,2,202
valid_stop,KLGX,2020,3,243
valid_stop,KLGX,2020,4,272
valid_stop,KLGX,2020,5,310
valid_stop,KLGX,2021,1,86
valid_stop,KLGX,2021,2,148
valid_stop,KLGX,2021,3,201
valid_stop,KLGX,2021,4,248
valid_stop,KLGX,2021,5,290
valid_stop,KLGX,2023,1,85
valid_stop,KLGX,2023,2,144
valid_stop,KLGX,2023,3,180
valid_stop,KLGX,2023,4,216
valid_stop,KLGX,2023,5,250
valid_stop,KLGX,2024,1,54
valid_stop,KLGX,2024,2,96
valid_stop,KLGX,2024,3,141
valid_stop,KLGX,2024,4,176
valid_stop,KLGX,2024,5,195
valid_stop,KLIX,2013,1,74
valid_stop,KLIX,2013,2,114
valid_stop,KLIX,2013,3,135
valid_stop,KLIX,2013,4,132
valid_stop,KLIX,2013,5,120
valid_stop,KLIX,2014,1,77
valid_stop,KLIX,2014,2,128
valid_stop,KLIX,2014,3,153
valid_stop,KLIX,2014,4,168
valid_stop,KLIX,2014,5,165
valid_stop,KLIX,2015,1,31
valid_stop,KLIX,2015,2,26
valid_stop,KLIX,2015,3,12
valid_stop,KLIX,2015,4,8
valid_stop,KLIX,2016,1,162
valid_stop,KLIX,2016,2,240
valid_stop,KLIX,2016,3,270
valid_stop,KLIX,2016,4,272
valid_stop,KLIX,2016,5,255
valid_stop,KLIX,2017,1,64
valid_stop,KLIX,2017,2,90
valid_stop,KLIX,2017,3,111
valid_stop,KLIX,2017,4,128
valid_stop,KLIX,2017,5,155
valid_stop,KLIX,2018,1,67
valid_stop,KLIX,2018,2,100
valid_stop,KLIX,2018,3,123
valid_stop,KLIX,2018,4,136
valid_stop,KLIX,2018,5,145
valid_stop,KLIX,2019,1,234
valid_stop,KLIX,2019,2,380
valid_stop,KLIX,2019,3,483
valid_stop,KLIX,2019,4,560
valid_stop,KLIX,2019,5,590
valid_stop,KLIX,2020,1,136
valid_stop,KLIX,2020,2,194
valid_stop,KLIX,2020,3,186
valid_stop,KLIX,2020,4,180
valid_stop,KLIX,2020,5,170
valid_stop,KLIX,2021,1,174
valid_stop,KLIX,2021,2,270
valid_stop,KLIX,2021,3,306
valid_stop,KLIX,2021,4,316
valid_stop,KLIX,2021,5,335
valid_stop,KLIX,2022,1,221
valid_stop,KLIX,2022,2,364
valid_stop,KLIX,2022,3,441
valid_stop,KLIX,2022,4,492
valid_stop,KLIX,2022,5,530
valid_stop,KLIX,2023,1,67
valid_stop,KLIX,2023,2,114
valid_stop,KLIX,2023,3,129
valid_stop,KLIX,2023,4,116
valid_stop,KLIX,2023,5,115
valid_stop,KLNX,2013,1,112
valid_stop,KLNX,2013,2,194
valid_stop,KLNX,2013,3,246
valid_stop,KLNX,2013,4,292
valid_stop,KLNX,2013,5,330
valid_stop,KLNX,2014,1,136
valid_stop,KLNX,2014,2,236
valid_stop,KLNX,2014,3,318
valid_stop,KLNX,2014,4,388
valid_stop,KLNX,2014,5,440
valid_stop,KLNX,2015,1,106
valid_stop,KLNX,2015,2,184
valid_stop,KLNX,2015,3,264
valid_stop,KLNX,2015,4,340
valid_stop,KLNX,2015,5,410
valid_stop,KLNX,2016,1,180
valid_stop,KLNX,2016,2,316
valid_stop,KLNX,2016,3,420
valid_stop,KLNX,2016,4,500
valid_stop,KLNX,2016,5,560
valid_stop,KLNX,2017,1,30
valid_stop,KLNX,2017,2,52
valid_stop,KLNX,2017,3,66
valid_stop,KLNX,2017,4,80
valid_stop,KLNX,2017,5,90
valid_stop,KLNX,2018,1,128
valid_stop,KLNX,2018,2,216
valid_stop,KLNX,2018,3,267
valid_stop,KLNX,2018,4,300
valid_stop,KLNX,2018,5,345
valid_stop,KLNX,2019,1,52
valid_stop,KLNX,2019,2,54
valid_stop,KLNX,2019,3,51
valid_stop,KLNX,2019,4,60
valid_stop,KLNX,2019,5,70
valid_stop,KLNX,2020,1,121
valid_stop,KLNX,2020,2,192
valid_stop,KLNX,2020,3,261
valid_stop,KLNX,2020,4,328
valid_stop,KLNX,2020,5,360
valid_stop,KLNX,2021,1,9
valid_stop,KLNX,2021,2,14
valid_stop,KLNX,2021,3,18
valid_stop,KLNX,2021,4,16
valid_stop,KLNX,2021,5,10
valid_stop,KLNX,2022,1,73
valid_stop,KLNX,2022,2,116
valid_stop,KLNX,2022,3,150
valid_stop,KLNX,2022,4,172
valid_stop,KLNX,2022,5,185
valid_stop,KLNX,2023,1,86
valid_stop,KLNX,2023,2,142
valid_stop,KLNX,2023,3,174
valid_stop,KLNX,2023,4,192
valid_stop,KLNX,2023,5,205
valid_stop,KLNX,2024,1,46
valid_stop,KLNX,2024,2,86
valid_stop,KLNX,2024,3,117
valid_stop,KLNX,2024,4,132
valid_stop,KLNX,2024,5,140
valid_stop,KLOT,2013,1,239
valid_stop,KLOT,2013,2,426
valid_stop,KLOT,2013,3,585
valid_stop,KLOT,2013,4,716
valid_stop,KLOT,2013,5,825
valid_stop,KLOT,2014,1,140
valid_stop,KLOT,2014,2,254
valid_stop,KLOT,2014,3,363
valid_stop,KLOT,2014,4,460
valid_stop,KLOT,2014,5,550
valid_stop,KLOT,2015,1,98
valid_stop,KLOT,2015,2,160
valid_stop,KLOT,2015,3,189
valid_stop,KLOT,2015,4,196
valid_stop,KLOT,2015,5,190
valid_stop,KLOT,2016,1,90
valid_stop,KLOT,2016,2,158
valid_stop,KLOT,2016,3,204
valid_stop,KLOT,2016,4,228
valid_stop,KLOT,2016,5,215
valid_stop,KLOT,2017,1,85
valid_stop,KLOT,2017,2,162
valid_stop,KLOT,2017,3,234
valid_stop,KLOT,2017,4,288
valid_stop,KLOT,2017,5,320
valid_stop,KLOT,2018,1,61
valid_stop,KLOT,2018,2,96
valid_stop,KLOT,2018,3,123
valid_stop,KLOT,2018,4,140
valid_stop,KLOT,2018,5,170
valid_stop,KLOT,2019,1,181
valid_stop,KLOT,2019,2,282
valid_stop,KLOT,2019,3,339
valid_stop,KLOT,2019,4,364
valid_stop,KLOT,2019,5,375
valid_stop,KLOT,2020,1,131
valid_stop,KLOT,2020,2,220
valid_stop,KLOT,2020,3,276
valid_stop,KLOT,2020,4,320
valid_stop,KLOT,2020,5,350
valid_stop,KLOT,2021,1,124
valid_stop,KLOT,2021,2,202
valid_stop,KLOT,2021,3,267
valid_stop,KLOT,2021,4,312
valid_stop,KLOT,2021,5,320
valid_stop,KLOT,2022,1,121
valid_stop,KLOT,2022,2,206
valid_stop,KLOT,2022,3,252
valid_stop,KLOT,2022,4,292
valid_stop,KLOT,2022,5,295
valid_stop,KLOT,2023,1,194
valid_stop,KLOT,2023,2,330
valid_stop,KLOT,2023,3,417
valid_stop,KLOT,2023,4,468
valid_stop,KLOT,2023,5,490
valid_stop,KLOT,2024,1,135
valid_stop,KLOT,2024,2,206
valid_stop,KLOT,2024,3,237
valid_stop,KLOT,2024,4,248
valid_stop,KLOT,2024,5,245
valid_stop,KLRX,2014,1,17
valid_stop,KLRX,2014,2,16
valid_stop,KLRX,2014,3,6
valid_stop,KLRX,2017,1,7
valid_stop,KLRX,2017,2,10
valid_stop,KLRX,2017,3,6
valid_stop,KLRX,2017,4,4
valid_stop,KLRX,2018,1,3
valid_stop,KLRX,2020,1,6
valid_stop,KLRX,2020,2,4
valid_stop,KLRX,2023,1,7
valid_stop,KLRX,2023,2,4
valid_stop,KLSX,2013,1,272
valid_stop,KLSX,2013,2,482
valid_stop,KLSX,2013,3,630
valid_stop,KLSX,2013,4,732
valid_stop,KLSX,2013,5,810
valid_stop,KLSX,2014,1,198
valid_stop,KLSX,2014,2,358
valid_stop,KLSX,2014,3,489
valid_stop,KLSX,2014,4,596
valid_stop,KLSX,2014,5,690
valid_stop,KLSX,2015,1,187
valid_stop,KLSX,2015,2,308
valid_stop,KLSX,2015,3,399
valid_stop,KLSX,2015,4,468
valid_stop,KLSX,2015,5,510
valid_stop,KLSX,2016,1,121
valid_stop,KLSX,2016,2,170
valid_stop,KLSX,2016,3,174
valid_stop,KLSX,2016,4,172
valid_stop,KLSX,2016,5,165
valid_stop,KLSX,2017,1,73
valid_stop,KLSX,2017,2,124
valid_stop,KLSX,2017,3,162
valid_stop,KLSX,2017,4,204
valid_stop,KLSX,2017,5,240
valid_stop,KLSX,2018,1,164
valid_stop,KLSX,2018,2,312
valid_stop,KLSX,2018,3,450
valid_stop,KLSX,2018,4,588
valid_stop,KLSX,2018,5,695
valid_stop,KLSX,2019,1,269
valid_stop,KLSX,2019,2,470
valid_stop,KLSX,2019,3,636
valid_stop,KLSX,2019,4,776
valid_stop,KLSX,2019,5,885
valid_stop,KLSX,2020,1,131
valid_stop,KLSX,2020,2,224
valid_stop,KLSX,2020,3,303
valid_stop,KLSX,2020,4,388
valid_stop,KLSX,2020,5,455
valid_stop,KLSX,2021,1,66
valid_stop,KLSX,2021,2,108
valid_stop,KLSX,2021,3,129
valid_stop,KLSX,2021,4,132
valid_stop,KLSX,2021,5,140
valid_stop,KLSX,2022,1,195
valid_stop,KLSX,2022,2,360
valid_stop,KLSX,2022,3,507
valid_stop,KLSX,2022,4,648
valid_stop,KLSX,2022,5,780
valid_stop,KLSX,2023,1,132
valid_stop,KLSX,2023,2,256
valid_stop,KLSX,2023,3,381
valid_stop,KLSX,2023,4,484
valid_stop,KLSX,2023,5,580
valid_stop,KLSX,2024,1,226
valid_stop,KLSX,2024,2,418
valid_stop,KLSX,2024,3,579
valid_stop,KLSX,2024,4,716
valid_stop,KLSX,2024,5,780
valid_stop,KLTX,2013,1,136
valid_stop,KLTX,2013,2,234
valid_stop,KLTX,2013,3,321
valid_stop,KLTX,2013,4,392
valid_stop,KLTX,2013,5,460
valid_stop,KLTX,2014,1,135
valid_stop,KLTX,2014,2,170
valid_stop,KLTX,2014,3,189
valid_stop,KLTX,2014,4,188
valid_stop,KLTX,2014,5,180
valid_stop,KLTX,2015,1,85
valid_stop,KLTX,2015,2,132
valid_stop,KLTX,2015,3,153
valid_stop,KLTX,2015,4,160
valid_stop,KLTX,2015,5,170
valid_stop,KLTX,2016,1,70
valid_stop,KLTX,2016,2,108
valid_stop,KLTX,2016,3,120
valid_stop,KLTX,2016,4,100
valid_stop,KLTX,2016,5,65
valid_stop,KLTX,2017,1,161
valid_stop,KLTX,2017,2,280
valid_stop,KLTX,2017,3,366
valid_stop,KLTX,2017,4,444
valid_stop,KLTX,2017,5,520
valid_stop,KLTX,2018,1,81
valid_stop,KLTX,2018,2,142
valid_stop,KLTX,2018,3,198
valid_stop,KLTX,2018,4,248
valid_stop,KLTX,2018,5,295
valid_stop,KLTX,2019,1,96
valid_stop,KLTX,2019,2,152
valid_stop,KLTX,2019,3,177
valid_stop,KLTX,2019,4,168
valid_stop,KLTX,2019,5,120
valid_stop,KLTX,2020,1,98
valid_stop,KLTX,2020,2,148
valid_stop,KLTX,2020,3,174
valid_stop,KLTX,2020,4,172
valid_stop,KLTX,2020,5,175
valid_stop,KLTX,2021,1,72
valid_stop,KLTX,2021,2,106
valid_stop,KLTX,2021,3,117
valid_stop,KLTX,2021,4,112
valid_stop,KLTX,2021,5,120
valid_stop,KLTX,2022,1,32
valid_stop,KLTX,2022,2,50
valid_stop,KLTX,2022,3,57
valid_stop,KLTX,2022,4,60
valid_stop,KLTX,2022,5,55
valid_stop,KLTX,2023,1,154
valid_stop,KLTX,2023,2,218
valid_stop,KLTX,2023,3,234
valid_stop,KLTX,2023,4,224
valid_stop,KLTX,2023,5,215
valid_stop,KLTX,2024,1,76
valid_stop,KLTX,2024,2,66
valid_stop,KLTX,2024,3,42
valid_stop,KLTX,2024,4,32
valid_stop,KLTX,2024,5,25
valid_stop,KLVX,2013,1,235
valid_stop,KLVX,2013,2,402
valid_stop,KLVX,2013,3,528
valid_stop,KLVX,2013,4,644
valid_stop,KLVX,2013,5,750
valid_stop,KLVX,2014,1,166
valid_stop,KLVX,2014,2,294
valid_stop,KLVX,2014,3,405
valid_stop,KLVX,2014,4,488
valid_stop,KLVX,2014,5,550
valid_stop,KLVX,2015,1,127
valid_stop,KLVX,2015,2,220
valid_stop,KLVX,2015,3,312
valid_stop,KLVX,2015,4,388
valid_stop,KLVX,2015,5,450
valid_stop,KLVX,2016,1,64
valid_stop,KLVX,2016,2,100
valid_stop,KLVX,2016,3,123
valid_stop,KLVX,2016,4,128
valid_stop,KLVX,2016,5,130
valid_stop,KLVX,2017,1,274
valid_stop,KLVX,2017,2,496
valid_stop,KLVX,2017,3,675
valid_stop,KLVX,2017,4,824
valid_stop,KLVX,2017,5,960
valid_stop,KLVX,2018,1,157
valid_stop,KLVX,2018,2,288
valid_stop,KLVX,2018,3,396
valid_stop,KLVX,2018,4,480
valid_stop,KLVX,2018,5,545
valid_stop,KLVX,2019,1,240
valid_stop,KLVX,2019,2,432
valid_stop,KLVX,2019,3,564
valid_stop,KLVX,2019,4,628
valid_stop,KLVX,2019,5,640
valid_stop,KLVX,2020,1,144
valid_stop,KLVX,2020,2,232
valid_stop,KLVX,2020,3,276
valid_stop,KLVX,2020,4,296
valid_stop,KLVX,2020,5,305
valid_stop,KLVX,2021,1,133
valid_stop,KLVX,2021,2,232
valid_stop,KLVX,2021,3,309
valid_stop,KLVX,2021,4,368
valid_stop,KLVX,2021,5,425
valid_stop,KLVX,2022,1,87
valid_stop,KLVX,2022,2,152
valid_stop,KLVX,2022,3,204
valid_stop,KLVX,2022,4,240
valid_stop,KLVX,2022,5,265
valid_stop,KLVX,2023,1,241
valid_stop,KLVX,2023,2,418
valid_stop,KLVX,2023,3,537
valid_stop,KLVX,2023,4,620
valid_stop,KLVX,2023,5,700
valid_stop,KLVX,2024,1,175
valid_stop,KLVX,2024,2,314
valid_stop,KLVX,2024,3,429
valid_stop,KLVX,2024,4,500
valid_stop,KLVX,2024,5,535
valid_stop,KLWX,2013,1,196
valid_stop,KLWX,2013,2,340
valid_stop,KLWX,2013,3,465
valid_stop,KLWX,2013,4,560
valid_stop,KLWX,2013,5,620
valid_stop,KLWX,2014,1,174
valid_stop,KLWX,2014,2,326
valid_stop,KLWX,2014,3,453
valid_stop,KLWX,2014,4,544
valid_stop,KLWX,2014,5,580
valid_stop,KLWX,2015,1,154
valid_stop,KLWX,2015,2,264
valid_stop,KLWX,2015,3,330
valid_stop,KLWX,2015,4,364
valid_stop,KLWX,2015,5,385
valid_stop,KLWX,2016,1,71
valid_stop,KLWX,2016,2,122
valid_stop,KLWX,2016,3,147
valid_stop,KLWX,2016,4,140
valid_stop,KLWX,2016,5,120
valid_stop,KLWX,2017,1,175
valid_stop,KLWX,2017,2,286
valid_stop,KLWX,2017,3,357
valid_stop,KLWX,2017,4,404
valid_stop,KLWX,2017,5,445
valid_stop,KLWX,2018,1,145
valid_stop,KLWX,2018,2,258
valid_stop,KLWX,2018,3,360
valid_stop,KLWX,2018,4,440
valid_stop,KLWX,2018,5,495
valid_stop,KLWX,2019,1,252
valid_stop,KLWX,2019,2,418
valid_stop,KLWX,2019,3,522
valid_stop,KLWX,2019,4,588
valid_stop,KLWX,2019,5,620
valid_stop,KLWX,2020,1,159
valid_stop,KLWX,2020,2,282
valid_stop,KLWX,2020,3,399
valid_stop,KLWX,2020,4,496
valid_stop,KLWX,2020,5,575
valid_stop,KLWX,2021,1,117
valid_stop,KLWX,2021,2,214
valid_stop,KLWX,2021,3,303
valid_stop,KLWX,2021,4,392
valid_stop,KLWX,2021,5,465
valid_stop,KLWX,2022,1,159
valid_stop,KLWX,2022,2,296
valid_stop,KLWX,2022,3,420
valid_stop,KLWX,2022,4,524
valid_stop,KLWX,2022,5,595
valid_stop,KLWX,2023,1,223
valid_stop,KLWX,2023,2,404
valid_stop,KLWX,2023,3,561
valid_stop,KLWX,2023,4,684
valid_stop,KLWX,2023,5,760
valid_stop,KLWX,2024,1,151
valid_stop,KLWX,2024,2,276
valid_stop,KLWX,2024,3,390
valid_stop,KLWX,2024,4,484
valid_stop,KLWX,2024,5,550
valid_stop,KLZK,2013,1,273
valid_stop,KLZK,2013,2,494
valid_stop,KLZK,2013,3,678
valid_stop,KLZK,2013,4,836
valid_stop,KLZK,2013,5,980
valid_stop,KLZK,2014,1,213
valid_stop,KLZK,2014,2,374
valid_stop,KLZK,2014,3,495
valid_stop,KLZK,2014,4,568
valid_stop,KLZK,2014,5,630
valid_stop,KLZK,2015,1,195
valid_stop,KLZK,2015,2,328
valid_stop,KLZK,2015,3,432
valid_stop,KLZK,2015,4,520
valid_stop,KLZK,2015,5,590
valid_stop,KLZK,2016,1,195
valid_stop,KLZK,2016,2,330
valid_stop,KLZK,2016,3,432
valid_stop,KLZK,2016,4,516
valid_stop,KLZK,2016,5,580
valid_stop,KLZK,2017,1,303
valid_stop,KLZK,2017,2,546
valid_stop,KLZK,2017,3,705
valid_stop,KLZK,2017,4,824
valid_stop,KLZK,2017,5,865
valid_stop,KLZK,2018,1,65
valid_stop,KLZK,2018,2,114
valid_stop,KLZK,2018,3,153
valid_stop,KLZK,2018,4,188
valid_stop,KLZK,2018,5,215
valid_stop,KLZK,2019,1,267
valid_stop,KLZK,2019,2,466
valid_stop,KLZK,2019,3,606
valid_stop,KLZK,2019,4,684
valid_stop,KLZK,2019,5,740
valid_stop,KLZK,2020,1,329
valid_stop,KLZK,2020,2,594
valid_stop,KLZK,2020,3,828
valid_stop,KLZK,2020,4,1048
valid_stop,KLZK,2020,5,1250
valid_stop,KLZK,2021,1,123
valid_stop,KLZK,2021,2,190
valid_stop,KLZK,2021,3,249
valid_stop,KLZK,2021,4,300
valid_stop,KLZK,2021,5,335
valid_stop,KLZK,2022,1,256
valid_stop,KLZK,2022,2,444
valid_stop,KLZK,2022,3,573
valid_stop,KLZK,2022,4,660
valid_stop,KLZK,2022,5,735
valid_stop,KLZK,2023,1,174
valid_stop,KLZK,2023,2,300
valid_stop,KLZK,2023,3,402
valid_stop,KLZK,2023,4,488
valid_stop,KLZK,2023,5,525
valid_stop,KLZK,2024,1,235
valid_stop,KLZK,2024,2,410
valid_stop,KLZK,2024,3,537
valid_stop,KLZK,2024,4,604
valid_stop,KLZK,2024,5,635
valid_stop,KMAF,2013,1,122
valid_stop,KMAF,2013,2,206
valid_stop,KMAF,2013,3,267
valid_stop,KMAF,2013,4,300
valid_stop,KMAF,2013,5,305
valid_stop,KMAF,2014,1,105
valid_stop,KMAF,2014,2,148
valid_stop,KMAF,2014,3,162
valid_stop,KMAF,2014,4,168
valid_stop,KMAF,2014,5,195
valid_stop,KMAF,2015,1,109
valid_stop,KMAF,2015,2,160
valid_stop,KMAF,2015,3,186
valid_stop,KMAF,2015,4,212
valid_stop,KMAF,2015,5,235
valid_stop,KMAF,2016,1,95
valid_stop,KMAF,2016,2,150
valid_stop,KMAF,2016,3,189
valid_stop,KMAF,2016,4,216
valid_stop,KMAF,2016,5,200
valid_stop,KMAF,2017,1,73
valid_stop,KMAF,2017,2,100
valid_stop,KMAF,2017,3,111
valid_stop,KMAF,2017,4,124
valid_stop,KMAF,2017,5,140
valid_stop,KMAF,2018,1,87
valid_stop,KMAF,2018,2,120
valid_stop,KMAF,2018,3,153
valid_stop,KMAF,2018,4,180
valid_stop,KMAF,2018,5,205
valid_stop,KMAF,2019,1,57
valid_stop,KMAF,2019,2,76
valid_stop,KMAF,2019,3,81
valid_stop,KMAF,2019,4,80
valid_stop,KMAF,2019,5,70
valid_stop,KMAF,2020,1,132
valid_stop,KMAF,2020,2,190
valid_stop,KMAF,2020,3,222
valid_stop,KMAF,2020,4,252
valid_stop,KMAF,2020,5,275
valid_stop,KMAF,2021,1,83
valid_stop,KMAF,2021,2,122
valid_stop,KMAF,2021,3,126
valid_stop,KMAF,2021,4,100
valid_stop,KMAF,2021,5,55
valid_stop,KMAF,2022,1,15
valid_stop,KMAF,2022,2,24
valid_stop,KMAF,2022,3,36
valid_stop,KMAF,2022,4,48
valid_stop,KMAF,2022,5,55
valid_stop,KMAF,2023,1,66
valid_stop,KMAF,2023,2,114
valid_stop,KMAF,2023,3,144
valid_stop,KMAF,2023,4,144
valid_stop,KMAF,2023,5,135
valid_stop,KMAF,2024,1,82
valid_stop,KMAF,2024,2,130
valid_stop,KMAF,2024,3,156
valid_stop,KMAF,2024,4,180
valid_stop,KMAF,2024,5,200
valid_stop,KMAX,2013,1,1
valid_stop,KMAX,2014,1,20
valid_stop,KMAX,2014,2,34
valid_stop,KMAX,2014,3,39
valid_stop,KMAX,2014,4,28
valid_stop,KMAX,2014,5,15
valid_stop,KMAX,2015,1,22
valid_stop,KMAX,2015,2,20
valid_stop,KMAX,2015,3,15
valid_stop,KMAX,2015,4,4
valid_stop,KMAX,2016,1,20
valid_stop,KMAX,2016,2,26
valid_stop,KMAX,2016,3,21
valid_stop,KMAX,2016,4,8
valid_stop,KMAX,2017,1,74
valid_stop,KMAX,2017,2,92
valid_stop,KMAX,2017,3,69
valid_stop,KMAX,2017,4,40
valid_stop,KMAX,2017,5,10
valid_stop,KMAX,2018,1,19
valid_stop,KMAX,2018,2,20
valid_stop,KMAX,2018,3,12
valid_stop,KMAX,2019,1,25
valid_stop,KMAX,2019,2,46
valid_stop,KMAX,2019,3,63
valid_stop,KMAX,2019,4,68
valid_stop,KMAX,2019,5,50
valid_stop,KMAX,2021,1,52
valid_stop,KMAX,2021,2,84
valid_stop,KMAX,2021,3,102
valid_stop,KMAX,2021,4,96
valid_stop,KMAX,2021,5,60
valid_stop,KMAX,2023,1,37
valid_stop,KMAX,2023,2,42
valid_stop,KMAX,2023,3,39
valid_stop,KMAX,2023,4,20
valid_stop,KMAX,2023,5,10
valid_stop,KMAX,2024,1,74
valid_stop,KMAX,2024,2,118
valid_stop,KMAX,2024,3,126
valid_stop,KMAX,2024,4,92
valid_stop,KMAX,2024,5,40
valid_stop,KMBX,2013,1,47
valid_stop,KMBX,2013,2,72
valid_stop,KMBX,2013,3,81
valid_stop,KMBX,2013,4,88
valid_stop,KMBX,2013,5,95
valid_stop,KMBX,2014,1,54
valid_stop,KMBX,2014,2,94
valid_stop,KMBX,2014,3,123
valid_stop,KMBX,2014,4,144
valid_stop,KMBX,2014,5,145
valid_stop,KMBX,2015,1,70
valid_stop,KMBX,2015,2,118
valid_stop,KMBX,2015,3,141
valid_stop,KMBX,2015,4,156
valid_stop,KMBX,2015,5,160
valid_stop,KMBX,2016,1,82
valid_stop,KMBX,2016,2,114
valid_stop,KMBX,2016,3,114
valid_stop,KMBX,2016,4,128
valid_stop,KMBX,2016,5,110
valid_stop,KMBX,2017,1,24
valid_stop,KMBX,2017,2,30
valid_stop,KMBX,2017,3,27
valid_stop,KMBX,2017,4,24
valid_stop,KMBX,2017,5,30
valid_stop,KMBX,2018,1,80
valid_stop,KMBX,2018,2,134
valid_stop,KMBX,2018,3,171
valid_stop,KMBX,2018,4,192
valid_stop,KMBX,2018,5,205
valid_stop,KMBX,2019,1,27
valid_stop,KMBX,2019,2,40
valid_stop,KMBX,2019,3,54
valid_stop,KMBX,2019,4,72
valid_stop,KMBX,2019,5,90
valid_stop,KMBX,2020,1,2
valid_stop,KMBX,2021,1,86
valid_stop,KMBX,2021,2,138
valid_stop,KMBX,2021,3,168
valid_stop,KMBX,2021,4,188
valid_stop,KMBX,2021,5,200
valid_stop,KMBX,2022,1,35
valid_stop,KMBX,2022,2,60
valid_stop,KMBX,2022,3,90
valid_stop,KMBX,2022,4,120
valid_stop,KMBX,2022,5,135
valid_stop,KMBX,2023,1,45
valid_stop,KMBX,2023,2,80
valid_stop,KMBX,2023,3,105
valid_stop,KMBX,2023,4,124
valid_stop,KMBX,2023,5,125
valid_stop,KMBX,2024,1,79
valid_stop,KMBX,2024,2,142
valid_stop,KMBX,2024,3,204
valid_stop,KMBX,2024,4,260
valid_stop,KMBX,2024,5,310
valid_stop,KMHX,2013,1,27
valid_stop,KMHX,2013,2,38
valid_stop,KMHX,2013,3,36
valid_stop,KMHX,2013,4,28
valid_stop,KMHX,2013,5,20
valid_stop,KMHX,2014,1,143
valid_stop,KMHX,2014,2,248
valid_stop,KMHX,2014,3,327
valid_stop,KMHX,2014,4,384
valid_stop,KMHX,2014,5,430
valid_stop,KMHX,2015,1,104
valid_stop,KMHX,2015,2,146
valid_stop,KMHX,2015,3,153
valid_stop,KMHX,2015,4,140
valid_stop,KMHX,2015,5,140
valid_stop,KMHX,2016,1,62
valid_stop,KMHX,2016,2,78
valid_stop,KMHX,2016,3,81
valid_stop,KMHX,2016,4,68
valid_stop,KMHX,2016,5,60
valid_stop,KMHX,2017,1,139
valid_stop,KMHX,2017,2,196
valid_stop,KMHX,2017,3,192
valid_stop,KMHX,2017,4,152
valid_stop,KMHX,2017,5,155
valid_stop,KMHX,2018,1,50
valid_stop,KMHX,2018,2,52
valid_stop,KMHX,2018,3,42
valid_stop,KMHX,2018,4,32
valid_stop,KMHX,2018,5,30
valid_stop,KMHX,2019,1,45
valid_stop,KMHX,2019,2,52
valid_stop,KMHX,2019,3,45
valid_stop,KMHX,2019,4,28
valid_stop,KMHX,2019,5,15
valid_stop,KMHX,2020,1,157
valid_stop,KMHX,2020,2,232
valid_stop,KMHX,2020,3,246
valid_stop,KMHX,2020,4,216
valid_stop,KMHX,2020,5,180
valid_stop,KMHX,2021,1,11
valid_stop,KMHX,2021,2,10
valid_stop,KMHX,2021,3,3
valid_stop,KMHX,2022,1,32
valid_stop,KMHX,2022,2,58
valid_stop,KMHX,2022,3,78
valid_stop,KMHX,2022,4,64
valid_stop,KMHX,2022,5,35
valid_stop,KMHX,2023,1,11
valid_stop,KMHX,2023,2,16
valid_stop,KMHX,2023,3,21
valid_stop,KMHX,2023,4,24
valid_stop,KMHX,2023,5,30
valid_stop,KMHX,2024,1,55
valid_stop,KMHX,2024,2,84
valid_stop,KMHX,2024,3,96
valid_stop,KMHX,2024,4,92
valid_stop,KMHX,2024,5,85
valid_stop,KMLB,2013,1,74
valid_stop,KMLB,2013,2,100
valid_stop,KMLB,2013,3,105
valid_stop,KMLB,2013,4,104
valid_stop,KMLB,2013,5,115
valid_stop,KMLB,2014,1,74
valid_stop,KMLB,2014,2,94
valid_stop,KMLB,2014,3,93
valid_stop,KMLB,2014,4,112
valid_stop,KMLB,2014,5,125
valid_stop,KMLB,2015,1,134
valid_stop,KMLB,2015,2,202
valid_stop,KMLB,2015,3,198
valid_stop,KMLB,2015,4,180
valid_stop,KMLB,2015,5,145
valid_stop,KMLB,2016,1,68
valid_stop,KMLB,2016,2,90
valid_stop,KMLB,2016,3,105
valid_stop,KMLB,2016,4,96
valid_stop,KMLB,2016,5,85
valid_stop,KMLB,2017,1,51
valid_stop,KMLB,2017,2,36
valid_stop,KMLB,2017,3,9
valid_stop,KMLB,2017,4,4
valid_stop,KMLB,2018,1,30
valid_stop,KMLB,2018,2,44
valid_stop,KMLB,2018,3,63
valid_stop,KMLB,2018,4,80
valid_stop,KMLB,2018,5,95
valid_stop,KMLB,2019,1,69
valid_stop,KMLB,2019,2,120
valid_stop,KMLB,2019,3,159
valid_stop,KMLB,2019,4,168
valid_stop,KMLB,2019,5,150
valid_stop,KMLB,2020,1,155
valid_stop,KMLB,2020,2,210
valid_stop,KMLB,2020,3,225
valid_stop,KMLB,2020,4,228
valid_stop,KMLB,2020,5,200
valid_stop,KMLB,2021,1,151
valid_stop,KMLB,2021,2,262
valid_stop,KMLB,2021,3,324
valid_stop,KMLB,2021,4,356
valid_stop,KMLB,2021,5,355
valid_stop,KMLB,2022,1,80
valid_stop,KMLB,2022,2,130
valid_stop,KMLB,2022,3,168
valid_stop,KMLB,2022,4,188
valid_stop,KMLB,2022,5,175
valid_stop,KMLB,2023,1,136
valid_stop,KMLB,2023,2,184
valid_stop,KMLB,2023,3,177
valid_stop,KMLB,2023,4,172
valid_stop,KMLB,2023,5,175
valid_stop,KMLB,2024,1,146
valid_stop,KMLB,2024,2,230
valid_stop,KMLB,2024,3,279
valid_stop,KMLB,2024,4,284
valid_stop,KMLB,2024,5,275
valid_stop,KMOB,2013,1,108
valid_stop,KMOB,2013,2,190
valid_stop,KMOB,2013,3,249
valid_stop,KMOB,2013,4,292
valid_stop,KMOB,2013,5,320
valid_stop,KMOB,2014,1,93
valid_stop,KMOB,2014,2,154
valid_stop,KMOB,2014,3,183
valid_stop,KMOB,2014,4,188
valid_stop,KMOB,2014,5,165
valid_stop,KMOB,2015,1,159
valid_stop,KMOB,2015,2,262
valid_stop,KMOB,2015,3,342
valid_stop,KMOB,2015,4,400
valid_stop,KMOB,2015,5,465
valid_stop,KMOB,2016,1,262
valid_stop,KMOB,2016,2,428
valid_stop,KMOB,2016,3,525
valid_stop,KMOB,2016,4,604
valid_stop,KMOB,2016,5,665
valid_stop,KMOB,2017,1,107
valid_stop,KMOB,2017,2,174
valid_stop,KMOB,2017,3,210
valid_stop,KMOB,2017,4,240
valid_stop,KMOB,2017,5,260
valid_stop,KMOB,2018,1,26
valid_stop,KMOB,2018,2,44
valid_stop,KMOB,2018,3,57
valid_stop,KMOB,2018,4,60
valid_stop,KMOB,2018,5,65
valid_stop,KMOB,2019,1,103
valid_stop,KMOB,2019,2,182
valid_stop,KMOB,2019,3,252
valid_stop,KMOB,2019,4,312
valid_stop,KMOB,2019,5,340
valid_stop,KMOB,2020,1,53
valid_stop,KMOB,2020,2,80
valid_stop,KMOB,2020,3,96
valid_stop,KMOB,2020,4,112
valid_stop,KMOB,2020,5,120
valid_stop,KMOB,2021,1,138
valid_stop,KMOB,2021,2,234
valid_stop,KMOB,2021,3,303
valid_stop,KMOB,2021,4,348
valid_stop,KMOB,2021,5,375
valid_stop,KMOB,2022,1,179
valid_stop,KMOB,2022,2,324
valid_stop,KMOB,2022,3,438
valid_stop,KMOB,2022,4,524
valid_stop,KMOB,2022,5,590
valid_stop,KMOB,2023,1,142
valid_stop,KMOB,2023,2,210
valid_stop,KMOB,2023,3,216
valid_stop,KMOB,2023,4,200
valid_stop,KMOB,2023,5,175
valid_stop,KMOB,2024,1,186
valid_stop,KMOB,2024,2,294
valid_stop,KMOB,2024,3,348
valid_stop,KMOB,2024,4,396
valid_stop,KMOB,2024,5,425
valid_stop,KMPX,2013,1,199
valid_stop,KMPX,2013,2,364
valid_stop,KMPX,2013,3,516
valid_stop,KMPX,2013,4,636
valid_stop,KMPX,2013,5,725
valid_stop,KMPX,2014,1,48
valid_stop,KMPX,2014,2,72
valid_stop,KMPX,2014,3,78
valid_stop,KMPX,2014,4,72
valid_stop,KMPX,2014,5,65
valid_stop,KMPX,2015,1,50
valid_stop,KMPX,2015,2,74
valid_stop,KMPX,2015,3,84
valid_stop,KMPX,2015,4,92
valid_stop,KMPX,2015,5,100
valid_stop,KMPX,2016,1,155
valid_stop,KMPX,2016,2,250
valid_stop,KMPX,2016,3,297
valid_stop,KMPX,2016,4,280
valid_stop,KMPX,2016,5,240
valid_stop,KMPX,2017,1,95
valid_stop,KMPX,2017,2,148
valid_stop,KMPX,2017,3,174
valid_stop,KMPX,2017,4,184
valid_stop,KMPX,2017,5,185
valid_stop,KMPX,2018,1,107
valid_stop,KMPX,2018,2,178
valid_stop,KMPX,2018,3,222
valid_stop,KMPX,2018,4,260
valid_stop,KMPX,2018,5,270
valid_stop,KMPX,2019,1,167
valid_stop,KMPX,2019,2,314
valid_stop,KMPX,2019,3,441
valid_stop,KMPX,2019,4,532
valid_stop,KMPX,2019,5,585
valid_stop,KMPX,2020,1,141
valid_stop,KMPX,2020,2,274
valid_stop,KMPX,2020,3,381
valid_stop,KMPX,2020,4,456
valid_stop,KMPX,2020,5,500
valid_stop,KMPX,2021,1,119
valid_stop,KMPX,2021,2,218
valid_stop,KMPX,2021,3,294
valid_stop,KMPX,2021,4,336
valid_stop,KMPX,2021,5,365
valid_stop,KMPX,2022,1,57
valid_stop,KMPX,2022,2,100
valid_stop,KMPX,2022,3,135
valid_stop,KMPX,2022,4,168
valid_stop,KMPX,2022,5,210
valid_stop,KMPX,2023,1,276
valid_stop,KMPX,2023,2,510
valid_stop,KMPX,2023,3,702
valid_stop,KMPX,2023,4,852
valid_stop,KMPX,2023,5,935
valid_stop,KMPX,2024,1,110
valid_stop,KMPX,2024,2,176
valid_stop,KMPX,2024,3,219
valid_stop,KMPX,2024,4,252
valid_stop,KMPX,2024,5,285
valid_stop,KMQT,2013,1,56
valid_stop,KMQT,2013,2,100
valid_stop,KMQT,2013,3,132
valid_stop,KMQT,2013,4,160
valid_stop,KMQT,2013,5,185
valid_stop,KMQT,2014,1,21
valid_stop,KMQT,2014,2,34
valid_stop,KMQT,2014,3,45
valid_stop,KMQT,2014,4,56
valid_stop,KMQT,2014,5,65
valid_stop,KMQT,2015,1,68
valid_stop,KMQT,2015,2,122
valid_stop,KMQT,2015,3,165
valid_stop,KMQT,2015,4,188
valid_stop,KMQT,2015,5,190
valid_stop,KMQT,2016,1,41
valid_stop,KMQT,2016,2,64
valid_stop,KMQT,2016,3,81
valid_stop,KMQT,2016,4,80
valid_stop,KMQT,2016,5,60
valid_stop,KMQT,2017,1,11
valid_stop,KMQT,2017,2,6
valid_stop,KMQT,2018,1,18
valid_stop,KMQT,2018,2,16
valid_stop,KMQT,2018,3,18
valid_stop,KMQT,2018,4,24
valid_stop,KMQT,2018,5,30
valid_stop,KMQT,2019,1,30
valid_stop,KMQT,2019,2,50
valid_stop,KMQT,2019,3,69
valid_stop,KMQT,2019,4,84
valid_stop,KMQT,2019,5,95
valid_stop,KMQT,2020,1,64
valid_stop,KMQT,2020,2,96
valid_stop,KMQT,2020,3,111
valid_stop,KMQT,2020,4,112
valid_stop,KMQT,2020,5,125
valid_stop,KMQT,2021,1,34
valid_stop,KMQT,2021,2,62
valid_stop,KMQT,2021,3,84
valid_stop,KMQT,2021,4,88
valid_stop,KMQT,2021,5,80
valid_stop,KMQT,2022,1,26
valid_stop,KMQT,2022,2,46
valid_stop,KMQT,2022,3,66
valid_stop,KMQT,2022,4,84
valid_stop,KMQT,2022,5,95
valid_stop,KMQT,2023,1,139
valid_stop,KMQT,2023,2,248
valid_stop,KMQT,2023,3,336
valid_stop,KMQT,2023,4,408
valid_stop,KMQT,2023,5,460
valid_stop,KMQT,2024,1,19
valid_stop,KMQT,2024,2,30
valid_stop,KMQT,2024,3,33
valid_stop,KMQT,2024,4,28
valid_stop,KMQT,2024,5,20
valid_stop,KMRX,2013,1,149
valid_stop,KMRX,2013,2,276
valid_stop,KMRX,2013,3,381
valid_stop,KMRX,2013,4,484
valid_stop,KMRX,2013,5,570
valid_stop,KMRX,2014,1,93
valid_stop,KMRX,2014,2,160
valid_stop,KMRX,2014,3,213
valid_stop,KMRX,2014,4,256
valid_stop,KMRX,2014,5,280
valid_stop,KMRX,2015,1,167
valid_stop,KMRX,2015,2,294
valid_stop,KMRX,2015,3,387
valid_stop,KMRX,2015,4,448
valid_stop,KMRX,2015,5,455
valid_stop,KMRX,2016,1,93
valid_stop,KMRX,2016,2,162
valid_stop,KMRX,2016,3,213
valid_stop,KMRX,2016,4,256
valid_stop,KMRX,2016,5,290
valid_stop,KMRX,2017,1,120
valid_stop,KMRX,2017,2,194
valid_stop,KMRX,2017,3,249
valid_stop,KMRX,2017,4,292
valid_stop,KMRX,2017,5,305
valid_stop,KMRX,2018,1,167
valid_stop,KMRX,2018,2,316
valid_stop,KMRX,2018,3,441
valid_stop,KMRX,2018,4,536
valid_stop,KMRX,2018,5,585
valid_stop,KMRX,2019,1,184
valid_stop,KMRX,2019,2,342
valid_stop,KMRX,2019,3,474
valid_stop,KMRX,2019,4,584
valid_stop,KMRX,2019,5,670
valid_stop,KMRX,2020,1,204
valid_stop,KMRX,2020,2,368
valid_stop,KMRX,2020,3,507
valid_stop,KMRX,2020,4,616
valid_stop,KMRX,2020,5,705
valid_stop,KMRX,2021,1,91
valid_stop,KMRX,2021,2,156
valid_stop,KMRX,2021,3,198
valid_stop,KMRX,2021,4,204
valid_stop,KMRX,2021,5,190
valid_stop,KMRX,2022,1,142
valid_stop,KMRX,2022,2,270
valid_stop,KMRX,2022,3,384
valid_stop,KMRX,2022,4,480
valid_stop,KMRX,2022,5,555
valid_stop,KMRX,2023,1,53
valid_stop,KMRX,2023,2,90
valid_stop,KMRX,2023,3,129
valid_stop,KMRX,2023,4,168
valid_stop,KMRX,2023,5,205
valid_stop,KMRX,2024,1,92
valid_stop,KMRX,2024,2,178
valid_stop,KMRX,2024,3,252
valid_stop,KMRX,2024,4,320
valid_stop,KMRX,2024,5,390
valid_stop,KMSX,2013,1,14
valid_stop,KMSX,2013,2,22
valid_stop,KMSX,2013,3,21
valid_stop,KMSX,2013,4,12
valid_stop,KMSX,2014,1,4
valid_stop,KMSX,2015,1,5
valid_stop,KMSX,2015,2,2
valid_stop,KMSX,2016,1,37
valid_stop,KMSX,2016,2,42
valid_stop,KMSX,2016,3,36
valid_stop,KMSX,2016,4,20
valid_stop,KMSX,2016,5,5
valid_stop,KMSX,2017,1,1
valid_stop,KMSX,2018,1,1
valid_stop,KMSX,2019,1,24
valid_stop,KMSX,2019,2,20
valid_stop,KMSX,2019,3,3
valid_stop,KMSX,2020,1,26
valid_stop,KMSX,2020,2,24
valid_stop,KMSX,2020,3,6
valid_stop,KMSX,2022,1,17
valid_stop,KMSX,2022,2,26
valid_stop,KMSX,2022,3,27
valid_stop,KMSX,2022,4,20
valid_stop,KMSX,2022,5,10
valid_stop,KMSX,2024,1,1
valid_stop,KMTX,2013,1,32
valid_stop,KMTX,2013,2,54
valid_stop,KMTX,2013,3,60
valid_stop,KMTX,2013,4,60
valid_stop,KMTX,2013,5,45
valid_stop,KMTX,2014,1,22
valid_stop,KMTX,2014,2,34
valid_stop,KMTX,2014,3,36
valid_stop,KMTX,2014,4,24
valid_stop,KMTX,2014,5,10
valid_stop,KMTX,2015,1,45
valid_stop,KMTX,2015,2,78
valid_stop,KMTX,2015,3,81
valid_stop,KMTX,2015,4,64
valid_stop,KMTX,2015,5,30
valid_stop,KMTX,2016,1,17
valid_stop,KMTX,2016,2,28
valid_stop,KMTX,2016,3,30
valid_stop,KMTX,2016,4,28
valid_stop,KMTX,2016,5,15
valid_stop,KMTX,2017,1,38
valid_stop,KMTX,2017,2,56
valid_stop,KMTX,2017,3,57
valid_stop,KMTX,2017,4,48
valid_stop,KMTX,2017,5,35
valid_stop,KMTX,2018,1,14
valid_stop,KMTX,2018,2,12
valid_stop,KMTX,2018,3,3
valid_stop,KMTX,2019,1,41
valid_stop,KMTX,2019,2,56
valid_stop,KMTX,2019,3,57
valid_stop,KMTX,2019,4,56
valid_stop,KMTX,2019,5,50
valid_stop,KMTX,2020,1,5
valid_stop,KMTX,2020,2,6
valid_stop,KMTX,2020,3,3
valid_stop,KMTX,2021,1,15
valid_stop,KMTX,2021,2,16
valid_stop,KMTX,2021,3,9
valid_stop,KMTX,2021,4,4
valid_stop,KMTX,2022,1,15
valid_stop,KMTX,2022,2,22
valid_stop,KMTX,2022,3,24
valid_stop,KMTX,2022,4,20
valid_stop,KMTX,2022,5,10
valid_stop,KMTX,2023,1,1
valid_stop,KMTX,2024,1,15
valid_stop,KMTX,2024,2,20
valid_stop,KMTX,2024,3,15
valid_stop,KMTX,2024,4,8
valid_stop,KMTX,2024,5,5
valid_stop,KMUX,2013,1,68
valid_stop,KMUX,2013,2,126
valid_stop,KMUX,2013,3,183
valid_stop,KMUX,2013,4,240
valid_stop,KMUX,2013,5,290
valid_stop,KMUX,2014,1,35
valid_stop,KMUX,2014,2,56
valid_stop,KMUX,2014,3,66
valid_stop,KMUX,2014,4,72
valid_stop,KMUX,2014,5,75
valid_stop,KMUX,2015,1,76
valid_stop,KMUX,2015,2,142
valid_stop,KMUX,2015,3,204
valid_stop,KMUX,2015,4,256
valid_stop,KMUX,2015,5,300
valid_stop,KMUX,2016,1,22
valid_stop,KMUX,2016,2,30
valid_stop,KMUX,2016,3,36
valid_stop,KMUX,2016,4,40
valid_stop,KMUX,2016,5,40
valid_stop,KMUX,2017,1,86
valid_stop,KMUX,2017,2,154
valid_stop,KMUX,2017,3,207
valid_stop,KMUX,2017,4,260
valid_stop,KMUX,2017,5,295
valid_stop,KMUX,2018,1,31
valid_stop,KMUX,2018,2,50
valid_stop,KMUX,2018,3,57
valid_stop,KMUX,2018,4,52
valid_stop,KMUX,2018,5,45
valid_stop,KMUX,2019,1,33
valid_stop,KMUX,2019,2,46
valid_stop,KMUX,2019,3,48
valid_stop,KMUX,2019,4,40
valid_stop,KMUX,2019,5,25
valid_stop,KMUX,2020,1,48
valid_stop,KMUX,2020,2,88
valid_stop,KMUX,2020,3,123
valid_stop,KMUX,2020,4,156
valid_stop,KMUX,2020,5,180
valid_stop,KMUX,2021,1,59
valid_stop,KMUX,2021,2,104
valid_stop,KMUX,2021,3,132
valid_stop,KMUX,2021,4,148
valid_stop,KMUX,2021,5,160
valid_stop,KMUX,2022,1,58
valid_stop,KMUX,2022,2,98
valid_stop,KMUX,2022,3,132
valid_stop,KMUX,2022,4,152
valid_stop,KMUX,2022,5,160
valid_stop,KMVX,2013,1,104
valid_stop,KMVX,2013,2,174
valid_stop,KMVX,2013,3,213
valid_stop,KMVX,2013,4,240
valid_stop,KMVX,2013,5,240
valid_stop,KMVX,2014,1,168
valid_stop,KMVX,2014,2,268
valid_stop,KMVX,2014,3,339
valid_stop,KMVX,2014,4,404
valid_stop,KMVX,2014,5,470
valid_stop,KMVX,2015,1,77
valid_stop,KMVX,2015,2,124
valid_stop,KMVX,2015,3,171
valid_stop,KMVX,2015,4,216
valid_stop,KMVX,2015,5,255
valid_stop,KMVX,2016,1,99
valid_stop,KMVX,2016,2,182
valid_stop,KMVX,2016,3,252
valid_stop,KMVX,2016,4,304
valid_stop,KMVX,2016,5,335
valid_stop,KMVX,2017,1,169
valid_stop,KMVX,2017,2,294
valid_stop,KMVX,2017,3,387
valid_stop,KMVX,2017,4,432
valid_stop,KMVX,2017,5,425
valid_stop,KMVX,2018,1,69
valid_stop,KMVX,2018,2,108
valid_stop,KMVX,2018,3,126
valid_stop,KMVX,2018,4,140
valid_stop,KMVX,2018,5,160
valid_stop,KMVX,2019,1,93
valid_stop,KMVX,2019,2,172
valid_stop,KMVX,2019,3,234
valid_stop,KMVX,2019,4,276
valid_stop,KMVX,2019,5,315
valid_stop,KMVX,2020,1,75
valid_stop,KMVX,2020,2,140
valid_stop,KMVX,2020,3,186
valid_stop,KMVX,2020,4,192
valid_stop,KMVX,2020,5,170
valid_stop,KMVX,2021,1,118
valid_stop,KMVX,2021,2,214
valid_stop,KMVX,2021,3,294
valid_stop,KMVX,2021,4,364
valid_stop,KMVX,2021,5,405
valid_stop,KMVX,2022,1,54
valid_stop,KMVX,2022,2,88
valid_stop,KMVX,2022,3,111
valid_stop,KMVX,2022,4,128
valid_stop,KMVX,2022,5,135
valid_stop,KMVX,2023,1,42
valid_stop,KMVX,2023,2,66
valid_stop,KMVX,2023,3,93
valid_stop,KMVX,2023,4,116
valid_stop,KMVX,2023,5,140
valid_stop,KMVX,2024,1,40
valid_stop,KMVX,2024,2,74
valid_stop,KMVX,2024,3,105
valid_stop,KMVX,2024,4,124
valid_stop,KMVX,2024,5,135
valid_stop,KMXX,2013,1,164
valid_stop,KMXX,2013,2,290
valid_stop,KMXX,2013,3,399
valid_stop,KMXX,2013,4,476
valid_stop,KMXX,2013,5,535
valid_stop,KMXX,2014,1,73
valid_stop,KMXX,2014,2,130
valid_stop,KMXX,2014,3,177
valid_stop,KMXX,2014,4,220
valid_stop,KMXX,2014,5,265
valid_stop,KMXX,2015,1,136
valid_stop,KMXX,2015,2,228
valid_stop,KMXX,2015,3,291
valid_stop,KMXX,2015,4,332
valid_stop,KMXX,2015,5,370
valid_stop,KMXX,2016,1,288
valid_stop,KMXX,2016,2,526
valid_stop,KMXX,2016,3,717
valid_stop,KMXX,2016,4,872
valid_stop,KMXX,2016,5,985
valid_stop,KMXX,2017,1,111
valid_stop,KMXX,2017,2,186
valid_stop,KMXX,2017,3,243
valid_stop,KMXX,2017,4,288
valid_stop,KMXX,2017,5,320
valid_stop,KMXX,2018,1,146
valid_stop,KMXX,2018,2,234
valid_stop,KMXX,2018,3,294
valid_stop,KMXX,2018,4,344
valid_stop,KMXX,2018,5,385
valid_stop,KMXX,2019,1,165
valid_stop,KMXX,2019,2,254
valid_stop,KMXX,2019,3,294
valid_stop,KMXX,2019,4,340
valid_stop,KMXX,2019,5,375
valid_stop,KMXX,2020,1,183
valid_stop,KMXX,2020,2,292
valid_stop,KMXX,2020,3,357
valid_stop,KMXX,2020,4,416
valid_stop,KMXX,2020,5,450
valid_stop,KMXX,2021,1,132
valid_stop,KMXX,2021,2,206
valid_stop,KMXX,2021,3,243
valid_stop,KMXX,2021,4,248
valid_stop,KMXX,2021,5,255
valid_stop,KMXX,2022,1,231
valid_stop,KMXX,2022,2,398
valid_stop,KMXX,2022,3,507
valid_stop,KMXX,2022,4,536
valid_stop,KMXX,2022,5,550
valid_stop,KMXX,2023,1,108
valid_stop,KMXX,2023,2,178
valid_stop,KMXX,2023,3,231
valid_stop,KMXX,2023,4,284
valid_stop,KMXX,2023,5,340
valid_stop,KMXX,2024,1,140
valid_stop,KMXX,2024,2,232
valid_stop,KMXX,2024,3,297
valid_stop,KMXX,2024,4,332
valid_stop,KMXX,2024,5,325
valid_stop,KNKX,2013,1,296
valid_stop,KNKX,2013,2,562
valid_stop,KNKX,2013,3,753
valid_stop,KNKX,2013,4,872
valid_stop,KNKX,2013,5,925
valid_stop,KNKX,2014,1,181
valid_stop,KNKX,2014,2,292
valid_stop,KNKX,2014,3,369
valid_stop,KNKX,2014,4,416
valid_stop,KNKX,2014,5,445
valid_stop,KNKX,2015,1,110
valid_stop,KNKX,2015,2,166
valid_stop,KNKX,2015,3,180
valid_stop,KNKX,2015,4,184
valid_stop,KNKX,2015,5,170
valid_stop,KNKX,2016,1,115
valid_stop,KNKX,2016,2,218
valid_stop,KNKX,2016,3,312
valid_stop,KNKX,2016,4,396
valid_stop,KNKX,2016,5,470
valid_stop,KNKX,2017,1,82
valid_stop,KNKX,2017,2,148
valid_stop,KNKX,2017,3,213
valid_stop,KNKX,2017,4,248
valid_stop,KNKX,2017,5,285
valid_stop,KNKX,2018,1,108
valid_stop,KNKX,2018,2,202
valid_stop,KNKX,2018,3,276
valid_stop,KNKX,2018,4,312
valid_stop,KNKX,2018,5,320
valid_stop,KNKX,2019,1,101
valid_stop,KNKX,2019,2,172
valid_stop,KNKX,2019,3,207
valid_stop,KNKX,2019,4,240
valid_stop,KNKX,2019,5,245
valid_stop,KNKX,2020,1,198
valid_stop,KNKX,2020,2,368
valid_stop,KNKX,2020,3,510
valid_stop,KNKX,2020,4,576
valid_stop,KNKX,2020,5,580
valid_stop,KNKX,2021,1,27
valid_stop,KNKX,2021,2,50
valid_stop,KNKX,2021,3,69
valid_stop,KNKX,2021,4,88
valid_stop,KNKX,2021,5,100
valid_stop,KNKX,2022,1,94
valid_stop,KNKX,2022,2,170
valid_stop,KNKX,2022,3,228
valid_stop,KNKX,2022,4,276
valid_stop,KNKX,2022,5,320
valid_stop,KNKX,2023,1,88
valid_stop,KNKX,2023,2,160
valid_stop,KNKX,2023,3,213
valid_stop,KNKX,2023,4,240
valid_stop,KNKX,2023,5,250
valid_stop,KNKX,2024,1,164
valid_stop,KNKX,2024,2,290
valid_stop,KNKX,2024,3,360
valid_stop,KNKX,2024,4,396
valid_stop,KNKX,2024,5,385
valid_stop,KNQA,2013,1,255
valid_stop,KNQA,2013,2,482
valid_stop,KNQA,2013,3,687
valid_stop,KNQA,2013,4,872
valid_stop,KNQA,2013,5,1015
valid_stop,KNQA,2014,1,182
valid_stop,KNQA,2014,2,320
valid_stop,KNQA,2014,3,408
valid_stop,KNQA,2014,4,436
valid_stop,KNQA,2014,5,435
valid_stop,KNQA,2015,1,368
valid_stop,KNQA,2015,2,680
valid_stop,KNQA,2015,3,933
valid_stop,KNQA,2015,4,1144
valid_stop,KNQA,2015,5,1275
valid_stop,KNQA,2016,1,150
valid_stop,KNQA,2016,2,264
valid_stop,KNQA,2016,3,342
valid_stop,KNQA,2016,4,416
valid_stop,KNQA,2016,5,470
valid_stop,KNQA,2017,1,186
valid_stop,KNQA,2017,2,312
valid_stop,KNQA,2017,3,393
valid_stop,KNQA,2017,4,456
valid_stop,KNQA,2017,5,485
valid_stop,KNQA,2018,1,184
valid_stop,KNQA,2018,2,308
valid_stop,KNQA,2018,3,393
valid_stop,KNQA,2018,4,472
valid_stop,KNQA,2018,5,540
valid_stop,KNQA,2019,1,132
valid_stop,KNQA,2019,2,226
valid_stop,KNQA,2019,3,288
valid_stop,KNQA,2019,4,336
valid_stop,KNQA,2019,5,380
valid_stop,KNQA,2020,1,181
valid_stop,KNQA,2020,2,298
valid_stop,KNQA,2020,3,384
valid_stop,KNQA,2020,4,420
valid_stop,KNQA,2020,5,390
valid_stop,KNQA,2021,1,223
valid_stop,KNQA,2021,2,410
valid_stop,KNQA,2021,3,561
valid_stop,KNQA,2021,4,684
valid_stop,KNQA,2021,5,790
valid_stop,KNQA,2022,1,284
valid_stop,KNQA,2022,2,526
valid_stop,KNQA,2022,3,741
valid_stop,KNQA,2022,4,924
valid_stop,KNQA,2022,5,1100
valid_stop,KNQA,2023,1,303
valid_stop,KNQA,2023,2,532
valid_stop,KNQA,2023,3,705
valid_stop,KNQA,2023,4,868
valid_stop,KNQA,2023,5,1010
valid_stop,KNQA,2024,1,161
valid_stop,KNQA,2024,2,308
valid_stop,KNQA,2024,3,444
valid_stop,KNQA,2024,4,568
valid_stop,KNQA,2024,5,645
valid_stop,KOAX,2013,1,123
valid_stop,KOAX,2013,2,214
valid_stop,KOAX,2013,3,288
valid_stop,KOAX,2013,4,352
valid_stop,KOAX,2013,5,410
valid_stop,KOAX,2014,1,215
valid_stop,KOAX,2014,2,382
valid_stop,KOAX,2014,3,525
valid_stop,KOAX,2014,4,652
valid_stop,KOAX,2014,5,745
valid_stop,KOAX,2015,1,296
valid_stop,KOAX,2015,2,504
valid_stop,KOAX,2015,3,678
valid_stop,KOAX,2015,4,852
valid_stop,KOAX,2015,5,1025
valid_stop,KOAX,2016,1,229
valid_stop,KOAX,2016,2,388
valid_stop,KOAX,2016,3,519
valid_stop,KOAX,2016,4,636
valid_stop,KOAX,2016,5,745
valid_stop,KOAX,2017,1,278
valid_stop,KOAX,2017,2,428
valid_stop,KOAX,2017,3,573
valid_stop,KOAX,2017,4,708
valid_stop,KOAX,2017,5,825
valid_stop,KOAX,2018,1,182
valid_stop,KOAX,2018,2,292
valid_stop,KOAX,2018,3,402
valid_stop,KOAX,2018,4,504
valid_stop,KOAX,2018,5,595
valid_stop,KOAX,2019,1,60
valid_stop,KOAX,2019,2,76
valid_stop,KOAX,2019,3,78
valid_stop,KOAX,2019,4,72
valid_stop,KOAX,2019,5,60
valid_stop,KOAX,2020,1,170
valid_stop,KOAX,2020,2,282
valid_stop,KOAX,2020,3,369
valid_stop,KOAX,2020,4,444
valid_stop,KOAX,2020,5,515
valid_stop,KOAX,2021,1,55
valid_stop,KOAX,2021,2,66
valid_stop,KOAX,2021,3,54
valid_stop,KOAX,2021,4,36
valid_stop,KOAX,2021,5,25
valid_stop,KOAX,2022,1,241
valid_stop,KOAX,2022,2,426
valid_stop,KOAX,2022,3,594
valid_stop,KOAX,2022,4,732
valid_stop,KOAX,2022,5,840
valid_stop,KOAX,2023,1,165
valid_stop,KOAX,2023,2,310
valid_stop,KOAX,2023,3,438
valid_stop,KOAX,2023,4,548
valid_stop,KOAX,2023,5,630
valid_stop,KOAX,2024,1,246
valid_stop,KOAX,2024,2,438
valid_stop,KOAX,2024,3,585
valid_stop,KOAX,2024,4,716
valid_stop,KOAX,2024,5,835
valid_stop,KOHX,2013,1,70
valid_stop,KOHX,2013,2,128
valid_stop,KOHX,2013,3,171
valid_stop,KOHX,2013,4,208
valid_stop,KOHX,2013,5,235
valid_stop,KOHX,2014,1,255
valid_stop,KOHX,2014,2,464
valid_stop,KOHX,2014,3,633
valid_stop,KOHX,2014,4,764
valid_stop,KOHX,2014,5,845
valid_stop,KOHX,2015,1,275
valid_stop,KOHX,2015,2,500
valid_stop,KOHX,2015,3,711
valid_stop,KOHX,2015,4,892
valid_stop,KOHX,2015,5,1045
valid_stop,KOHX,2016,1,258
valid_stop,KOHX,2016,2,442
valid_stop,KOHX,2016,3,576
valid_stop,KOHX,2016,4,680
valid_stop,KOHX,2016,5,770
valid_stop,KOHX,2017,1,200
valid_stop,KOHX,2017,2,358
valid_stop,KOHX,2017,3,492
valid_stop,KOHX,2017,4,596
valid_stop,KOHX,2017,5,655
valid_stop,KOHX,2018,1,148
valid_stop,KOHX,2018,2,276
valid_stop,KOHX,2018,3,387
valid_stop,KOHX,2018,4,472
valid_stop,KOHX,2018,5,540
valid_stop,KOHX,2019,1,248
valid_stop,KOHX,2019,2,446
valid_stop,KOHX,2019,3,618
valid_stop,KOHX,2019,4,772
valid_stop,KOHX,2019,5,885
valid_stop,KOHX,2020,1,220
valid_stop,KOHX,2020,2,396
valid_stop,KOHX,2020,3,546
valid_stop,KOHX,2020,4,688
valid_stop,KOHX,2020,5,810
valid_stop,KOHX,2021,1,304
valid_stop,KOHX,2021,2,546
valid_stop,KOHX,2021,3,705
valid_stop,KOHX,2021,4,840
valid_stop,KOHX,2021,5,930
valid_stop,KOHX,2022,1,107
valid_stop,KOHX,2022,2,200
valid_stop,KOHX,2022,3,267
valid_stop,KOHX,2022,4,320
valid_stop,KOHX,2022,5,360
valid_stop,KOHX,2023,1,100
valid_stop,KOHX,2023,2,146
valid_stop,KOHX,2023,3,171
valid_stop,KOHX,2023,4,204
valid_stop,KOHX,2023,5,220
valid_stop,KOHX,2024,1,182
valid_stop,KOHX,2024,2,334
valid_stop,KOHX,2024,3,462
valid_stop,KOHX,2024,4,568
valid_stop,KOHX,2024,5,655
valid_stop,KOKX,2013,1,50
valid_stop,KOKX,2013,2,82
valid_stop,KOKX,2013,3,93
valid_stop,KOKX,2013,4,92
valid_stop,KOKX,2013,5,80
valid_stop,KOKX,2014,1,71
valid_stop,KOKX,2014,2,136
valid_stop,KOKX,2014,3,189
valid_stop,KOKX,2014,4,232
valid_stop,KOKX,2014,5,265
valid_stop,KOKX,2015,1,67
valid_stop,KOKX,2015,2,108
valid_stop,KOKX,2015,3,144
valid_stop,KOKX,2015,4,172
valid_stop,KOKX,2015,5,195
valid_stop,KOKX,2016,1,35
valid_stop,KOKX,2016,2,38
valid_stop,KOKX,2016,3,36
valid_stop,KOKX,2016,4,28
valid_stop,KOKX,2016,5,20
valid_stop,KOKX,2017,1,20
valid_stop,KOKX,2017,2,30
valid_stop,KOKX,2017,3,36
valid_stop,KOKX,2017,4,32
valid_stop,KOKX,2017,5,20
valid_stop,KOKX,2018,1,49
valid_stop,KOKX,2018,2,44
valid_stop,KOKX,2018,3,42
valid_stop,KOKX,2018,4,32
valid_stop,KOKX,2018,5,30
valid_stop,KOKX,2019,1,19
valid_stop,KOKX,2019,2,30
valid_stop,KOKX,2019,3,42
valid_stop,KOKX,2019,4,52
valid_stop,KOKX,2019,5,55
valid_stop,KOKX,2020,1,62
valid_stop,KOKX,2020,2,94
valid_stop,KOKX,2020,3,117
valid_stop,KOKX,2020,4,136
valid_stop,KOKX,2020,5,150
valid_stop,KOKX,2021,1,118
valid_stop,KOKX,2021,2,184
valid_stop,KOKX,2021,3,201
valid_stop,KOKX,2021,4,188
valid_stop,KOKX,2021,5,165
valid_stop,KOKX,2022,1,30
valid_stop,KOKX,2022,2,52
valid_stop,KOKX,2022,3,66
valid_stop,KOKX,2022,4,76
valid_stop,KOKX,2022,5,90
valid_stop,KOKX,2023,1,37
valid_stop,KOKX,2023,2,36
valid_stop,KOKX,2023,3,21
valid_stop,KOKX,2024,1,66
valid_stop,KOKX,2024,2,90
valid_stop,KOKX,2024,3,99
valid_stop,KOKX,2024,4,116
valid_stop,KOKX,2024,5,120
valid_stop,KOTX,2013,1,36
valid_stop,KOTX,2013,2,60
valid_stop,KOTX,2013,3,75
valid_stop,KOTX,2013,4,80
valid_stop,KOTX,2013,5,85
valid_stop,KOTX,2014,1,52
valid_stop,KOTX,2014,2,78
valid_stop,KOTX,2014,3,96
valid_stop,KOTX,2014,4,112
valid_stop,KOTX,2014,5,125
valid_stop,KOTX,2015,1,30
valid_stop,KOTX,2015,2,56
valid_stop,KOTX,2015,3,81
valid_stop,KOTX,2015,4,100
valid_stop,KOTX,2015,5,110
valid_stop,KOTX,2016,1,101
valid_stop,KOTX,2016,2,158
valid_stop,KOTX,2016,3,210
valid_stop,KOTX,2016,4,252
valid_stop,KOTX,2016,5,290
valid_stop,KOTX,2017,1,68
valid_stop,KOTX,2017,2,122
valid_stop,KOTX,2017,3,174
valid_stop,KOTX,2017,4,220
valid_stop,KOTX,2017,5,255
valid_stop,KOTX,2018,1,78
valid_stop,KOTX,2018,2,130
valid_stop,KOTX,2018,3,162
valid_stop,KOTX,2018,4,156
valid_stop,KOTX,2018,5,110
valid_stop,KOTX,2019,1,42
valid_stop,KOTX,2019,2,70
valid_stop,KOTX,2019,3,93
valid_stop,KOTX,2019,4,116
valid_stop,KOTX,2019,5,130
valid_stop,KOTX,2020,1,61
valid_stop,KOTX,2020,2,96
valid_stop,KOTX,2020,3,132
valid_stop,KOTX,2020,4,156
valid_stop,KOTX,2020,5,155
valid_stop,KOTX,2021,1,56
valid_stop,KOTX,2021,2,88
valid_stop,KOTX,2021,3,105
valid_stop,KOTX,2021,4,128
valid_stop,KOTX,2021,5,135
valid_stop,KOTX,2022,1,39
valid_stop,KOTX,2022,2,64
valid_stop,KOTX,2022,3,87
valid_stop,KOTX,2022,4,100
valid_stop,KOTX,2022,5,110
valid_stop,KOTX,2023,1,54
valid_stop,KOTX,2023,2,102
valid_stop,KOTX,2023,3,138
valid_stop,KOTX,2023,4,160
valid_stop,KOTX,2023,5,170
valid_stop,KOTX,2024,1,39
valid_stop,KOTX,2024,2,76
valid_stop,KOTX,2024,3,111
valid_stop,KOTX,2024,4,144
valid_stop,KOTX,2024,5,180
valid_stop,KPAH,2013,1,164
valid_stop,KPAH,2013,2,288
valid_stop,KPAH,2013,3,393
valid_stop,KPAH,2013,4,464
valid_stop,KPAH,2013,5,535
valid_stop,KPAH,2014,1,246
valid_stop,KPAH,2014,2,462
valid_stop,KPAH,2014,3,648
valid_stop,KPAH,2014,4,784
valid_stop,KPAH,2014,5,910
valid_stop,KPAH,2015,1,191
valid_stop,KPAH,2015,2,296
valid_stop,KPAH,2015,3,354
valid_stop,KPAH,2015,4,396
valid_stop,KPAH,2015,5,430
valid_stop,KPAH,2016,1,145
valid_stop,KPAH,2016,2,232
valid_stop,KPAH,2016,3,291
valid_stop,KPAH,2016,4,368
valid_stop,KPAH,2016,5,435
valid_stop,KPAH,2017,1,263
valid_stop,KPAH,2017,2,474
valid_stop,KPAH,2017,3,645
valid_stop,KPAH,2017,4,784
valid_stop,KPAH,2017,5,910
valid_stop,KPAH,2018,1,211
valid_stop,KPAH,2018,2,354
valid_stop,KPAH,2018,3,459
valid_stop,KPAH,2018,4,516
valid_stop,KPAH,2018,5,575
valid_stop,KPAH,2019,1,204
valid_stop,KPAH,2019,2,364
valid_stop,KPAH,2019,3,492
valid_stop,KPAH,2019,4,588
valid_stop,KPAH,2019,5,655
valid_stop,KPAH,2020,1,275
valid_stop,KPAH,2020,2,454
valid_stop,KPAH,2020,3,576
valid_stop,KPAH,2020,4,648
valid_stop,KPAH,2020,5,660
valid_stop,KPAH,2021,1,63
valid_stop,KPAH,2021,2,116
valid_stop,KPAH,2021,3,156
valid_stop,KPAH,2021,4,188
valid_stop,KPAH,2021,5,220
valid_stop,KPAH,2022,1,290
valid_stop,KPAH,2022,2,544
valid_stop,KPAH,2022,3,765
valid_stop,KPAH,2022,4,936
valid_stop,KPAH,2022,5,1075
valid_stop,KPAH,2023,1,320
valid_stop,KPAH,2023,2,594
valid_stop,KPAH,2023,3,834
valid_stop,KPAH,2023,4,1028
valid_stop,KPAH,2023,5,1185
valid_stop,KPAH,2024,1,176
valid_stop,KPAH,2024,2,316
valid_stop,KPAH,2024,3,417
valid_stop,KPAH,2024,4,496
valid_stop,KPAH,2024,5,530
valid_stop,KPBZ,2013,1,85
valid_stop,KPBZ,2013,2,140
valid_stop,KPBZ,2013,3,159
valid_stop,KPBZ,2013,4,156
valid_stop,KPBZ,2013,5,145
valid_stop,KPBZ,2014,1,86
valid_stop,KPBZ,2014,2,150
valid_stop,KPBZ,2014,3,192
valid_stop,KPBZ,2014,4,196
valid_stop,KPBZ,2014,5,185
valid_stop,KPBZ,2015,1,45
valid_stop,KPBZ,2015,2,66
valid_stop,KPBZ,2015,3,72
valid_stop,KPBZ,2015,4,64
valid_stop,KPBZ,2015,5,55
valid_stop,KPBZ,2016,1,190
valid_stop,KPBZ,2016,2,348
valid_stop,KPBZ,2016,3,474
valid_stop,KPBZ,2016,4,572
valid_stop,KPBZ,2016,5,625
valid_stop,KPBZ,2017,1,53
valid_stop,KPBZ,2017,2,92
valid_stop,KPBZ,2017,3,120
valid_stop,KPBZ,2017,4,128
valid_stop,KPBZ,2017,5,115
valid_stop,KPBZ,2018,1,64
valid_stop,KPBZ,2018,2,94
valid_stop,KPBZ,2018,3,111
valid_stop,KPBZ,2018,4,124
valid_stop,KPBZ,2018,5,125
valid_stop,KPBZ,2019,1,244
valid_stop,KPBZ,2019,2,430
valid_stop,KPBZ,2019,3,561
valid_stop,KPBZ,2019,4,628
valid_stop,KPBZ,2019,5,585
valid_stop,KPBZ,2020,1,109
valid_stop,KPBZ,2020,2,192
valid_stop,KPBZ,2020,3,258
valid_stop,KPBZ,2020,4,296
valid_stop,KPBZ,2020,5,310
valid_stop,KPBZ,2021,1,151
valid_stop,KPBZ,2021,2,270
valid_stop,KPBZ,2021,3,351
valid_stop,KPBZ,2021,4,396
valid_stop,KPBZ,2021,5,410
valid_stop,KPBZ,2022,1,66
valid_stop,KPBZ,2022,2,114
valid_stop,KPBZ,2022,3,165
valid_stop,KPBZ,2022,4,208
valid_stop,KPBZ,2022,5,245
valid_stop,KPBZ,2023,1,42
valid_stop,KPBZ,2023,2,74
valid_stop,KPBZ,2023,3,96
valid_stop,KPBZ,2023,4,112
valid_stop,KPBZ,2023,5,120
valid_stop,KPBZ,2024,1,101
valid_stop,KPBZ,2024,2,156
valid_stop,KPBZ,2024,3,183
valid_stop,KPBZ,2024,4,204
valid_stop,KPBZ,2024,5,205
valid_stop,KPDT,2013,1,66
valid_stop,KPDT,2013,2,120
valid_stop,KPDT,2013,3,165
valid_stop,KPDT,2013,4,204
valid_stop,KPDT,2013,5,240
valid_stop,KPDT,2014,1,114
valid_stop,KPDT,2014,2,222
valid_stop,KPDT,2014,3,324
valid_stop,KPDT,2014,4,408
valid_stop,KPDT,2014,5,455
valid_stop,KPDT,2015,1,216
valid_stop,KPDT,2015,2,392
valid_stop,KPDT,2015,3,540
valid_stop,KPDT,2015,4,684
valid_stop,KPDT,2015,5,805
valid_stop,KPDT,2016,1,93
valid_stop,KPDT,2016,2,156
valid_stop,KPDT,2016,3,216
valid_stop,KPDT,2016,4,276
valid_stop,KPDT,2016,5,330
valid_stop,KPDT,2017,1,52
valid_stop,KPDT,2017,2,92
valid_stop,KPDT,2017,3,120
valid_stop,KPDT,2017,4,140
valid_stop,KPDT,2017,5,145
valid_stop,KPDT,2018,1,54
valid_stop,KPDT,2018,2,98
valid_stop,KPDT,2018,3,126
valid_stop,KPDT,2018,4,144
valid_stop,KPDT,2018,5,155
valid_stop,KPDT,2019,1,107
valid_stop,KPDT,2019,2,200
valid_stop,KPDT,2019,3,270
valid_stop,KPDT,2019,4,312
valid_stop,KPDT,2019,5,335
valid_stop,KPDT,2020,1,150
valid_stop,KPDT,2020,2,290
valid_stop,KPDT,2020,3,411
valid_stop,KPDT,2020,4,496
valid_stop,KPDT,2020,5,560
valid_stop,KPDT,2021,1,94
valid_stop,KPDT,2021,2,180
valid_stop,KPDT,2021,3,264
valid_stop,KPDT,2021,4,332
valid_stop,KPDT,2021,5,380
valid_stop,KPDT,2022,1,116
valid_stop,KPDT,2022,2,206
valid_stop,KPDT,2022,3,270
valid_stop,KPDT,2022,4,320
valid_stop,KPDT,2022,5,340
valid_stop,KPDT,2023,1,25
valid_stop,KPDT,2023,2,44
valid_stop,KPDT,2023,3,63
valid_stop,KPDT,2023,4,80
valid_stop,KPDT,2023,5,95
valid_stop,KPDT,2024,1,58
valid_stop,KPDT,2024,2,108
valid_stop,KPDT,2024,3,153
valid_stop,KPDT,2024,4,196
valid_stop,KPDT,2024,5,220
valid_stop,KPUX,2014,1,128
valid_stop,KPUX,2014,2,222
valid_stop,KPUX,2014,3,288
valid_stop,KPUX,2014,4,316
valid_stop,KPUX,2014,5,300
valid_stop,KPUX,2015,1,35
valid_stop,KPUX,2015,2,64
valid_stop,KPUX,2015,3,84
valid_stop,KPUX,2015,4,96
valid_stop,KPUX,2015,5,105
valid_stop,KPUX,2016,1,27
valid_stop,KPUX,2016,2,36
valid_stop,KPUX,2016,3,30
valid_stop,KPUX,2016,4,24
valid_stop,KPUX,2016,5,15
valid_stop,KPUX,2017,1,5
valid_stop,KPUX,2017,2,4
valid_stop,KPUX,2018,1,4
valid_stop,KPUX,2018,2,4
valid_stop,KPUX,2019,1,41
valid_stop,KPUX,2019,2,48
valid_stop,KPUX,2019,3,42
valid_stop,KPUX,2019,4,36
valid_stop,KPUX,2019,5,25
valid_stop,KPUX,2020,1,15
valid_stop,KPUX,2020,2,22
valid_stop,KPUX,2020,3,18
valid_stop,KPUX,2020,4,12
valid_stop,KPUX,2021,1,43
valid_stop,KPUX,2021,2,70
valid_stop,KPUX,2021,3,90
valid_stop,KPUX,2021,4,96
valid_stop,KPUX,2021,5,90
valid_stop,KPUX,2022,1,34
valid_stop,KPUX,2022,2,44
valid_stop,KPUX,2022,3,48
valid_stop,KPUX,2022,4,60
valid_stop,KPUX,2022,5,75
valid_stop,KPUX,2023,1,90
valid_stop,KPUX,2023,2,128
valid_stop,KPUX,2023,3,144
valid_stop,KPUX,2023,4,144
valid_stop,KPUX,2023,5,155
valid_stop,KPUX,2024,1,52
valid_stop,KPUX,2024,2,88
valid_stop,KPUX,2024,3,120
valid_stop,KPUX,2024,4,144
valid_stop,KPUX,2024,5,170
valid_stop,KRGX,2015,1,7
valid_stop,KRGX,2015,2,6
valid_stop,KRGX,2015,3,3
valid_stop,KRGX,2017,1,1
valid_stop,KRIW,2013,1,36
valid_stop,KRIW,2013,2,58
valid_stop,KRIW,2013,3,60
valid_stop,KRIW,2013,4,52
valid_stop,KRIW,2013,5,30
valid_stop,KRIW,2014,1,21
valid_stop,KRIW,2014,2,20
valid_stop,KRIW,2014,3,9
valid_stop,KRIW,2015,1,1
valid_stop,KRIW,2016,1,79
valid_stop,KRIW,2016,2,130
valid_stop,KRIW,2016,3,165
valid_stop,KRIW,2016,4,180
valid_stop,KRIW,2016,5,210
valid_stop,KRIW,2017,1,21
valid_stop,KRIW,2017,2,18
valid_stop,KRIW,2017,3,9
valid_stop,KRIW,2018,1,50
valid_stop,KRIW,2018,2,74
valid_stop,KRIW,2018,3,78
valid_stop,KRIW,2018,4,80
valid_stop,KRIW,2018,5,75
valid_stop,KRIW,2019,1,24
valid_stop,KRIW,2019,2,44
valid_stop,KRIW,2019,3,60
valid_stop,KRIW,2019,4,72
valid_stop,KRIW,2019,5,80
valid_stop,KRIW,2020,1,57
valid_stop,KRIW,2020,2,96
valid_stop,KRIW,2020,3,117
valid_stop,KRIW,2020,4,128
valid_stop,KRIW,2020,5,130
valid_stop,KRIW,2021,1,62
valid_stop,KRIW,2021,2,98
valid_stop,KRIW,2021,3,120
valid_stop,KRIW,2021,4,120
valid_stop,KRIW,2021,5,130
valid_stop,KRIW,2023,1,74
valid_stop,KRIW,2023,2,118
valid_stop,KRIW,2023,3,138
valid_stop,KRIW,2023,4,136
valid_stop,KRIW,2023,5,125
valid_stop,KRIW,2024,1,57
valid_stop,KRIW,2024,2,88
valid_stop,KRIW,2024,3,96
valid_stop,KRIW,2024,4,88
valid_stop,KRIW,2024,5,65
valid_stop,KRLX,2013,1,114
valid_stop,KRLX,2013,2,218
valid_stop,KRLX,2013,3,315
valid_stop,KRLX,2013,4,400
valid_stop,KRLX,2013,5,460
valid_stop,KRLX,2014,1,94
valid_stop,KRLX,2014,2,166
valid_stop,KRLX,2014,3,219
valid_stop,KRLX,2014,4,268
valid_stop,KRLX,2014,5,305
valid_stop,KRLX,2015,1,193
valid_stop,KRLX,2015,2,326
valid_stop,KRLX,2015,3,396
valid_stop,KRLX,2015,4,416
valid_stop,KRLX,2015,5,425
valid_stop,KRLX,2016,1,109
valid_stop,KRLX,2016,2,208
valid_stop,KRLX,2016,3,300
valid_stop,KRLX,2016,4,380
valid_stop,KRLX,2016,5,450
valid_stop,KRLX,2017,1,220
valid_stop,KRLX,2017,2,404
valid_stop,KRLX,2017,3,561
valid_stop,KRLX,2017,4,684
valid_stop,KRLX,2017,5,765
valid_stop,KRLX,2018,1,245
valid_stop,KRLX,2018,2,466
valid_stop,KRLX,2018,3,645
valid_stop,KRLX,2018,4,768
valid_stop,KRLX,2018,5,815
valid_stop,KRLX,2019,1,233
valid_stop,KRLX,2019,2,408
valid_stop,KRLX,2019,3,552
valid_stop,KRLX,2019,4,660
valid_stop,KRLX,2019,5,740
valid_stop,KRLX,2020,1,100
valid_stop,KRLX,2020,2,168
valid_stop,KRLX,2020,3,225
valid_stop,KRLX,2020,4,276
valid_stop,KRLX,2020,5,305
valid_stop,KRLX,2021,1,86
valid_stop,KRLX,2021,2,116
valid_stop,KRLX,2021,3,126
valid_stop,KRLX,2021,4,156
valid_stop,KRLX,2021,5,180
valid_stop,KRLX,2022,1,54
valid_stop,KRLX,2022,2,92
valid_stop,KRLX,2022,3,123
valid_stop,KRLX,2022,4,148
valid_stop,KRLX,2022,5,165
valid_stop,KRLX,2023,1,135
valid_stop,KRLX,2023,2,256
valid_stop,KRLX,2023,3,366
valid_stop,KRLX,2023,4,456
valid_stop,KRLX,2023,5,515
valid_stop,KRLX,2024,1,254
valid_stop,KRLX,2024,2,464
valid_stop,KRLX,2024,3,624
valid_stop,KRLX,2024,4,740
valid_stop,KRLX,2024,5,835
valid_stop,KRTX,2013,1,75
valid_stop,KRTX,2013,2,140
valid_stop,KRTX,2013,3,189
valid_stop,KRTX,2013,4,228
valid_stop,KRTX,2013,5,250
valid_stop,KRTX,2014,1,98
valid_stop,KRTX,2014,2,176
valid_stop,KRTX,2014,3,234
valid_stop,KRTX,2014,4,280
valid_stop,KRTX,2014,5,335
valid_stop,KRTX,2015,1,110
valid_stop,KRTX,2015,2,206
valid_stop,KRTX,2015,3,291
valid_stop,KRTX,2015,4,360
valid_stop,KRTX,2015,5,415
valid_stop,KRTX,2016,1,46
valid_stop,KRTX,2016,2,74
valid_stop,KRTX,2016,3,93
valid_stop,KRTX,2016,4,104
valid_stop,KRTX,2016,5,110
valid_stop,KRTX,2017,1,117
valid_stop,KRTX,2017,2,206
valid_stop,KRTX,2017,3,273
valid_stop,KRTX,2017,4,328
valid_stop,KRTX,2017,5,390
valid_stop,KRTX,2018,1,94
valid_stop,KRTX,2018,2,178
valid_stop,KRTX,2018,3,258
valid_stop,KRTX,2018,4,320
valid_stop,KRTX,2018,5,365
valid_stop,KRTX,2019,1,37
valid_stop,KRTX,2019,2,48
valid_stop,KRTX,2019,3,48
valid_stop,KRTX,2019,4,52
valid_stop,KRTX,2019,5,60
valid_stop,KRTX,2020,1,140
valid_stop,KRTX,2020,2,254
valid_stop,KRTX,2020,3,342
valid_stop,KRTX,2020,4,408
valid_stop,KRTX,2020,5,440
valid_stop,KRTX,2021,1,64
valid_stop,KRTX,2021,2,112
valid_stop,KRTX,2021,3,141
valid_stop,KRTX,2021,4,164
valid_stop,KRTX,2021,5,175
valid_stop,KRTX,2022,1,33
valid_stop,KRTX,2022,2,58
valid_stop,KRTX,2022,3,81
valid_stop,KRTX,2022,4,108
valid_stop,KRTX,2022,5,125
valid_stop,KRTX,2023,1,53
valid_stop,KRTX,2023,2,100
valid_stop,KRTX,2023,3,138
valid_stop,KRTX,2023,4,168
valid_stop,KRTX,2023,5,200
valid_stop,KRTX,2024,1,34
valid_stop,KRTX,2024,2,62
valid_stop,KRTX,2024,3,84
valid_stop,KRTX,2024,4,108
valid_stop,KRTX,2024,5,135
valid_stop,KSFX,2013,1,23
valid_stop,KSFX,2013,2,36
valid_stop,KSFX,2013,3,45
valid_stop,KSFX,2013,4,56
valid_stop,KSFX,2013,5,60
valid_stop,KSFX,2014,1,85
valid_stop,KSFX,2014,2,134
valid_stop,KSFX,2014,3,165
valid_stop,KSFX,2014,4,200
valid_stop,KSFX,2014,5,210
valid_stop,KSFX,2015,1,133
valid_stop,KSFX,2015,2,194
valid_stop,KSFX,2015,3,222
valid_stop,KSFX,2015,4,240
valid_stop,KSFX,2015,5,265
valid_stop,KSFX,2016,1,133
valid_stop,KSFX,2016,2,212
valid_stop,KSFX,2016,3,264
valid_stop,KSFX,2016,4,312
valid_stop,KSFX,2016,5,350
valid_stop,KSFX,2017,1,14
valid_stop,KSFX,2017,2,16
valid_stop,KSFX,2017,3,9
valid_stop,KSFX,2017,4,4
valid_stop,KSFX,2018,1,37
valid_stop,KSFX,2018,2,48
valid_stop,KSFX,2018,3,42
valid_stop,KSFX,2018,4,32
valid_stop,KSFX,2018,5,20
valid_stop,KSFX,2019,1,47
valid_stop,KSFX,2019,2,70
valid_stop,KSFX,2019,3,81
valid_stop,KSFX,2019,4,80
valid_stop,KSFX,2019,5,85
valid_stop,KSFX,2020,1,141
valid_stop,KSFX,2020,2,240
valid_stop,KSFX,2020,3,324
valid_stop,KSFX,2020,4,400
valid_stop,KSFX,2020,5,455
valid_stop,KSFX,2021,1,31
valid_stop,KSFX,2021,2,34
valid_stop,KSFX,2021,3,18
valid_stop,KSFX,2021,4,12
valid_stop,KSFX,2022,1,95
valid_stop,KSFX,2022,2,160
valid_stop,KSFX,2022,3,207
valid_stop,KSFX,2022,4,248
valid_stop,KSFX,2022,5,275
valid_stop,KSFX,2023,1,66
valid_stop,KSFX,2023,2,96
valid_stop,KSFX,2023,3,102
valid_stop,KSFX,2023,4,116
valid_stop,KSFX,2023,5,130
valid_stop,KSFX,2024,1,24
valid_stop,KSFX,2024,2,28
valid_stop,KSFX,2024,3,39
valid_stop,KSFX,2024,4,48
valid_stop,KSFX,2024,5,55
valid_stop,KSGF,2013,1,323
valid_stop,KSGF,2013,2,568
valid_stop,KSGF,2013,3,750
valid_stop,KSGF,2013,4,888
valid_stop,KSGF,2013,5,1005
valid_stop,KSGF,2014,1,135
valid_stop,KSGF,2014,2,238
valid_stop,KSGF,2014,3,315
valid_stop,KSGF,2014,4,368
valid_stop,KSGF,2014,5,405
valid_stop,KSGF,2015,1,121
valid_stop,KSGF,2015,2,210
valid_stop,KSGF,2015,3,285
valid_stop,KSGF,2015,4,344
valid_stop,KSGF,2015,5,400
valid_stop,KSGF,2016,1,277
valid_stop,KSGF,2016,2,468
valid_stop,KSGF,2016,3,639
valid_stop,KSGF,2016,4,760
valid_stop,KSGF,2016,5,840
valid_stop,KSGF,2017,1,254
valid_stop,KSGF,2017,2,438
valid_stop,KSGF,2017,3,573
valid_stop,KSGF,2017,4,672
valid_stop,KSGF,2017,5,740
valid_stop,KSGF,2018,1,104
valid_stop,KSGF,2018,2,168
valid_stop,KSGF,2018,3,198
valid_stop,KSGF,2018,4,200
valid_stop,KSGF,2018,5,190
valid_stop,KSGF,2019,1,170
valid_stop,KSGF,2019,2,322
valid_stop,KSGF,2019,3,450
valid_stop,KSGF,2019,4,544
valid_stop,KSGF,2019,5,600
valid_stop,KSGF,2020,1,133
valid_stop,KSGF,2020,2,220
valid_stop,KSGF,2020,3,282
valid_stop,KSGF,2020,4,324
valid_stop,KSGF,2020,5,375
valid_stop,KSGF,2021,1,228
valid_stop,KSGF,2021,2,360
valid_stop,KSGF,2021,3,465
valid_stop,KSGF,2021,4,532
valid_stop,KSGF,2021,5,565
valid_stop,KSGF,2022,1,263
valid_stop,KSGF,2022,2,440
valid_stop,KSGF,2022,3,591
valid_stop,KSGF,2022,4,712
valid_stop,KSGF,2022,5,810
valid_stop,KSGF,2023,1,214
valid_stop,KSGF,2023,2,380
valid_stop,KSGF,2023,3,495
valid_stop,KSGF,2023,4,556
valid_stop,KSGF,2023,5,575
valid_stop,KSGF,2024,1,177
valid_stop,KSGF,2024,2,326
valid_stop,KSGF,2024,3,435
valid_stop,KSGF,2024,4,516
valid_stop,KSGF,2024,5,570
valid_stop,KSHV,2013,1,163
valid_stop,KSHV,2013,2,288
valid_stop,KSHV,2013,3,393
valid_stop,KSHV,2013,4,468
valid_stop,KSHV,2013,5,520
valid_stop,KSHV,2014,1,159
valid_stop,KSHV,2014,2,246
valid_stop,KSHV,2014,3,303
valid_stop,KSHV,2014,4,348
valid_stop,KSHV,2014,5,365
valid_stop,KSHV,2015,1,234
valid_stop,KSHV,2015,2,402
valid_stop,KSHV,2015,3,555
valid_stop,KSHV,2015,4,672
valid_stop,KSHV,2015,5,790
valid_stop,KSHV,2016,1,156
valid_stop,KSHV,2016,2,284
valid_stop,KSHV,2016,3,399
valid_stop,KSHV,2016,4,496
valid_stop,KSHV,2016,5,560
valid_stop,KSHV,2017,1,173
valid_stop,KSHV,2017,2,292
valid_stop,KSHV,2017,3,366
valid_stop,KSHV,2017,4,412
valid_stop,KSHV,2017,5,430
valid_stop,KSHV,2018,1,205
valid_stop,KSHV,2018,2,344
valid_stop,KSHV,2018,3,441
valid_stop,KSHV,2018,4,520
valid_stop,KSHV,2018,5,585
valid_stop,KSHV,2019,1,223
valid_stop,KSHV,2019,2,386
valid_stop,KSHV,2019,3,513
valid_stop,KSHV,2019,4,628
valid_stop,KSHV,2019,5,735
valid_stop,KSHV,2020,1,155
valid_stop,KSHV,2020,2,274
valid_stop,KSHV,2020,3,366
valid_stop,KSHV,2020,4,428
valid_stop,KSHV,2020,5,455
valid_stop,KSHV,2021,1,118
valid_stop,KSHV,2021,2,190
valid_stop,KSHV,2021,3,240
valid_stop,KSHV,2021,4,268
valid_stop,KSHV,2021,5,285
valid_stop,KSHV,2022,1,271
valid_stop,KSHV,2022,2,514
valid_stop,KSHV,2022,3,738
valid_stop,KSHV,2022,4,932
valid_stop,KSHV,2022,5,1085
valid_stop,KSHV,2023,1,141
valid_stop,KSHV,2023,2,252
valid_stop,KSHV,2023,3,351
valid_stop,KSHV,2023,4,428
valid_stop,KSHV,2023,5,505
valid_stop,KSHV,2024,1,42
valid_stop,KSHV,2024,2,74
valid_stop,KSHV,2024,3,96
valid_stop,KSHV,2024,4,120
valid_stop,KSHV,2024,5,140
valid_stop,KSJT,2013,1,162
valid_stop,KSJT,2013,2,248
valid_stop,KSJT,2013,3,294
valid_stop,KSJT,2013,4,308
valid_stop,KSJT,2013,5,310
valid_stop,KSJT,2014,1,118
valid_stop,KSJT,2014,2,188
valid_stop,KSJT,2014,3,246
valid_stop,KSJT,2014,4,284
valid_stop,KSJT,2014,5,290
valid_stop,KSJT,2015,1,77
valid_stop,KSJT,2015,2,118
valid_stop,KSJT,2015,3,153
valid_stop,KSJT,2015,4,180
valid_stop,KSJT,2015,5,205
valid_stop,KSJT,2016,1,142
valid_stop,KSJT,2016,2,258
valid_stop,KSJT,2016,3,342
valid_stop,KSJT,2016,4,384
valid_stop,KSJT,2016,5,410
valid_stop,KSJT,2017,1,110
valid_stop,KSJT,2017,2,192
valid_stop,KSJT,2017,3,264
valid_stop,KSJT,2017,4,320
valid_stop,KSJT,2017,5,335
valid_stop,KSJT,2018,1,92
valid_stop,KSJT,2018,2,134
valid_stop,KSJT,2018,3,147
valid_stop,KSJT,2018,4,144
valid_stop,KSJT,2018,5,125
valid_stop,KSJT,2019,1,62
valid_stop,KSJT,2019,2,92
valid_stop,KSJT,2019,3,93
valid_stop,KSJT,2019,4,88
valid_stop,KSJT,2019,5,90
valid_stop,KSJT,2020,1,170
valid_stop,KSJT,2020,2,280
valid_stop,KSJT,2020,3,369
valid_stop,KSJT,2020,4,432
valid_stop,KSJT,2020,5,505
valid_stop,KSJT,2021,1,95
valid_stop,KSJT,2021,2,178
valid_stop,KSJT,2021,3,249
valid_stop,KSJT,2021,4,316
valid_stop,KSJT,2021,5,370
valid_stop,KSJT,2022,1,84
valid_stop,KSJT,2022,2,126
valid_stop,KSJT,2022,3,126
valid_stop,KSJT,2022,4,108
valid_stop,KSJT,2022,5,70
valid_stop,KSJT,2023,1,115
valid_stop,KSJT,2023,2,204
valid_stop,KSJT,2023,3,273
valid_stop,KSJT,2023,4,332
valid_stop,KSJT,2023,5,370
valid_stop,KSJT,2024,1,139
valid_stop,KSJT,2024,2,254
valid_stop,KSJT,2024,3,342
valid_stop,KSJT,2024,4,412
valid_stop,KSJT,2024,5,460
valid_stop,KSOX,2013,1,99
valid_stop,KSOX,2013,2,174
valid_stop,KSOX,2013,3,237
valid_stop,KSOX,2013,4,300
valid_stop,KSOX,2013,5,360
valid_stop,KSOX,2014,1,61
valid_stop,KSOX,2014,2,118
valid_stop,KSOX,2014,3,165
valid_stop,KSOX,2014,4,212
valid_stop,KSOX,2014,5,250
valid_stop,KSOX,2015,1,11
valid_stop,KSOX,2015,2,10
valid_stop,KSOX,2016,1,18
valid_stop,KSOX,2016,2,32
valid_stop,KSOX,2016,3,45
valid_stop,KSOX,2016,4,60
valid_stop,KSOX,2016,5,75
valid_stop,KSOX,2017,1,84
valid_stop,KSOX,2017,2,164
valid_stop,KSOX,2017,3,240
valid_stop,KSOX,2017,4,312
valid_stop,KSOX,2017,5,365
valid_stop,KSOX,2018,1,33
valid_stop,KSOX,2018,2,52
valid_stop,KSOX,2018,3,60
valid_stop,KSOX,2018,4,64
valid_stop,KSOX,2018,5,70
valid_stop,KSOX,2019,1,147
valid_stop,KSOX,2019,2,270
valid_stop,KSOX,2019,3,381
valid_stop,KSOX,2019,4,480
valid_stop,KSOX,2019,5,575
valid_stop,KSOX,2020,1,45
valid_stop,KSOX,2020,2,68
valid_stop,KSOX,2020,3,81
valid_stop,KSOX,2020,4,72
valid_stop,KSOX,2020,5,60
valid_stop,KSOX,2021,1,116
valid_stop,KSOX,2021,2,206
valid_stop,KSOX,2021,3,258
valid_stop,KSOX,2021,4,284
valid_stop,KSOX,2021,5,275
valid_stop,KSOX,2022,1,56
valid_stop,KSOX,2022,2,84
valid_stop,KSOX,2022,3,87
valid_stop,KSOX,2022,4,80
valid_stop,KSOX,2022,5,80
valid_stop,KSOX,2023,1,86
valid_stop,KSOX,2023,2,162
valid_stop,KSOX,2023,3,222
valid_stop,KSOX,2023,4,264
valid_stop,KSOX,2023,5,275
valid_stop,KSOX,2024,1,37
valid_stop,KSOX,2024,2,70
valid_stop,KSOX,2024,3,102
valid_stop,KSOX,2024,4,128
valid_stop,KSOX,2024,5,150
valid_stop,KSRX,2013,1,156
valid_stop,KSRX,2013,2,254
valid_stop,KSRX,2013,3,327
valid_stop,KSRX,2013,4,380
valid_stop,KSRX,2013,5,430
valid_stop,KSRX,2014,1,264
valid_stop,KSRX,2014,2,474
valid_stop,KSRX,2014,3,651
valid_stop,KSRX,2014,4,808
valid_stop,KSRX,2014,5,925
valid_stop,KSRX,2015,1,121
valid_stop,KSRX,2015,2,190
valid_stop,KSRX,2015,3,249
valid_stop,KSRX,2015,4,280
valid_stop,KSRX,2015,5,305
valid_stop,KSRX,2016,1,245
valid_stop,KSRX,2016,2,414
valid_stop,KSRX,2016,3,519
valid_stop,KSRX,2016,4,616
valid_stop,KSRX,2016,5,705
valid_stop,KSRX,2017,1,78
valid_stop,KSRX,2017,2,126
valid_stop,KSRX,2017,3,153
valid_stop,KSRX,2017,4,156
valid_stop,KSRX,2017,5,150
valid_stop,KSRX,2018,1,189
valid_stop,KSRX,2018,2,316
valid_stop,KSRX,2018,3,381
valid_stop,KSRX,2018,4,416
valid_stop,KSRX,2018,5,445
valid_stop,KSRX,2019,1,249
valid_stop,KSRX,2019,2,440
valid_stop,KSRX,2019,3,588
valid_stop,KSRX,2019,4,692
valid_stop,KSRX,2019,5,770
valid_stop,KSRX,2020,1,260
valid_stop,KSRX,2020,2,448
valid_stop,KSRX,2020,3,579
valid_stop,KSRX,2020,4,684
valid_stop,KSRX,2020,5,795
valid_stop,KSRX,2021,1,171
valid_stop,KSRX,2021,2,292
valid_stop,KSRX,2021,3,387
valid_stop,KSRX,2021,4,480
valid_stop,KSRX,2021,5,570
valid_stop,KSRX,2022,1,219
valid_stop,KSRX,2022,2,418
valid_stop,KSRX,2022,3,603
valid_stop,KSRX,2022,4,760
valid_stop,KSRX,2022,5,890
valid_stop,KSRX,2023,1,113
valid_stop,KSRX,2023,2,198
valid_stop,KSRX,2023,3,255
valid_stop,KSRX,2023,4,292
valid_stop,KSRX,2023,5,300
valid_stop,KSRX,2024,1,215
valid_stop,KSRX,2024,2,356
valid_stop,KSRX,2024,3,450
valid_stop,KSRX,2024,4,548
valid_stop,KSRX,2024,5,635
valid_stop,KTBW,2013,1,171
valid_stop,KTBW,2013,2,266
valid_stop,KTBW,2013,3,327
valid_stop,KTBW,2013,4,340
valid_stop,KTBW,2013,5,315
valid_stop,KTBW,2014,1,76
valid_stop,KTBW,2014,2,128
valid_stop,KTBW,2014,3,180
valid_stop,KTBW,2014,4,228
valid_stop,KTBW,2014,5,270
valid_stop,KTBW,2015,1,90
valid_stop,KTBW,2015,2,136
valid_stop,KTBW,2015,3,162
valid_stop,KTBW,2015,4,180
valid_stop,KTBW,2015,5,190
valid_stop,KTBW,2016,1,144
valid_stop,KTBW,2016,2,236
valid_stop,KTBW,2016,3,303
valid_stop,KTBW,2016,4,352
valid_stop,KTBW,2016,5,410
valid_stop,KTBW,2017,1,104
valid_stop,KTBW,2017,2,126
valid_stop,KTBW,2017,3,138
valid_stop,KTBW,2017,4,140
valid_stop,KTBW,2017,5,140
valid_stop,KTBW,2018,1,296
valid_stop,KTBW,2018,2,500
valid_stop,KTBW,2018,3,645
valid_stop,KTBW,2018,4,748
valid_stop,KTBW,2018,5,795
valid_stop,KTBW,2019,1,118
valid_stop,KTBW,2019,2,182
valid_stop,KTBW,2019,3,219
valid_stop,KTBW,2019,4,256
valid_stop,KTBW,2019,5,285
valid_stop,KTBW,2020,1,70
valid_stop,KTBW,2020,2,96
valid_stop,KTBW,2020,3,102
valid_stop,KTBW,2020,4,96
valid_stop,KTBW,2020,5,90
valid_stop,KTBW,2021,1,90
valid_stop,KTBW,2021,2,144
valid_stop,KTBW,2021,3,192
valid_stop,KTBW,2021,4,244
valid_stop,KTBW,2021,5,290
valid_stop,KTBW,2022,1,118
valid_stop,KTBW,2022,2,186
valid_stop,KTBW,2022,3,249
valid_stop,KTBW,2022,4,316
valid_stop,KTBW,2022,5,370
valid_stop,KTBW,2023,1,60
valid_stop,KTBW,2023,2,90
valid_stop,KTBW,2023,3,102
valid_stop,KTBW,2023,4,112
valid_stop,KTBW,2023,5,110
valid_stop,KTBW,2024,1,108
valid_stop,KTBW,2024,2,138
valid_stop,KTBW,2024,3,144
valid_stop,KTBW,2024,4,164
valid_stop,KTBW,2024,5,175
valid_stop,KTLH,2013,1,200
valid_stop,KTLH,2013,2,304
valid_stop,KTLH,2013,3,342
valid_stop,KTLH,2013,4,364
valid_stop,KTLH,2013,5,385
valid_stop,KTLH,2014,1,153
valid_stop,KTLH,2014,2,216
valid_stop,KTLH,2014,3,246
valid_stop,KTLH,2014,4,264
valid_stop,KTLH,2014,5,260
valid_stop,KTLH,2015,1,165
valid_stop,KTLH,2015,2,278
valid_stop,KTLH,2015,3,351
valid_stop,KTLH,2015,4,408
valid_stop,KTLH,2015,5,425
valid_stop,KTLH,2016,1,166
valid_stop,KTLH,2016,2,276
valid_stop,KTLH,2016,3,333
valid_stop,KTLH,2016,4,344
valid_stop,KTLH,2016,5,320
valid_stop,KTLH,2017,1,155
valid_stop,KTLH,2017,2,232
valid_stop,KTLH,2017,3,270
valid_stop,KTLH,2017,4,304
valid_stop,KTLH,2017,5,335
valid_stop,KTLH,2018,1,135
valid_stop,KTLH,2018,2,218
valid_stop,KTLH,2018,3,273
valid_stop,KTLH,2018,4,300
valid_stop,KTLH,2018,5,305
valid_stop,KTLH,2019,1,237
valid_stop,KTLH,2019,2,386
valid_stop,KTLH,2019,3,495
valid_stop,KTLH,2019,4,580
valid_stop,KTLH,2019,5,650
valid_stop,KTLH,2020,1,89
valid_stop,KTLH,2020,2,136
valid_stop,KTLH,2020,3,180
valid_stop,KTLH,2020,4,216
valid_stop,KTLH,2020,5,230
valid_stop,KTLH,2021,1,231
valid_stop,KTLH,2021,2,380
valid_stop,KTLH,2021,3,486
valid_stop,KTLH,2021,4,576
valid_stop,KTLH,2021,5,665
valid_stop,KTLH,2022,1,96
valid_stop,KTLH,2022,2,146
valid_stop,KTLH,2022,3,162
valid_stop,KTLH,2022,4,140
valid_stop,KTLH,2022,5,110
valid_stop,KTLH,2023,1,140
valid_stop,KTLH,2023,2,238
valid_stop,KTLH,2023,3,303
valid_stop,KTLH,2023,4,356
valid_stop,KTLH,2023,5,400
valid_stop,KTLH,2024,1,140
valid_stop,KTLH,2024,2,222
valid_stop,KTLH,2024,3,258
valid_stop,KTLH,2024,4,276
valid_stop,KTLH,2024,5,260
valid_stop,KTLX,2013,1,73
valid_stop,KTLX,2013,2,120
valid_stop,KTLX,2013,3,138
valid_stop,KTLX,2013,4,132
valid_stop,KTLX,2013,5,110
valid_stop,KTLX,2014,1,96
valid_stop,KTLX,2014,2,140
valid_stop,KTLX,2014,3,159
valid_stop,KTLX,2014,4,192
valid_stop,KTLX,2014,5,235
valid_stop,KTLX,2015,1,26
valid_stop,KTLX,2015,2,30
valid_stop,KTLX,2015,3,33
valid_stop,KTLX,2015,4,28
valid_stop,KTLX,2015,5,15
valid_stop,KTLX,2016,1,118
valid_stop,KTLX,2016,2,196
valid_stop,KTLX,2016,3,273
valid_stop,KTLX,2016,4,320
valid_stop,KTLX,2016,5,335
valid_stop,KTLX,2017,1,63
valid_stop,KTLX,2017,2,104
valid_stop,KTLX,2017,3,129
valid_stop,KTLX,2017,4,140
valid_stop,KTLX,2017,5,150
valid_stop,KTLX,2018,1,100
valid_stop,KTLX,2018,2,178
valid_stop,KTLX,2018,3,234
valid_stop,KTLX,2018,4,244
valid_stop,KTLX,2018,5,230
valid_stop,KTLX,2019,1,243
valid_stop,KTLX,2019,2,424
valid_stop,KTLX,2019,3,567
valid_stop,KTLX,2019,4,644
valid_stop,KTLX,2019,5,675
valid_stop,KTLX,2020,1,103
valid_stop,KTLX,2020,2,174
valid_stop,KTLX,2020,3,243
valid_stop,KTLX,2020,4,312
valid_stop,KTLX,2020,5,390
valid_stop,KTLX,2021,1,303
valid_stop,KTLX,2021,2,540
valid_stop,KTLX,2021,3,744
valid_stop,KTLX,2021,4,916
valid_stop,KTLX,2021,5,1040
valid_stop,KTLX,2022,1,234
valid_stop,KTLX,2022,2,410
valid_stop,KTLX,2022,3,555
valid_stop,KTLX,2022,4,656
valid_stop,KTLX,2022,5,700
valid_stop,KTLX,2023,1,185
valid_stop,KTLX,2023,2,344
valid_stop,KTLX,2023,3,495
valid_stop,KTLX,2023,4,636
valid_stop,KTLX,2023,5,755
valid_stop,KTLX,2024,1,155
valid_stop,KTLX,2024,2,256
valid_stop,KTLX,2024,3,333
valid_stop,KTLX,2024,4,384
valid_stop,KTLX,2024,5,415
valid_stop,KTWX,2013,1,77
valid_stop,KTWX,2013,2,134
valid_stop,KTWX,2013,3,177
valid_stop,KTWX,2013,4,204
valid_stop,KTWX,2013,5,235
valid_stop,KTWX,2014,1,95
valid_stop,KTWX,2014,2,170
valid_stop,KTWX,2014,3,219
valid_stop,KTWX,2014,4,236
valid_stop,KTWX,2014,5,210
valid_stop,KTWX,2015,1,102
valid_stop,KTWX,2015,2,176
valid_stop,KTWX,2015,3,243
valid_stop,KTWX,2015,4,300
valid_stop,KTWX,2015,5,330
valid_stop,KTWX,2016,1,140
valid_stop,KTWX,2016,2,244
valid_stop,KTWX,2016,3,327
valid_stop,KTWX,2016,4,404
valid_stop,KTWX,2016,5,475
valid_stop,KTWX,2017,1,30
valid_stop,KTWX,2017,2,48
valid_stop,KTWX,2017,3,60
valid_stop,KTWX,2017,4,68
valid_stop,KTWX,2017,5,70
valid_stop,KTWX,2018,1,225
valid_stop,KTWX,2018,2,396
valid_stop,KTWX,2018,3,534
valid_stop,KTWX,2018,4,652
valid_stop,KTWX,2018,5,710
valid_stop,KTWX,2019,1,93
valid_stop,KTWX,2019,2,160
valid_stop,KTWX,2019,3,207
valid_stop,KTWX,2019,4,248
valid_stop,KTWX,2019,5,290
valid_stop,KTWX,2020,1,118
valid_stop,KTWX,2020,2,210
valid_stop,KTWX,2020,3,300
valid_stop,KTWX,2020,4,392
valid_stop,KTWX,2020,5,470
valid_stop,KTWX,2021,1,98
valid_stop,KTWX,2021,2,168
valid_stop,KTWX,2021,3,228
valid_stop,KTWX,2021,4,280
valid_stop,KTWX,2021,5,295
valid_stop,KTWX,2022,1,206
valid_stop,KTWX,2022,2,392
valid_stop,KTWX,2022,3,552
valid_stop,KTWX,2022,4,692
valid_stop,KTWX,2022,5,785
valid_stop,KTWX,2023,1,87
valid_stop,KTWX,2023,2,156
valid_stop,KTWX,2023,3,210
valid_stop,KTWX,2023,4,248
valid_stop,KTWX,2023,5,275
valid_stop,KTWX,2024,1,221
valid_stop,KTWX,2024,2,402
valid_stop,KTWX,2024,3,564
valid_stop,KTWX,2024,4,712
valid_stop,KTWX,2024,5,830
valid_stop,KTYX,2013,1,67
valid_stop,KTYX,2013,2,96
valid_stop,KTYX,2013,3,105
valid_stop,KTYX,2013,4,96
valid_stop,KTYX,2013,5,80
valid_stop,KTYX,2014,1,104
valid_stop,KTYX,2014,2,170
valid_stop,KTYX,2014,3,204
valid_stop,KTYX,2014,4,216
valid_stop,KTYX,2014,5,230
valid_stop,KTYX,2015,1,19
valid_stop,KTYX,2015,2,34
valid_stop,KTYX,2015,3,36
valid_stop,KTYX,2015,4,36
valid_stop,KTYX,2015,5,25
valid_stop,KTYX,2016,1,79
valid_stop,KTYX,2016,2,110
valid_stop,KTYX,2016,3,132
valid_stop,KTYX,2016,4,152
valid_stop,KTYX,2016,5,165
valid_stop,KTYX,2017,1,44
valid_stop,KTYX,2017,2,74
valid_stop,KTYX,2017,3,93
valid_stop,KTYX,2017,4,104
valid_stop,KTYX,2017,5,105
valid_stop,KTYX,2018,1,29
valid_stop,KTYX,2018,2,36
valid_stop,KTYX,2018,3,33
valid_stop,KTYX,2018,4,24
valid_stop,KTYX,2018,5,20
valid_stop,KTYX,2019,1,86
valid_stop,KTYX,2019,2,118
valid_stop,KTYX,2019,3,114
valid_stop,KTYX,2019,4,88
valid_stop,KTYX,2019,5,75
valid_stop,KTYX,2020,1,90
valid_stop,KTYX,2020,2,138
valid_stop,KTYX,2020,3,156
valid_stop,KTYX,2020,4,156
valid_stop,KTYX,2020,5,130
valid_stop,KTYX,2021,1,102
valid_stop,KTYX,2021,2,160
valid_stop,KTYX,2021,3,201
valid_stop,KTYX,2021,4,212
valid_stop,KTYX,2021,5,180
valid_stop,KTYX,2022,1,122
valid_stop,KTYX,2022,2,196
valid_stop,KTYX,2022,3,237
valid_stop,KTYX,2022,4,232
valid_stop,KTYX,2022,5,195
valid_stop,KTYX,2023,1,81
valid_stop,KTYX,2023,2,118
valid_stop,KTYX,2023,3,138
valid_stop,KTYX,2023,4,144
valid_stop,KTYX,2023,5,125
valid_stop,KTYX,2024,1,118
valid_stop,KTYX,2024,2,216
valid_stop,KTYX,2024,3,291
valid_stop,KTYX,2024,4,328
valid_stop,KTYX,2024,5,320
valid_stop,KUDX,2013,1,20
valid_stop,KUDX,2013,2,24
valid_stop,KUDX,2013,3,12
valid_stop,KUDX,2013,4,12
valid_stop,KUDX,2013,5,15
valid_stop,KUDX,2014,1,94
valid_stop,KUDX,2014,2,166
valid_stop,KUDX,2014,3,195
valid_stop,KUDX,2014,4,188
valid_stop,KUDX,2014,5,150
valid_stop,KUDX,2015,1,121
valid_stop,KUDX,2015,2,212
valid_stop,KUDX,2015,3,276
valid_stop,KUDX,2015,4,316
valid_stop,KUDX,2015,5,350
valid_stop,KUDX,2016,1,58
valid_stop,KUDX,2016,2,82
valid_stop,KUDX,2016,3,84
valid_stop,KUDX,2016,4,80
valid_stop,KUDX,2016,5,60
valid_stop,KUDX,2017,1,100
valid_stop,KUDX,2017,2,166
valid_stop,KUDX,2017,3,213
valid_stop,KUDX,2017,4,236
valid_stop,KUDX,2017,5,235
valid_stop,KUDX,2018,1,76
valid_stop,KUDX,2018,2,122
valid_stop,KUDX,2018,3,141
valid_stop,KUDX,2018,4,136
valid_stop,KUDX,2018,5,120
valid_stop,KUDX,2019,1,108
valid_stop,KUDX,2019,2,184
valid_stop,KUDX,2019,3,240
valid_stop,KUDX,2019,4,272
valid_stop,KUDX,2019,5,270
valid_stop,KUDX,2020,1,106
valid_stop,KUDX,2020,2,170
valid_stop,KUDX,2020,3,213
valid_stop,KUDX,2020,4,260
valid_stop,KUDX,2020,5,305
valid_stop,KUDX,2021,1,96
valid_stop,KUDX,2021,2,176
valid_stop,KUDX,2021,3,240
valid_stop,KUDX,2021,4,304
valid_stop,KUDX,2021,5,370
valid_stop,KUDX,2022,1,7
valid_stop,KUDX,2022,2,6
valid_stop,KUDX,2023,1,47
valid_stop,KUDX,2023,2,64
valid_stop,KUDX,2023,3,69
valid_stop,KUDX,2023,4,72
valid_stop,KUDX,2023,5,75
valid_stop,KUDX,2024,1,160
valid_stop,KUDX,2024,2,282
valid_stop,KUDX,2024,3,381
valid_stop,KUDX,2024,4,476
valid_stop,KUDX,2024,5,545
valid_stop,KUEX,2013,1,18
valid_stop,KUEX,2013,2,22
valid_stop,KUEX,2013,3,21
valid_stop,KUEX,2013,4,16
valid_stop,KUEX,2013,5,10
valid_stop,KUEX,2014,1,134
valid_stop,KUEX,2014,2,226
valid_stop,KUEX,2014,3,291
valid_stop,KUEX,2014,4,344
valid_stop,KUEX,2014,5,390
valid_stop,KUEX,2015,1,101
valid_stop,KUEX,2015,2,166
valid_stop,KUEX,2015,3,213
valid_stop,KUEX,2015,4,264
valid_stop,KUEX,2015,5,320
valid_stop,KUEX,2016,1,171
valid_stop,KUEX,2016,2,264
valid_stop,KUEX,2016,3,297
valid_stop,KUEX,2016,4,288
valid_stop,KUEX,2016,5,295
valid_stop,KUEX,2017,1,50
valid_stop,KUEX,2017,2,70
valid_stop,KUEX,2017,3,90
valid_stop,KUEX,2017,4,112
valid_stop,KUEX,2017,5,135
valid_stop,KUEX,2018,1,113
valid_stop,KUEX,2018,2,172
valid_stop,KUEX,2018,3,201
valid_stop,KUEX,2018,4,220
valid_stop,KUEX,2018,5,245
valid_stop,KUEX,2019,1,111
valid_stop,KUEX,2019,2,178
valid_stop,KUEX,2019,3,231
valid_stop,KUEX,2019,4,252
valid_stop,KUEX,2019,5,260
valid_stop,KUEX,2020,1,210
valid_stop,KUEX,2020,2,344
valid_stop,KUEX,2020,3,423
valid_stop,KUEX,2020,4,472
valid_stop,KUEX,2020,5,495
valid_stop,KUEX,2021,1,27
valid_stop,KUEX,2021,2,30
valid_stop,KUEX,2021,3,21
valid_stop,KUEX,2021,4,16
valid_stop,KUEX,2021,5,15
valid_stop,KUEX,2022,1,113
valid_stop,KUEX,2022,2,198
valid_stop,KUEX,2022,3,261
valid_stop,KUEX,2022,4,324
valid_stop,KUEX,2022,5,385
valid_stop,KUEX,2023,1,62
valid_stop,KUEX,2023,2,98
valid_stop,KUEX,2023,3,120
valid_stop,KUEX,2023,4,136
valid_stop,KUEX,2023,5,140
valid_stop,KUEX,2024,1,129
valid_stop,KUEX,2024,2,230
valid_stop,KUEX,2024,3,300
valid_stop,KUEX,2024,4,344
valid_stop,KUEX,2024,5,380
valid_stop,KVAX,2013,1,38
valid_stop,KVAX,2013,2,64
valid_stop,KVAX,2013,3,84
valid_stop,KVAX,2013,4,100
valid_stop,KVAX,2013,5,90
valid_stop,KVAX,2014,1,138
valid_stop,KVAX,2014,2,248
valid_stop,KVAX,2014,3,321
valid_stop,KVAX,2014,4,384
valid_stop,KVAX,2014,5,420
valid_stop,KVAX,2015,1,285
valid_stop,KVAX,2015,2,426
valid_stop,KVAX,2015,3,501
valid_stop,KVAX,2015,4,536
valid_stop,KVAX,2015,5,545
valid_stop,KVAX,2016,1,108
valid_stop,KVAX,2016,2,170
valid_stop,KVAX,2016,3,177
valid_stop,KVAX,2016,4,168
valid_stop,KVAX,2016,5,160
valid_stop,KVAX,2017,1,98
valid_stop,KVAX,2017,2,158
valid_stop,KVAX,2017,3,189
valid_stop,KVAX,2017,4,208
valid_stop,KVAX,2017,5,215
valid_stop,KVAX,2018,1,151
valid_stop,KVAX,2018,2,210
valid_stop,KVAX,2018,3,213
valid_stop,KVAX,2018,4,172
valid_stop,KVAX,2018,5,135
valid_stop,KVAX,2019,1,179
valid_stop,KVAX,2019,2,276
valid_stop,KVAX,2019,3,327
valid_stop,KVAX,2019,4,356
valid_stop,KVAX,2019,5,385
valid_stop,KVAX,2020,1,174
valid_stop,KVAX,2020,2,294
valid_stop,KVAX,2020,3,369
valid_stop,KVAX,2020,4,424
valid_stop,KVAX,2020,5,450
valid_stop,KVAX,2021,1,252
valid_stop,KVAX,2021,2,366
valid_stop,KVAX,2021,3,393
valid_stop,KVAX,2021,4,444
valid_stop,KVAX,2021,5,500
valid_stop,KVAX,2022,1,108
valid_stop,KVAX,2022,2,156
valid_stop,KVAX,2022,3,174
valid_stop,KVAX,2022,4,192
valid_stop,KVAX,2022,5,200
valid_stop,KVAX,2023,1,207
valid_stop,KVAX,2023,2,378
valid_stop,KVAX,2023,3,513
valid_stop,KVAX,2023,4,628
valid_stop,KVAX,2023,5,735
valid_stop,KVAX,2024,1,33
valid_stop,KVAX,2024,2,58
valid_stop,KVAX,2024,3,78
valid_stop,KVAX,2024,4,92
valid_stop,KVAX,2024,5,105
valid_stop,KVNX,2013,1,164
valid_stop,KVNX,2013,2,280
valid_stop,KVNX,2013,3,348
valid_stop,KVNX,2013,4,364
valid_stop,KVNX,2013,5,350
valid_stop,KVNX,2014,1,170
valid_stop,KVNX,2014,2,290
valid_stop,KVNX,2014,3,387
valid_stop,KVNX,2014,4,464
valid_stop,KVNX,2014,5,530
valid_stop,KVNX,2015,1,77
valid_stop,KVNX,2015,2,132
valid_stop,KVNX,2015,3,177
valid_stop,KVNX,2015,4,224
valid_stop,KVNX,2015,5,275
valid_stop,KVNX,2016,1,47
valid_stop,KVNX,2016,2,84
valid_stop,KVNX,2016,3,108
valid_stop,KVNX,2016,4,112
valid_stop,KVNX,2016,5,100
valid_stop,KVNX,2017,1,91
valid_stop,KVNX,2017,2,154
valid_stop,KVNX,2017,3,201
valid_stop,KVNX,2017,4,240
valid_stop,KVNX,2017,5,275
valid_stop,KVNX,2018,1,106
valid_stop,KVNX,2018,2,182
valid_stop,KVNX,2018,3,243
valid_stop,KVNX,2018,4,276
valid_stop,KVNX,2018,5,280
valid_stop,KVNX,2019,1,84
valid_stop,KVNX,2019,2,126
valid_stop,KVNX,2019,3,153
valid_stop,KVNX,2019,4,152
valid_stop,KVNX,2019,5,135
valid_stop,KVNX,2020,1,121
valid_stop,KVNX,2020,2,202
valid_stop,KVNX,2020,3,264
valid_stop,KVNX,2020,4,324
valid_stop,KVNX,2020,5,370
valid_stop,KVNX,2021,1,152
valid_stop,KVNX,2021,2,278
valid_stop,KVNX,2021,3,396
valid_stop,KVNX,2021,4,496
valid_stop,KVNX,2021,5,580
valid_stop,KVNX,2022,1,165
valid_stop,KVNX,2022,2,296
valid_stop,KVNX,2022,3,396
valid_stop,KVNX,2022,4,464
valid_stop,KVNX,2022,5,525
valid_stop,KVNX,2023,1,124
valid_stop,KVNX,2023,2,230
valid_stop,KVNX,2023,3,315
valid_stop,KVNX,2023,4,372
valid_stop,KVNX,2023,5,400
valid_stop,KVNX,2024,1,68
valid_stop,KVNX,2024,2,124
valid_stop,KVNX,2024,3,174
valid_stop,KVNX,2024,4,212
valid_stop,KVNX,2024,5,220
valid_stop,KVTX,2013,1,60
valid_stop,KVTX,2013,2,98
valid_stop,KVTX,2013,3,120
valid_stop,KVTX,2013,4,140
valid_stop,KVTX,2013,5,160
valid_stop,KVTX,2014,1,19
valid_stop,KVTX,2014,2,24
valid_stop,KVTX,2014,3,27
valid_stop,KVTX,2014,4,28
valid_stop,KVTX,2014,5,25
valid_stop,KVTX,2015,1,43
valid_stop,KVTX,2015,2,66
valid_stop,KVTX,2015,3,78
valid_stop,KVTX,2015,4,84
valid_stop,KVTX,2015,5,80
valid_stop,KVTX,2016,1,18
valid_stop,KVTX,2016,2,22
valid_stop,KVTX,2016,3,18
valid_stop,KVTX,2016,4,12
valid_stop,KVTX,2016,5,5
valid_stop,KVTX,2017,1,6
valid_stop,KVTX,2017,2,12
valid_stop,KVTX,2017,3,15
valid_stop,KVTX,2017,4,16
valid_stop,KVTX,2017,5,15
valid_stop,KVTX,2018,1,42
valid_stop,KVTX,2018,2,68
valid_stop,KVTX,2018,3,69
valid_stop,KVTX,2018,4,52
valid_stop,KVTX,2018,5,20
valid_stop,KVTX,2019,1,3
valid_stop,KVTX,2019,2,4
valid_stop,KVTX,2019,3,3
valid_stop,KVTX,2020,1,7
valid_stop,KVTX,2020,2,12
valid_stop,KVTX,2020,3,18
valid_stop,KVTX,2020,4,16
valid_stop,KVTX,2020,5,10
valid_stop,KVTX,2021,1,7
valid_stop,KVTX,2021,2,8
valid_stop,KVTX,2021,3,6
valid_stop,KVTX,2022,1,10
valid_stop,KVTX,2022,2,16
valid_stop,KVTX,2022,3,18
valid_stop,KVTX,2022,4,12
valid_stop,KVTX,2022,5,5
valid_stop,KVTX,2023,1,15
valid_stop,KVTX,2023,2,20
valid_stop,KVTX,2023,3,21
valid_stop,KVTX,2023,4,24
valid_stop,KVTX,2023,5,25
valid_stop,KVTX,2024,1,31
valid_stop,KVTX,2024,2,48
valid_stop,KVTX,2024,3,51
valid_stop,KVTX,2024,4,40
valid_stop,KVTX,2024,5,30
valid_stop,KYUX,2013,1,121
valid_stop,KYUX,2013,2,168
valid_stop,KYUX,2013,3,159
valid_stop,KYUX,2013,4,164
valid_stop,KYUX,2013,5,170
valid_stop,KYUX,2014,1,208
valid_stop,KYUX,2014,2,362
valid_stop,KYUX,2014,3,486
valid_stop,KYUX,2014,4,604
valid_stop,KYUX,2014,5,685
valid_stop,KYUX,2015,1,137
valid_stop,KYUX,2015,2,214
valid_stop,KYUX,2015,3,255
valid_stop,KYUX,2015,4,260
valid_stop,KYUX,2015,5,230
valid_stop,KYUX,2016,1,49
valid_stop,KYUX,2016,2,54
valid_stop,KYUX,2016,3,48
valid_stop,KYUX,2016,4,52
valid_stop,KYUX,2016,5,55
valid_stop,KYUX,2017,1,163
valid_stop,KYUX,2017,2,210
valid_stop,KYUX,2017,3,258
valid_stop,KYUX,2017,4,280
valid_stop,KYUX,2017,5,300
valid_stop,KYUX,2018,1,92
valid_stop,KYUX,2018,2,86
valid_stop,KYUX,2018,3,78
valid_stop,KYUX,2018,4,92
valid_stop,KYUX,2018,5,105
valid_stop,KYUX,2019,1,139
valid_stop,KYUX,2019,2,232
valid_stop,KYUX,2019,3,315
valid_stop,KYUX,2019,4,404
valid_stop,KYUX,2019,5,470
valid_stop,KYUX,2020,1,85
valid_stop,KYUX,2020,2,138
valid_stop,KYUX,2020,3,183
valid_stop,KYUX,2020,4,228
valid_stop,KYUX,2020,5,275
valid_stop,KYUX,2021,1,136
valid_stop,KYUX,2021,2,192
valid_stop,KYUX,2021,3,213
valid_stop,KYUX,2021,4,224
valid_stop,KYUX,2021,5,200
valid_stop,KYUX,2022,1,172
valid_stop,KYUX,2022,2,292
valid_stop,KYUX,2022,3,369
valid_stop,KYUX,2022,4,436
valid_stop,KYUX,2022,5,475
valid_stop,KYUX,2023,1,194
valid_stop,KYUX,2023,2,312
valid_stop,KYUX,2023,3,384
valid_stop,KYUX,2023,4,444
valid_stop,KYUX,2023,5,490
valid_stop,KYUX,2024,1,20
valid_stop,KYUX,2024,2,26
valid_stop,KYUX,2024,3,15
valid_stop,KYUX,2024,4,8
